CNPJ_Companhia;Data_Referencia;Versao;ID_Documento;Nome_Companhia;Posicao;Quantidade_Feminino;Quantidade_Masculino;Quantidade_Nao_Binario;Quantidade_Outros;Quantidade_Sem_Resposta
00.000.000/0001-91;2024-12-31;8;142110;BCO BRASIL S.A.;Liderança;3407;5884;9;17;22276
00.000.000/0001-91;2024-12-31;8;142110;BCO BRASIL S.A.;Não-liderança;6710;7823;39;35;40020
00.000.208/0001-00;2024-12-31;5;142124;BRB BANCO DE BRASILIA S.A.;Liderança;166;258;2;1;306
00.000.208/0001-00;2024-12-31;5;142124;BRB BANCO DE BRASILIA S.A.;Não-liderança;560;815;0;6;1262
00.001.180/0001-26;2024-12-31;9;141946;CENTRAIS ELET BRAS S.A. - ELETROBRAS;Liderança;161;535;0;0;0
00.001.180/0001-26;2024-12-31;9;141946;CENTRAIS ELET BRAS S.A. - ELETROBRAS;Não-liderança;1314;6318;0;0;0
00.070.698/0001-11;2024-12-31;4;141717;COMPANHIA ENERGÉTICA DE BRASÍLIA - CEB;Liderança;10;20;0;0;0
00.070.698/0001-11;2024-12-31;4;141717;COMPANHIA ENERGÉTICA DE BRASÍLIA - CEB;Não-liderança;20;32;0;0;0
00.080.671/0001-00;2024-12-31;3;141893;CARAMURU ALIMENTOS S.A.;Liderança;54;162;0;0;0
00.080.671/0001-00;2024-12-31;3;141893;CARAMURU ALIMENTOS S.A.;Não-liderança;435;1780;0;0;0
00.194.724/0001-13;2024-12-31;3;141581;AES BRASIL OPERAÇÕES S.A.;Liderança;30;75;0;0;0
00.194.724/0001-13;2024-12-31;3;141581;AES BRASIL OPERAÇÕES S.A.;Não-liderança;181;381;0;0;0
00.242.184/0001-04;2024-12-31;3;141796;ARMAC LOCAÇÃO, LOGÍSTICA E SERVIÇOS S.A.;Liderança;57;490;0;0;0
00.242.184/0001-04;2024-12-31;3;141796;ARMAC LOCAÇÃO, LOGÍSTICA E SERVIÇOS S.A.;Não-liderança;471;4883;0;0;0
00.272.185/0001-93;2024-12-31;1;138318;CIMS S.A.;Liderança;0;0;0;0;1
00.272.185/0001-93;2024-12-31;1;138318;CIMS S.A.;Não-liderança;0;0;0;0;1
00.336.701/0001-04;2024-12-31;1;138306;TELEC BRASILEIRAS S.A. TELEBRAS;Liderança;3;44;0;0;0
00.336.701/0001-04;2024-12-31;1;138306;TELEC BRASILEIRAS S.A. TELEBRAS;Não-liderança;133;213;0;0;0
00.359.742/0001-08;2024-12-31;1;138789;ATOM EMPREENDIMENTOS E PARTICIPAÇÕES S.A.;Liderança;3;1;0;0;0
00.359.742/0001-08;2024-12-31;1;138789;ATOM EMPREENDIMENTOS E PARTICIPAÇÕES S.A.;Não-liderança;16;3;0;0;0
00.383.281/0001-09;2024-12-31;3;141735;BNDES PARTICIPACOES S.A. - BNDESPAR;Liderança;18;39;0;0;0
00.383.281/0001-09;2024-12-31;3;141735;BNDES PARTICIPACOES S.A. - BNDESPAR;Não-liderança;41;74;0;0;0
00.545.378/0001-70;2024-12-31;1;136101;SERRA AZUL WATER PARK SA;Liderança;26;32;0;0;0
00.545.378/0001-70;2024-12-31;1;136101;SERRA AZUL WATER PARK SA;Não-liderança;278;169;0;0;0
00.622.416/0001-41;2024-12-31;1;138614;STATKRAFT ENERGIAS RENOVAVEIS S.A.;Liderança;18;37;0;0;0
00.622.416/0001-41;2024-12-31;1;138614;STATKRAFT ENERGIAS RENOVAVEIS S.A.;Não-liderança;53;125;0;0;0
00.644.907/0001-93;2024-12-31;2;140017;INVESTCO S.A.;Liderança;1;4;0;0;0
00.644.907/0001-93;2024-12-31;2;140017;INVESTCO S.A.;Não-liderança;14;47;0;0;0
00.743.065/0001-27;2024-12-31;2;137996;LITEL PARTICIPACOES S.A.;Liderança;0;0;0;0;0
00.743.065/0001-27;2024-12-31;2;137996;LITEL PARTICIPACOES S.A.;Não-liderança;0;0;0;0;0
00.776.574/0001-56;2024-12-31;10;142023;AMERICANAS S.A. - EM RECUPERAÇÃO JUDICIAL;Liderança;4012;3181;0;0;0
00.776.574/0001-56;2024-12-31;10;142023;AMERICANAS S.A. - EM RECUPERAÇÃO JUDICIAL;Não-liderança;13783;12985;0;0;0
00.864.214/0001-06;2024-12-31;7;141912;ENERGISA S.A.;Liderança;266;949;0;0;0
00.864.214/0001-06;2024-12-31;7;141912;ENERGISA S.A.;Não-liderança;2967;12466;0;0;0
00.924.429/0001-75;2024-12-31;2;140568;FERROVIA CENTRO-ATLANTICA S.A.;Liderança;36;184;0;0;0
00.924.429/0001-75;2024-12-31;2;140568;FERROVIA CENTRO-ATLANTICA S.A.;Não-liderança;577;4242;0;0;0
00.938.574/0001-05;2024-12-31;3;141383;CONC RIO-TERESOPOLIS S.A.;Liderança;3;3;0;0;0
00.938.574/0001-05;2024-12-31;3;141383;CONC RIO-TERESOPOLIS S.A.;Não-liderança;10;15;0;0;0
01.027.058/0001-91;2024-12-31;10;142161;CIELO S.A. -  INSTITUIÇÃO DE PAGAMENTO;Liderança;304;464;0;0;0
01.027.058/0001-91;2024-12-31;10;142161;CIELO S.A. -  INSTITUIÇÃO DE PAGAMENTO;Não-liderança;2184;3416;0;0;0
01.083.200/0001-18;2024-12-31;5;141823;NEOENERGIA S.A.;Liderança;406;789;0;0;0
01.083.200/0001-18;2024-12-31;5;141823;NEOENERGIA S.A.;Não-liderança;2797;11701;0;0;0
01.104.937/0001-70;2024-12-31;3;139871;ELETROBRÁS PARTICIPAÇÕES S.A. - ELETROPAR;Liderança;1;0;0;0;0
01.104.937/0001-70;2024-12-31;3;139871;ELETROBRÁS PARTICIPAÇÕES S.A. - ELETROPAR;Não-liderança;2;0;0;0;0
01.107.327/0001-20;2024-12-31;4;142006;BBM LOGÍSTICA S.A.;Liderança;99;300;0;0;0
01.107.327/0001-20;2024-12-31;4;142006;BBM LOGÍSTICA S.A.;Não-liderança;881;4103;0;0;0
01.258.944/0001-26;2024-12-31;2;139644;RUMO MALHA SUL S.A.;Liderança;111;374;0;0;0
01.258.944/0001-26;2024-12-31;2;139644;RUMO MALHA SUL S.A.;Não-liderança;856;6973;0;0;0
01.417.222/0001-77;2024-12-31;3;141908;MRS LOGISTICA S.A.;Liderança;90;289;0;0;0
01.417.222/0001-77;2024-12-31;3;141908;MRS LOGISTICA S.A.;Não-liderança;989;5547;0;0;0
01.545.826/0001-07;2024-12-31;5;141958;GAFISA S.A.;Liderança;51;61;0;0;0
01.545.826/0001-07;2024-12-31;5;141958;GAFISA S.A.;Não-liderança;105;175;0;0;0
01.548.981/0001-79;2024-12-31;4;141788;INVESTIMENTOS BEMGE S.A.;Liderança;0;0;0;0;0
01.548.981/0001-79;2024-12-31;4;141788;INVESTIMENTOS BEMGE S.A.;Não-liderança;0;0;0;0;0
01.599.101/0001-93;2024-12-31;7;141720;SEQUOIA LOGÍSTICA E TRANSPORTES S.A.;Liderança;119;239;0;0;0
01.599.101/0001-93;2024-12-31;7;141720;SEQUOIA LOGÍSTICA E TRANSPORTES S.A.;Não-liderança;1387;1118;0;0;0
01.637.895/0001-32;2024-12-31;4;142116;VOTORANTIM CIMENTOS S.A.;Liderança;211;725;0;0;0
01.637.895/0001-32;2024-12-31;4;142116;VOTORANTIM CIMENTOS S.A.;Não-liderança;1201;6317;0;0;0
01.838.723/0001-27;2024-12-31;4;141516;BRF S.A.;Liderança;829;2199;0;0;0
01.838.723/0001-27;2024-12-31;4;141516;BRF S.A.;Não-liderança;40530;53114;0;0;0
01.851.771/0001-55;2024-12-31;1;138018;524 PARTICIPACOES S.A.;Liderança;0;0;0;0;0
01.851.771/0001-55;2024-12-31;1;138018;524 PARTICIPACOES S.A.;Não-liderança;0;0;0;0;0
01.896.779/0001-38;2024-12-31;2;140772;CSU DIGITAL S.A.;Liderança;199;165;0;0;0
01.896.779/0001-38;2024-12-31;2;140772;CSU DIGITAL S.A.;Não-liderança;3067;1314;0;0;0
01.917.818/0001-36;2024-12-31;3;139427;LIGHT ENERGIA S.A.;Liderança;0;6;0;0;0
01.917.818/0001-36;2024-12-31;3;139427;LIGHT ENERGIA S.A.;Não-liderança;11;179;0;0;0
01.938.783/0001-11;2024-12-31;3;141907;CIA PARTICIPACOES ALIANCA DA BAHIA;Liderança;1;6;0;0;0
01.938.783/0001-11;2024-12-31;3;141907;CIA PARTICIPACOES ALIANCA DA BAHIA;Não-liderança;14;17;0;0;0
01.957.772/0001-89;2024-12-31;1;138563;SUL 116 PARTICIPACOES S.A.;Liderança;0;2;0;0;0
01.957.772/0001-89;2024-12-31;1;138563;SUL 116 PARTICIPACOES S.A.;Não-liderança;1;2;0;0;0
01.989.044/0001-59;2024-12-31;2;138603;WTC RIO EMPREEND. E PARTICIPAÇÕES S.A.;Liderança;1;1;0;0;0
01.989.044/0001-59;2024-12-31;2;138603;WTC RIO EMPREEND. E PARTICIPAÇÕES S.A.;Não-liderança;1;0;0;0;0
02.016.440/0001-62;2024-12-31;3;141686;RGE SUL DISTRIBUIDORA DE ENERGIA S.A.;Liderança;31;135;0;0;0
02.016.440/0001-62;2024-12-31;3;141686;RGE SUL DISTRIBUIDORA DE ENERGIA S.A.;Não-liderança;583;3299;0;0;0
02.062.747/0001-08;2024-12-31;2;139763;SUDESTE S.A.;Liderança;0;0;0;0;0
02.062.747/0001-08;2024-12-31;2;139763;SUDESTE S.A.;Não-liderança;0;0;0;0;0
02.149.205/0001-69;2024-12-31;3;142159;PORTO SEGURO S.A.;Liderança;585;762;0;0;0
02.149.205/0001-69;2024-12-31;3;142159;PORTO SEGURO S.A.;Não-liderança;7082;4940;15;0;2
02.162.616/0001-94;2024-12-31;1;138211;UPTICK PARTICIPACOES S.A.;Liderança;0;0;0;0;0
02.162.616/0001-94;2024-12-31;1;138211;UPTICK PARTICIPACOES S.A.;Não-liderança;0;0;0;0;0
02.193.750/0001-52;2024-12-31;3;140684;DEXXOS PARTICIPAÇÕES S.A.;Liderança;16;66;0;0;0
02.193.750/0001-52;2024-12-31;3;140684;DEXXOS PARTICIPAÇÕES S.A.;Não-liderança;103;590;0;0;0
02.217.319/0001-07;2024-12-31;6;141884;YBYRÁ CAPITAL S.A.;Liderança;2;3;0;0;0
02.217.319/0001-07;2024-12-31;6;141884;YBYRÁ CAPITAL S.A.;Não-liderança;0;1;0;0;0
02.255.187/0001-08;2024-12-31;4;141971;UNIFIQUE TELECOMUNICAÇÕES S.A.;Liderança;69;122;0;6;59
02.255.187/0001-08;2024-12-31;4;141971;UNIFIQUE TELECOMUNICAÇÕES S.A.;Não-liderança;330;313;5;47;958
02.258.422/0001-97;2024-12-31;1;137781;INEPAR EQUIPAMENTOS E MONTAGENS S/A - EM RECUPERACAO JUDICIA;Liderança;0;1;0;0;0
02.258.422/0001-97;2024-12-31;1;137781;INEPAR EQUIPAMENTOS E MONTAGENS S/A - EM RECUPERACAO JUDICIA;Não-liderança;0;5;0;0;0
02.291.077/0001-93;2024-12-31;1;138226;PRODUTORES ENERGET.DE MANSO S.A.- PROMAN;Liderança;0;0;0;0;0
02.291.077/0001-93;2024-12-31;1;138226;PRODUTORES ENERGET.DE MANSO S.A.- PROMAN;Não-liderança;0;0;0;0;0
02.302.101/0001-42;2024-12-31;7;142148;EMAE - EMPRESA METROP.AGUAS ENERGIA S.A.;Liderança;13;46;0;0;0
02.302.101/0001-42;2024-12-31;7;142148;EMAE - EMPRESA METROP.AGUAS ENERGIA S.A.;Não-liderança;25;292;0;0;0
02.328.280/0001-97;2024-12-31;2;140925;ELEKTRO REDES S.A.;Liderança;88;189;0;0;0
02.328.280/0001-97;2024-12-31;2;140925;ELEKTRO REDES S.A.;Não-liderança;587;3055;0;0;0
02.338.534/0001-58;2024-12-31;2;139125;LONGDIS S.A.;Liderança;0;0;0;0;0
02.338.534/0001-58;2024-12-31;2;139125;LONGDIS S.A.;Não-liderança;0;0;0;0;0
02.351.144/0001-18;2024-12-31;4;142003;TEGMA GESTAO LOGISTICA S.A.;Liderança;31;192;0;0;0
02.351.144/0001-18;2024-12-31;4;142003;TEGMA GESTAO LOGISTICA S.A.;Não-liderança;325;1203;0;2;7
02.351.877/0001-52;2024-12-31;3;141645;LWSA S/A;Liderança;225;372;0;0;0
02.351.877/0001-52;2024-12-31;3;141645;LWSA S/A;Não-liderança;1302;1947;0;0;0
02.357.251/0001-53;2024-12-31;1;138502;LIFEMED INDUSTRIAL DE EQUIP. E ART. MEDICOS E HOSP. S.A;Liderança;11;29;0;0;0
02.357.251/0001-53;2024-12-31;1;138502;LIFEMED INDUSTRIAL DE EQUIP. E ART. MEDICOS E HOSP. S.A;Não-liderança;249;132;0;0;0
02.365.069/0001-44;2024-12-31;2;140760;PADTEC HOLDING S.A.;Liderança;0;0;0;0;0
02.365.069/0001-44;2024-12-31;2;140760;PADTEC HOLDING S.A.;Não-liderança;0;0;0;0;0
02.387.241/0001-60;2024-12-31;7;142056;RUMO S.A.;Liderança;137;395;0;0;0
02.387.241/0001-60;2024-12-31;7;142056;RUMO S.A.;Não-liderança;957;6736;0;0;0
02.397.080/0001-96;2024-12-31;2;141431;ITAPEBI GERACAO DE ENERGIA S.A.;Liderança;16;26;0;0;0
02.397.080/0001-96;2024-12-31;2;141431;ITAPEBI GERACAO DE ENERGIA S.A.;Não-liderança;28;38;0;0;0
02.421.421/0001-11;2024-12-31;3;141896;TIM S.A.;Liderança;317;558;0;0;0
02.421.421/0001-11;2024-12-31;3;141896;TIM S.A.;Não-liderança;4566;4189;0;0;0
02.429.144/0001-93;2024-12-31;2;141286;CPFL ENERGIA S.A.;Liderança;210;745;0;0;0
02.429.144/0001-93;2024-12-31;2;141286;CPFL ENERGIA S.A.;Não-liderança;3139;12113;0;0;0
02.474.103/0001-19;2024-12-31;6;142134;ENGIE BRASIL ENERGIA S.A.;Liderança;42;199;0;0;0
02.474.103/0001-19;2024-12-31;6;142134;ENGIE BRASIL ENERGIA S.A.;Não-liderança;281;577;0;0;0
02.502.844/0001-66;2024-12-31;4;139645;RUMO MALHA PAULISTA S.A.;Liderança;111;374;0;0;0
02.502.844/0001-66;2024-12-31;4;139645;RUMO MALHA PAULISTA S.A.;Não-liderança;856;6973;0;0;0
02.536.066/0001-26;2024-12-31;3;140393;VITAL ENGENHARIA AMBIENTAL S.A.;Liderança;21;151;0;0;0
02.536.066/0001-26;2024-12-31;3;140393;VITAL ENGENHARIA AMBIENTAL S.A.;Não-liderança;919;11206;0;0;0
02.558.157/0001-62;2024-12-31;1;138285;TELEFÔNICA BRASIL S.A;Liderança;1492;2727;0;0;0
02.558.157/0001-62;2024-12-31;1;138285;TELEFÔNICA BRASIL S.A;Não-liderança;13345;15689;0;0;0
02.591.787/0001-39;2024-12-31;2;137932;CAPITALPART PARTICIPACOES S.A.;Liderança;0;1;0;0;0
02.591.787/0001-39;2024-12-31;2;137932;CAPITALPART PARTICIPACOES S.A.;Não-liderança;0;1;0;0;0
02.635.522/0001-95;2024-03-31;14;139950;JALLES MACHADO S.A.;Liderança;52;363;0;0;55
02.635.522/0001-95;2024-03-31;14;139950;JALLES MACHADO S.A.;Não-liderança;983;3510;1;5;470
02.664.042/0001-52;2024-12-31;1;137918;TERMINAL GARAGEM MENEZES CORTES S.A.;Liderança;1;4;0;0;0
02.664.042/0001-52;2024-12-31;1;137918;TERMINAL GARAGEM MENEZES CORTES S.A.;Não-liderança;14;28;0;0;0
02.762.121/0001-04;2024-12-31;7;141703;SANTOS BRASIL PARTICIPACOES S.A.;Liderança;58;242;0;0;0
02.762.121/0001-04;2024-12-31;7;141703;SANTOS BRASIL PARTICIPACOES S.A.;Não-liderança;469;2503;0;0;0
02.762.124/0001-30;2024-12-31;1;138019;BETAPART PARTICIPACOES S.A.;Liderança;0;0;0;0;0
02.762.124/0001-30;2024-12-31;1;138019;BETAPART PARTICIPACOES S.A.;Não-liderança;0;0;0;0;0
02.796.775/0001-40;2024-12-31;1;138021;GAMA PARTICIPACOES S.A.;Liderança;0;0;0;0;0
02.796.775/0001-40;2024-12-31;1;138021;GAMA PARTICIPACOES S.A.;Não-liderança;0;0;0;0;0
02.800.026/0001-40;2024-12-31;6;141393;COGNA EDUCAÇÃO S.A.;Liderança;1034;861;0;0;0
02.800.026/0001-40;2024-12-31;6;141393;COGNA EDUCAÇÃO S.A.;Não-liderança;13884;7774;0;0;0
02.846.056/0001-97;2024-12-31;9;141095;CCR S.A.;Liderança;460;735;1;0;866
02.846.056/0001-97;2024-12-31;9;141095;CCR S.A.;Não-liderança;3002;4482;25;0;8158
02.860.694/0001-62;2024-12-31;2;139212;T4F ENTRETENIMENTO S.A.;Liderança;8;6;0;0;0
02.860.694/0001-62;2024-12-31;2;139212;T4F ENTRETENIMENTO S.A.;Não-liderança;37;37;0;0;0
02.916.265/0001-60;2024-12-31;6;142151;JBS S.A.;Liderança;4804;10587;0;0;156
02.916.265/0001-60;2024-12-31;6;142151;JBS S.A.;Não-liderança;104194;152998;2;8;1134
02.932.074/0001-91;2024-12-31;4;142160;HYPERA S.A.;Liderança;518;774;0;0;0
02.932.074/0001-91;2024-12-31;4;142160;HYPERA S.A.;Não-liderança;4787;4222;0;0;0
02.950.811/0001-89;2024-12-31;9;142086;PDG REALTY S.A. EMPREEND E PARTICIPACOES;Liderança;23;24;0;0;0
02.950.811/0001-89;2024-12-31;9;142086;PDG REALTY S.A. EMPREEND E PARTICIPACOES;Não-liderança;64;34;0;0;0
02.992.449/0001-09;2024-12-31;1;138026;PROMPT PARTICIPACOES S.A.;Liderança;0;0;0;0;0
02.992.449/0001-09;2024-12-31;1;138026;PROMPT PARTICIPACOES S.A.;Não-liderança;0;0;0;0;0
02.998.301/0001-81;2024-12-31;3;140404;RIO PARANAPANEMA ENERGIA S.A.;Liderança;1;24;0;0;0
02.998.301/0001-81;2024-12-31;3;140404;RIO PARANAPANEMA ENERGIA S.A.;Não-liderança;33;206;0;0;0
02.998.611/0001-04;2024-12-31;9;141770;CTEEP - CIA TRANSMISSÃO ENERGIA ELÉTRICA PAULISTA;Liderança;29;92;0;0;0
02.998.611/0001-04;2024-12-31;9;141770;CTEEP - CIA TRANSMISSÃO ENERGIA ELÉTRICA PAULISTA;Não-liderança;248;1237;0;0;0
03.014.553/0001-91;2024-12-31;2;138912;TPI - TRIUNFO PARTICIP. E INVEST. S.A.;Liderança;3;24;0;0;0
03.014.553/0001-91;2024-12-31;2;138912;TPI - TRIUNFO PARTICIP. E INVEST. S.A.;Não-liderança;11;19;0;0;0
03.025.305/0001-46;2024-12-31;2;138967;RODOVIAS DAS COLINAS S.A.;Liderança;0;0;0;0;0
03.025.305/0001-46;2024-12-31;2;138967;RODOVIAS DAS COLINAS S.A.;Não-liderança;0;0;0;0;0
03.220.438/0001-73;2024-12-31;16;142011;EQUATORIAL S.A.;Liderança;170;553;0;0;0
03.220.438/0001-73;2024-12-31;16;142011;EQUATORIAL S.A.;Não-liderança;2771;4399;0;0;0
03.303.999/0001-36;2024-12-31;1;138440;DTCOM - DIRECT TO COMPANY S.A.;Liderança;1;4;0;0;0
03.303.999/0001-36;2024-12-31;1;138440;DTCOM - DIRECT TO COMPANY S.A.;Não-liderança;26;9;0;0;0
03.342.704/0001-30;2024-12-31;8;141562;PETRORECÔNCAVO S.A.;Liderança;26;175;0;0;0
03.342.704/0001-30;2024-12-31;8;141562;PETRORECÔNCAVO S.A.;Não-liderança;260;1103;0;0;0
03.378.521/0001-75;2024-12-31;6;141833;LIGHT S.A. - EM RECUPERAÇÃO JUDICIAL;Liderança;41;121;0;0;0
03.378.521/0001-75;2024-12-31;6;141833;LIGHT S.A. - EM RECUPERAÇÃO JUDICIAL;Não-liderança;788;3589;0;0;0
03.467.321/0001-99;2024-12-31;2;141824;ENERGISA MATO GROSSO-DISTRIBUIDORA DE ENERGIA S/A;Liderança;25;117;0;0;0
03.467.321/0001-99;2024-12-31;2;141824;ENERGISA MATO GROSSO-DISTRIBUIDORA DE ENERGIA S/A;Não-liderança;343;2019;0;0;0
03.758.318/0001-24;2024-12-31;3;139526;INVESTIMENTOS E PARTICIP. EM INFRA S.A. - INVEPAR;Liderança;53;139;0;0;0
03.758.318/0001-24;2024-12-31;3;139526;INVESTIMENTOS E PARTICIP. EM INFRA S.A. - INVEPAR;Não-liderança;760;1266;0;0;0
03.795.050/0001-09;2024-12-31;1;137713;TERMOPERNAMBUCO S.A.;Liderança;3;7;0;0;0
03.795.050/0001-09;2024-12-31;1;137713;TERMOPERNAMBUCO S.A.;Não-liderança;11;44;0;0;0
03.802.115/0001-98;2024-12-31;3;141996;CLEAR SALE S.A.;Liderança;117;173;1;0;0
03.802.115/0001-98;2024-12-31;3;141996;CLEAR SALE S.A.;Não-liderança;1109;726;5;2;0
03.847.461/0001-92;2024-12-31;5;141860;BRADESPAR S.A.;Liderança;0;0;0;0;0
03.847.461/0001-92;2024-12-31;5;141860;BRADESPAR S.A.;Não-liderança;0;0;0;0;0
03.853.896/0001-40;2024-12-31;6;142136;MARFRIG GLOBAL FOODS S.A.;Liderança;533;2135;0;0;0
03.853.896/0001-40;2024-12-31;6;142136;MARFRIG GLOBAL FOODS S.A.;Não-liderança;9428;20815;0;0;0
03.953.509/0001-47;2024-12-31;3;141760;CPFL GERACAO DE ENERGIA S.A.;Liderança;23;109;0;0;0
03.953.509/0001-47;2024-12-31;3;141760;CPFL GERACAO DE ENERGIA S.A.;Não-liderança;138;448;0;0;0
03.983.431/0001-03;2024-12-31;2;140468;EDP - ENERGIAS DO BRASIL S.A.;Liderança;0;0;0;0;0
03.983.431/0001-03;2024-12-31;2;140468;EDP - ENERGIAS DO BRASIL S.A.;Não-liderança;0;0;0;0;0
04.030.182/0001-02;2024-12-31;1;138590;CABINDA PARTICIPACOES S.A.;Liderança;0;0;0;0;0
04.030.182/0001-02;2024-12-31;1;138590;CABINDA PARTICIPACOES S.A.;Não-liderança;0;0;0;0;0
04.031.213/0001-31;2024-12-31;1;138591;CACONDE PARTICIPACOES S.A.;Liderança;0;0;0;0;0
04.031.213/0001-31;2024-12-31;1;138591;CACONDE PARTICIPACOES S.A.;Não-liderança;0;0;0;0;0
04.032.433/0001-80;2024-12-31;2;139747;ATMA PARTICIPAÇÕES S.A. - EM RECUPERAÇÃO JUDICIAL;Liderança;218;269;2;8;0
04.032.433/0001-80;2024-12-31;2;139747;ATMA PARTICIPAÇÕES S.A. - EM RECUPERAÇÃO JUDICIAL;Não-liderança;6116;2351;41;102;0
04.038.763/0001-82;2024-12-31;1;138593;CAIANDA PARTICIPACOES S.A.;Liderança;0;0;0;0;0
04.038.763/0001-82;2024-12-31;1;138593;CAIANDA PARTICIPACOES S.A.;Não-liderança;0;0;0;0;0
04.065.053/0001-41;2024-12-31;2;140256;BRZ EMPREENDIMENTOS E CONSTRUÇÕES S.A.;Liderança;35;67;0;0;0
04.065.053/0001-41;2024-12-31;2;140256;BRZ EMPREENDIMENTOS E CONSTRUÇÕES S.A.;Não-liderança;311;495;1;0;0
04.069.709/0001-02;2024-12-31;2;139006;BIONEXO S.A.;Liderança;24;42;0;0;0
04.069.709/0001-02;2024-12-31;2;139006;BIONEXO S.A.;Não-liderança;180;220;0;0;0
04.149.454/0001-80;2024-12-31;2;139025;ECORODOVIAS INFRAESTRUTURA E LOGÍSTICA S.A.;Liderança;102;263;0;0;0
04.149.454/0001-80;2024-12-31;2;139025;ECORODOVIAS INFRAESTRUTURA E LOGÍSTICA S.A.;Não-liderança;2775;2310;0;0;0
04.172.213/0001-51;2024-12-31;3;141685;CIA PIRATININGA DE FORCA E LUZ;Liderança;28;84;0;0;0
04.172.213/0001-51;2024-12-31;3;141685;CIA PIRATININGA DE FORCA E LUZ;Não-liderança;285;1082;0;0;0
04.212.396/0001-91;2024-12-31;4;141992;AGASUS S.A.;Liderança;79;97;0;0;0
04.212.396/0001-91;2024-12-31;4;141992;AGASUS S.A.;Não-liderança;231;295;0;0;0
04.368.898/0001-06;2024-12-31;7;142071;COPEL DISTRIBUIÇÃO S.A.;Liderança;44;198;0;0;0
04.368.898/0001-06;2024-12-31;7;142071;COPEL DISTRIBUIÇÃO S.A.;Não-liderança;835;3126;0;0;0
04.423.567/0001-21;2024-12-31;6;142149;ENEVA S.A;Liderança;58;247;0;0;0
04.423.567/0001-21;2024-12-31;6;142149;ENEVA S.A;Não-liderança;305;941;0;0;0
04.752.991/0001-10;2024-12-31;2;139288;BIOMM S.A.;Liderança;16;21;0;0;0
04.752.991/0001-10;2024-12-31;2;139288;BIOMM S.A.;Não-liderança;48;62;1;0;0
04.821.041/0001-08;2024-12-31;2;139576;METALFRIO SOLUTIONS S.A.;Liderança;24;93;0;2;0
04.821.041/0001-08;2024-12-31;2;139576;METALFRIO SOLUTIONS S.A.;Não-liderança;336;681;0;30;0
04.895.728/0001-80;2024-12-31;4;141930;EQUATORIAL PARÁ DISTRIBUIDORA DE ENERGIA S.A.;Liderança;21;114;0;0;0
04.895.728/0001-80;2024-12-31;4;141930;EQUATORIAL PARÁ DISTRIBUIDORA DE ENERGIA S.A.;Não-liderança;360;813;1;0;1
04.902.979/0001-44;2024-12-31;4;141716;BCO AMAZONIA S.A.;Liderança;218;378;0;0;0
04.902.979/0001-44;2024-12-31;4;141716;BCO AMAZONIA S.A.;Não-liderança;796;1443;0;0;0
04.912.242/0001-02;2024-12-31;1;137786;PORTUENSE FERRAGENS S/A;Liderança;1;2;0;0;0
04.912.242/0001-02;2024-12-31;1;137786;PORTUENSE FERRAGENS S/A;Não-liderança;5;3;0;0;0
04.913.711/0001-08;2024-12-31;3;141268;BCO ESTADO DO PARA S.A.;Liderança;338;463;0;0;0
04.913.711/0001-08;2024-12-31;3;141268;BCO ESTADO DO PARA S.A.;Não-liderança;752;1024;0;4;0
04.972.092/0001-22;2024-12-31;2;141601;GRUPO FARTURA DE HORTIFRUT S.A.;Liderança;130;515;0;0;0
04.972.092/0001-22;2024-12-31;2;141601;GRUPO FARTURA DE HORTIFRUT S.A.;Não-liderança;3176;4463;0;0;0
04.986.320/0001-13;2024-12-31;9;141699;SER EDUCACIONAL S.A.;Liderança;713;476;0;3;1
04.986.320/0001-13;2024-12-31;9;141699;SER EDUCACIONAL S.A.;Não-liderança;3841;2684;12;14;18
04.992.714/0001-84;2024-12-31;6;141723;NOVA TRANSPORTADORA DO SUDESTE S.A. - NTS;Liderança;10;37;0;0;0
04.992.714/0001-84;2024-12-31;6;141723;NOVA TRANSPORTADORA DO SUDESTE S.A. - NTS;Não-liderança;66;150;0;0;0
05.197.443/0001-38;2024-12-31;5;141626;HAPVIDA PARTICIPAÇÕES E INVESTIMENTOS S.A.;Liderança;2680;1230;0;0;0
05.197.443/0001-38;2024-12-31;5;141626;HAPVIDA PARTICIPAÇÕES E INVESTIMENTOS S.A.;Não-liderança;49979;16301;0;0;0
05.347.060/0001-07;2024-12-31;2;138730;INTERPLAYERS SOLUÇÕES INTEGRADAS S.A.;Liderança;105;78;0;0;0
05.347.060/0001-07;2024-12-31;2;138730;INTERPLAYERS SOLUÇÕES INTEGRADAS S.A.;Não-liderança;522;322;0;0;0
05.878.397/0001-32;2024-12-31;6;141918;ALLOS S.A.;Liderança;124;211;0;0;19
05.878.397/0001-32;2024-12-31;6;141918;ALLOS S.A.;Não-liderança;903;1151;0;0;201
05.917.486/0001-40;2024-12-31;2;141650;LIVETECH DA BAHIA INDÚSTRIA E COMÉRCIO S.A.;Liderança;14;28;0;0;0
05.917.486/0001-40;2024-12-31;2;141650;LIVETECH DA BAHIA INDÚSTRIA E COMÉRCIO S.A.;Não-liderança;99;136;0;0;0
06.047.087/0001-39;2024-12-31;6;142126;REDE D'OR SÃO LUIZ S.A.;Liderança;200;106;0;0;0
06.047.087/0001-39;2024-12-31;6;142126;REDE D'OR SÃO LUIZ S.A.;Não-liderança;53735;17809;0;0;0
06.057.223/0001-71;2024-12-31;10;141979;SENDAS DISTRIBUIDORA S.A.;Liderança;3143;4421;0;0;0
06.057.223/0001-71;2024-12-31;10;141979;SENDAS DISTRIBUIDORA S.A.;Não-liderança;36227;36586;0;0;0
06.164.253/0001-87;2024-12-31;8;142138;GOL LINHAS AEREAS INTELIGENTES S.A.;Liderança;166;290;0;0;0
06.164.253/0001-87;2024-12-31;8;142138;GOL LINHAS AEREAS INTELIGENTES S.A.;Não-liderança;5982;7873;0;0;0
06.272.793/0001-84;2024-12-31;9;142010;EQUATORIAL MARANHÃO DISTRIBUIDORA DE ENERGIA S.A.;Liderança;48;161;0;0;0
06.272.793/0001-84;2024-12-31;9;142010;EQUATORIAL MARANHÃO DISTRIBUIDORA DE ENERGIA S.A.;Não-liderança;423;867;0;0;0
06.626.253/0001-51;2024-12-31;4;141765;EMPREENDIMENTOS PAGUE MENOS S.A.;Liderança;1540;970;0;0;0
06.626.253/0001-51;2024-12-31;4;141765;EMPREENDIMENTOS PAGUE MENOS S.A.;Não-liderança;13749;9371;0;0;0
06.981.176/0001-58;2024-12-31;2;138774;CEMIG GERACAO E TRANSMISSAO S.A.;Liderança;0;0;0;0;0
06.981.176/0001-58;2024-12-31;2;138774;CEMIG GERACAO E TRANSMISSAO S.A.;Não-liderança;0;0;0;0;0
06.981.180/0001-16;2024-12-31;7;141959;CEMIG DISTRIBUICAO S.A.;Liderança;0;0;0;0;0
06.981.180/0001-16;2024-12-31;7;141959;CEMIG DISTRIBUICAO S.A.;Não-liderança;0;0;0;0;0
06.981.381/0001-13;2024-03-31;11;141302;CTC - CENTRO DE TECNOLOGIA CANAVIEIRA S.A.;Liderança;0;0;0;0;83
06.981.381/0001-13;2024-03-31;11;141302;CTC - CENTRO DE TECNOLOGIA CANAVIEIRA S.A.;Não-liderança;0;0;0;0;387
07.040.108/0001-57;2024-12-31;3;139580;CAGECE - CIA DE AGUA E ESGOTO DO CEARA;Liderança;184;232;0;0;0
07.040.108/0001-57;2024-12-31;3;139580;CAGECE - CIA DE AGUA E ESGOTO DO CEARA;Não-liderança;243;503;0;0;0
07.043.628/0001-13;2024-12-31;2;139220;CLARO TELECOM PARTICIPAÇÕES S.A.;Liderança;0;0;0;0;1
07.043.628/0001-13;2024-12-31;2;139220;CLARO TELECOM PARTICIPAÇÕES S.A.;Não-liderança;0;0;0;0;1
07.047.251/0001-70;2024-12-31;7;141507;CIA ENERGETICA DO CEARA - COELCE;Liderança;19;83;0;0;0
07.047.251/0001-70;2024-12-31;7;141507;CIA ENERGETICA DO CEARA - COELCE;Não-liderança;245;1131;0;0;0
07.206.816/0001-15;2024-12-31;2;141531;M.DIAS BRANCO S.A. IND COM DE ALIMENTOS;Liderança;382;1130;0;0;0
07.206.816/0001-15;2024-12-31;2;141531;M.DIAS BRANCO S.A. IND COM DE ALIMENTOS;Não-liderança;4411;10757;0;0;0
07.237.373/0001-20;2024-12-31;8;141801;BCO NORDESTE DO BRASIL S.A.;Liderança;727;2098;0;0;0
07.237.373/0001-20;2024-12-31;8;141801;BCO NORDESTE DO BRASIL S.A.;Não-liderança;1436;2418;0;0;0
07.253.321/0001-47;2024-12-31;1;138042;CARBOMIL SA MINER. E INDUSTRIA;Liderança;0;4;0;0;0
07.253.321/0001-47;2024-12-31;1;138042;CARBOMIL SA MINER. E INDUSTRIA;Não-liderança;0;10;0;0;0
07.275.159/0001-68;2024-12-31;1;137398;PETROLEO LUB DO NORDESTE SA;Liderança;0;1;0;0;0
07.275.159/0001-68;2024-12-31;1;137398;PETROLEO LUB DO NORDESTE SA;Não-liderança;0;1;0;0;0
07.334.600/0001-35;2024-12-31;1;137748;MARINA DE IRACEMA PARK SA;Liderança;0;0;0;0;2
07.334.600/0001-35;2024-12-31;1;137748;MARINA DE IRACEMA PARK SA;Não-liderança;0;0;0;0;202
07.415.333/0001-20;2024-12-31;2;139545;SIMPAR S.A.;Liderança;776;1989;0;0;0
07.415.333/0001-20;2024-12-31;2;139545;SIMPAR S.A.;Não-liderança;8502;31599;0;0;0
07.526.557/0001-00;2024-12-31;2;141587;AMBEV S.A.;Liderança;1892;2626;6;0;2024
07.526.557/0001-00;2024-12-31;2;141587;AMBEV S.A.;Não-liderança;2484;8988;3;18;6982
07.594.978/0001-78;2024-12-31;3;140811;SMARTFIT ESCOLA DE GINÁSTICA E DANÇA S.A.;Liderança;262;351;2;4;117
07.594.978/0001-78;2024-12-31;3;140811;SMARTFIT ESCOLA DE GINÁSTICA E DANÇA S.A.;Não-liderança;1966;2541;17;20;3058
07.628.528/0001-59;2024-06-30;5;141689;BRASILAGRO - CIA BRAS DE PROP AGRICOLAS;Liderança;12;44;0;1;0
07.628.528/0001-59;2024-06-30;5;141689;BRASILAGRO - CIA BRAS DE PROP AGRICOLAS;Não-liderança;50;55;0;4;0
07.689.002/0001-89;2024-12-31;5;142133;EMBRAER S.A.;Liderança;164;827;0;0;0
07.689.002/0001-89;2024-12-31;5;142133;EMBRAER S.A.;Não-liderança;3340;14220;0;0;21
07.704.246/0001-93;2024-12-31;1;138537;DATORA PARTICIPAÇÕES E SERVIÇOS S.A.;Liderança;25;57;0;0;0
07.704.246/0001-93;2024-12-31;1;138537;DATORA PARTICIPAÇÕES E SERVIÇOS S.A.;Não-liderança;76;119;0;0;0
07.714.104/0001-07;2024-12-31;7;141457;GIGA MAIS FIBRA TELECOMUNICAÇÕES S.A.;Liderança;118;262;0;1;31
07.714.104/0001-07;2024-12-31;7;141457;GIGA MAIS FIBRA TELECOMUNICAÇÕES S.A.;Não-liderança;1673;2538;14;29;374
07.816.890/0001-53;2024-12-31;5;141974;MULTIPLAN - EMPREEND IMOBILIARIOS S.A.;Liderança;19;30;0;0;0
07.816.890/0001-53;2024-12-31;5;141974;MULTIPLAN - EMPREEND IMOBILIARIOS S.A.;Não-liderança;151;175;0;0;0
07.820.907/0001-46;2024-12-31;4;139445;FICA EMPREENDIMENTOS IMOBILIÁRIOS S.A.;Liderança;2;0;0;0;0
07.820.907/0001-46;2024-12-31;4;139445;FICA EMPREENDIMENTOS IMOBILIÁRIOS S.A.;Não-liderança;1;0;0;0;0
07.857.093/0001-14;2024-12-31;5;141589;AURA MINERALS INC.;Liderança;46;219;0;0;0
07.857.093/0001-14;2024-12-31;5;141589;AURA MINERALS INC.;Não-liderança;197;796;0;0;0
07.857.850/0001-50;2024-12-31;4;139390;GP INVESTMENTS, LTD.;Liderança;3;7;0;0;0
07.857.850/0001-50;2024-12-31;4;139390;GP INVESTMENTS, LTD.;Não-liderança;9;17;0;0;0
07.859.971/0001-30;2024-12-31;6;141952;TRANSMISSORA ALIANÇA DE ENERGIA ELÉTRICA S.A.;Liderança;23;67;0;0;0
07.859.971/0001-30;2024-12-31;6;141952;TRANSMISSORA ALIANÇA DE ENERGIA ELÉTRICA S.A.;Não-liderança;149;612;0;0;0
07.882.930/0001-65;2024-12-31;1;138111;MITRE REALTY EMPREENDIMENTOS E PARTICIPAÇÕES S.A.;Liderança;38;29;0;0;0
07.882.930/0001-65;2024-12-31;1;138111;MITRE REALTY EMPREENDIMENTOS E PARTICIPAÇÕES S.A.;Não-liderança;134;341;0;0;0
07.976.147/0001-60;2024-12-31;6;141890;MOVIDA LOCAÇÃO DE VEÍCULOS S.A.;Liderança;259;359;0;0;0
07.976.147/0001-60;2024-12-31;6;141890;MOVIDA LOCAÇÃO DE VEÍCULOS S.A.;Não-liderança;1961;2667;0;0;0
08.065.557/0001-12;2024-12-31;8;142032;TECNISA S.A.;Liderança;21;21;0;0;0
08.065.557/0001-12;2024-12-31;8;142032;TECNISA S.A.;Não-liderança;97;321;0;0;0
08.078.847/0001-09;2024-12-31;2;139086;LPS BRASIL - CONSULTORIA DE IMOVEIS S.A.;Liderança;25;32;0;0;34
08.078.847/0001-09;2024-12-31;2;139086;LPS BRASIL - CONSULTORIA DE IMOVEIS S.A.;Não-liderança;120;77;0;1;68
08.159.965/0001-33;2024-12-31;5;141762;IGUA SANEAMENTO S.A.;Liderança;128;215;0;0;0
08.159.965/0001-33;2024-12-31;5;141762;IGUA SANEAMENTO S.A.;Não-liderança;558;1611;0;0;0
08.170.849/0001-15;2024-12-31;9;142021;DESKTOP S.A.;Liderança;143;344;0;0;0
08.170.849/0001-15;2024-12-31;9;142021;DESKTOP S.A.;Não-liderança;1516;2001;0;0;0
08.262.121/0001-13;2024-12-31;3;139558;ALUBAR METAIS E CABOS S.A.;Liderança;7;48;0;0;0
08.262.121/0001-13;2024-12-31;3;139558;ALUBAR METAIS E CABOS S.A.;Não-liderança;88;690;0;0;0
08.294.224/0001-65;2024-12-31;3;140566;JHSF PARTICIPACOES S.A.;Liderança;165;190;0;0;0
08.294.224/0001-65;2024-12-31;3;140566;JHSF PARTICIPACOES S.A.;Não-liderança;875;1474;0;0;0
08.312.229/0001-73;2024-12-31;5;141140;EZ TEC EMPREEND. E PARTICIPACOES S.A.;Liderança;23;23;0;0;0
08.312.229/0001-73;2024-12-31;5;141140;EZ TEC EMPREEND. E PARTICIPACOES S.A.;Não-liderança;155;676;0;0;0
08.322.396/0001-03;2024-03-31;4;139076;CERRADINHO BIOENERGIA S.A.;Liderança;7;48;0;0;0
08.322.396/0001-03;2024-03-31;4;139076;CERRADINHO BIOENERGIA S.A.;Não-liderança;266;1512;0;0;0
08.324.196/0001-81;2024-12-31;6;141947;CIA ENERGETICA DO RIO GDE NORTE - COSERN;Liderança;28;55;0;0;0
08.324.196/0001-81;2024-12-31;6;141947;CIA ENERGETICA DO RIO GDE NORTE - COSERN;Não-liderança;215;763;0;0;0
08.343.492/0001-20;2024-12-31;6;141617;MRV ENGENHARIA E PARTICIPACOES S.A.;Liderança;666;830;0;0;0
08.343.492/0001-20;2024-12-31;6;141617;MRV ENGENHARIA E PARTICIPACOES S.A.;Não-liderança;3295;13017;0;0;0
08.364.948/0001-38;2024-12-31;6;141683;ALUPAR INVESTIMENTO S/A;Liderança;6;8;0;0;0
08.364.948/0001-38;2024-12-31;6;141683;ALUPAR INVESTIMENTO S/A;Não-liderança;27;11;0;0;0
08.397.078/0001-01;2024-12-31;2;139376;GSH CORP PARTICIPAÇÕES S.A.;Liderança;130;39;0;0;39
08.397.078/0001-01;2024-12-31;2;139376;GSH CORP PARTICIPAÇÕES S.A.;Não-liderança;921;272;8;10;345
08.402.943/0001-52;2024-12-31;1;138089;GUARARAPES CONFECCOES S.A.;Liderança;1128;665;4;0;27
08.402.943/0001-52;2024-12-31;1;138089;GUARARAPES CONFECCOES S.A.;Não-liderança;16619;8632;59;0;1113
08.424.178/0001-71;2024-12-31;1;137890;TECBLU TECELAGEM BLUMENAU S.A.;Liderança;0;1;0;0;0
08.424.178/0001-71;2024-12-31;1;137890;TECBLU TECELAGEM BLUMENAU S.A.;Não-liderança;0;1;0;0;0
08.439.659/0001-50;2024-12-31;5;141238;CPFL ENERGIAS RENOVÁVEIS S.A.;Liderança;23;86;0;0;0
08.439.659/0001-50;2024-12-31;5;141238;CPFL ENERGIAS RENOVÁVEIS S.A.;Não-liderança;133;377;0;0;0
08.467.115/0001-00;2024-12-31;5;141923;CIA ESTADUAL DE DISTRIB ENER ELET-CEEE-D;Liderança;9;59;0;0;0
08.467.115/0001-00;2024-12-31;5;141923;CIA ESTADUAL DE DISTRIB ENER ELET-CEEE-D;Não-liderança;202;576;0;0;0
08.560.444/0001-93;2024-12-31;1;137654;CIA CELG DE PARTICIPACOES - CELGPAR;Liderança;5;13;0;0;0
08.560.444/0001-93;2024-12-31;1;137654;CIA CELG DE PARTICIPACOES - CELGPAR;Não-liderança;25;69;0;0;0
08.574.411/0001-00;2024-12-31;2;139904;PRÁTICA PRODUTOS S.A.;Liderança;18;67;0;0;0
08.574.411/0001-00;2024-12-31;2;139904;PRÁTICA PRODUTOS S.A.;Não-liderança;131;382;0;0;0
08.764.621/0001-53;2024-12-31;2;141273;GENERAL SHOPPING E OUTLETS DO BRASIL BRASIL S.A.;Liderança;6;10;0;0;0
08.764.621/0001-53;2024-12-31;2;141273;GENERAL SHOPPING E OUTLETS DO BRASIL BRASIL S.A.;Não-liderança;41;26;0;0;0
08.773.135/0001-00;2024-12-31;5;142093;2W ECOBANK S.A.;Liderança;9;16;0;0;0
08.773.135/0001-00;2024-12-31;5;142093;2W ECOBANK S.A.;Não-liderança;66;50;0;0;0
08.773.191/0001-36;2024-12-31;1;138411;BRASILIANA PARTICIPAÇÕES S/A;Liderança;0;0;0;0;1
08.773.191/0001-36;2024-12-31;1;138411;BRASILIANA PARTICIPAÇÕES S/A;Não-liderança;0;0;0;0;1
08.795.211/0001-70;2024-12-31;4;141995;MAESTRO LOCADORA DE VEICULOS S.A.;Liderança;6;13;0;0;0
08.795.211/0001-70;2024-12-31;4;141995;MAESTRO LOCADORA DE VEICULOS S.A.;Não-liderança;29;38;0;0;0
08.797.760/0001-83;2024-12-31;6;141449;CURY CONSTRUTORA E INCORPORADORA S.A.;Liderança;79;153;0;0;0
08.797.760/0001-83;2024-12-31;6;141449;CURY CONSTRUTORA E INCORPORADORA S.A.;Não-liderança;426;1895;0;0;0
08.801.621/0001-86;2024-12-31;10;142152;SYN PROP & TECH S.A.;Liderança;39;55;0;0;0
08.801.621/0001-86;2024-12-31;10;142152;SYN PROP & TECH S.A.;Não-liderança;149;104;0;0;0
08.807.432/0001-10;2024-12-31;3;141766;YDUQS PARTICIPACOES S.A.;Liderança;797;597;1;6;63
08.807.432/0001-10;2024-12-31;3;141766;YDUQS PARTICIPACOES S.A.;Não-liderança;8146;6662;34;90;776
08.811.643/0001-27;2024-12-31;4;141390;TRISUL S.A.;Liderança;0;0;0;0;100
08.811.643/0001-27;2024-12-31;4;141390;TRISUL S.A.;Não-liderança;0;0;0;0;272
08.902.291/0001-15;2024-12-31;4;141455;CSN MINERAÇÃO S.A.;Liderança;37;293;0;0;0
08.902.291/0001-15;2024-12-31;4;141455;CSN MINERAÇÃO S.A.;Não-liderança;1888;5800;0;0;0
08.935.054/0001-50;2024-12-31;2;141534;MULTINER S/A;Liderança;1;13;0;0;0
08.935.054/0001-50;2024-12-31;2;141534;MULTINER S/A;Não-liderança;5;1;0;0;0
09.041.168/0001-10;2024-12-31;7;141993;LOG COMMERCIAL PROPERTIES E PARTICIPAÇÕES;Liderança;25;53;0;0;0
09.041.168/0001-10;2024-12-31;7;141993;LOG COMMERCIAL PROPERTIES E PARTICIPAÇÕES;Não-liderança;135;601;0;0;0
09.042.817/0001-05;2024-12-31;6;141829;BEMOBI MOBILE TECH S.A.;Liderança;47;116;0;0;0
09.042.817/0001-05;2024-12-31;6;141829;BEMOBI MOBILE TECH S.A.;Não-liderança;231;475;0;0;0
09.053.134/0001-45;2024-12-31;2;141379;ELFA MEDICAMENTOS S.A.;Liderança;0;0;0;0;273
09.053.134/0001-45;2024-12-31;2;141379;ELFA MEDICAMENTOS S.A.;Não-liderança;0;0;0;0;2291
09.054.385/0001-44;2024-12-31;1;138861;INBRANDS S.A.;Liderança;141;119;0;0;0
09.054.385/0001-44;2024-12-31;1;138861;INBRANDS S.A.;Não-liderança;1022;585;0;0;0
09.074.183/0001-64;2024-12-31;1;138781;TRANSBRASILIANA CONCESSIONÁRIA DE RODOVIA S.A;Liderança;7;22;0;0;0
09.074.183/0001-64;2024-12-31;1;138781;TRANSBRASILIANA CONCESSIONÁRIA DE RODOVIA S.A;Não-liderança;155;202;0;0;0
09.112.685/0001-32;2024-12-31;2;138958;OSX BRASIL S.A. - EM RECUPERAÇÃO JUDICIAL;Liderança;1;1;0;0;0
09.112.685/0001-32;2024-12-31;2;138958;OSX BRASIL S.A. - EM RECUPERAÇÃO JUDICIAL;Não-liderança;4;1;0;0;0
09.114.805/0001-30;2024-12-31;3;140413;OCEANPACT SERVIÇOS MARITIMOS S.A.;Liderança;88;462;0;0;0
09.114.805/0001-30;2024-12-31;3;140413;OCEANPACT SERVIÇOS MARITIMOS S.A.;Não-liderança;245;1115;0;0;0
09.146.451/0001-06;2024-12-31;4;141532;KALLAS INCORPORAÇÕES E CONSTRUÇÕES S.A.;Liderança;3;0;0;0;0
09.146.451/0001-06;2024-12-31;4;141532;KALLAS INCORPORAÇÕES E CONSTRUÇÕES S.A.;Não-liderança;239;867;0;0;0
09.229.201/0001-30;2024-12-31;2;142001;GPS PARTICIPAÇÕES E EMPREENDIMENTOS S.A.;Liderança;651;1329;0;0;0
09.229.201/0001-30;2024-12-31;2;142001;GPS PARTICIPAÇÕES E EMPREENDIMENTOS S.A.;Não-liderança;45525;99225;0;0;0
09.257.877/0001-37;2024-12-31;2;140569;FERROVIA NORTE SUL S/A;Liderança;5;31;0;0;0
09.257.877/0001-37;2024-12-31;2;140569;FERROVIA NORTE SUL S/A;Não-liderança;113;597;0;0;0
09.267.996/0001-70;2024-12-31;2;139356;YUNY INCORPORADORA HOLDING S.A.;Liderança;18;12;0;0;0
09.267.996/0001-70;2024-12-31;2;139356;YUNY INCORPORADORA HOLDING S.A.;Não-liderança;25;15;0;0;0
09.288.252/0001-32;2024-12-31;5;141714;ANIMA HOLDING S.A.;Liderança;692;508;0;0;0
09.288.252/0001-32;2024-12-31;5;141714;ANIMA HOLDING S.A.;Não-liderança;8303;6250;0;0;0
09.295.063/0001-97;2024-12-31;4;141361;TECHNOS S.A.;Liderança;19;36;0;0;0
09.295.063/0001-97;2024-12-31;4;141361;TECHNOS S.A.;Não-liderança;339;229;0;0;0
09.305.994/0001-29;2024-12-31;6;141662;AZUL S.A.;Liderança;1309;2134;0;0;0
09.305.994/0001-29;2024-12-31;6;141662;AZUL S.A.;Não-liderança;5185;7382;0;0;0
09.346.601/0001-25;2024-12-31;6;141975;B3 S.A. - BRASIL, BOLSA, BALCÃO;Liderança;176;344;0;0;0
09.346.601/0001-25;2024-12-31;6;141975;B3 S.A. - BRASIL, BOLSA, BALCÃO;Não-liderança;866;1371;0;0;0
09.347.516/0001-81;2024-12-31;3;141673;ELETROMIDIA S.A.;Liderança;38;98;0;0;0
09.347.516/0001-81;2024-12-31;3;141673;ELETROMIDIA S.A.;Não-liderança;181;509;7;0;0
09.414.761/0001-64;2024-12-31;3;141468;K-INFRA RODOVIA DO AÇO S.A.;Liderança;14;18;0;0;0
09.414.761/0001-64;2024-12-31;3;141468;K-INFRA RODOVIA DO AÇO S.A.;Não-liderança;144;232;0;0;0
09.527.023/0001-23;2024-12-31;2;139424;ENVIRONMENTAL ESG PARTICIPAÇÕES S.A.;Liderança;254;728;0;0;0
09.527.023/0001-23;2024-12-31;2;139424;ENVIRONMENTAL ESG PARTICIPAÇÕES S.A.;Não-liderança;1455;6436;0;3;0
09.538.973/0001-53;2024-12-31;3;141901;PDG COMPANHIA SECURITIZADORA;Liderança;0;0;0;0;0
09.538.973/0001-53;2024-12-31;3;141901;PDG COMPANHIA SECURITIZADORA;Não-liderança;0;0;0;0;0
09.611.768/0001-76;2024-12-31;4;139312;INC EMPREENDIMENTOS IMOBILIÁRIOS S.A.;Liderança;13;21;0;0;0
09.611.768/0001-76;2024-12-31;4;139312;INC EMPREENDIMENTOS IMOBILIÁRIOS S.A.;Não-liderança;177;612;0;0;0
09.813.204/0001-16;2024-12-31;1;138763;W2W E-COMMERCE DE VINHOS S.A.;Liderança;39;41;0;1;0
09.813.204/0001-16;2024-12-31;1;138763;W2W E-COMMERCE DE VINHOS S.A.;Não-liderança;188;195;3;1;7
10.139.870/0001-08;2024-12-31;6;141742;NEOGRID PARTICIPAÇÕES S.A.;Liderança;66;100;0;0;0
10.139.870/0001-08;2024-12-31;6;141742;NEOGRID PARTICIPAÇÕES S.A.;Não-liderança;325;420;0;0;0
10.285.590/0001-08;2024-12-31;1;138827;GRUPO DE MODA SOMA S.A.;Liderança;823;388;0;0;0
10.285.590/0001-08;2024-12-31;1;138827;GRUPO DE MODA SOMA S.A.;Não-liderança;8922;3148;0;0;0
10.324.624/0001-18;2024-12-31;2;138909;CONCESSÃO METROVIÁRIA DO RIO DE JANEIRO S.A.;Liderança;27;141;0;0;0
10.324.624/0001-18;2024-12-31;2;138909;CONCESSÃO METROVIÁRIA DO RIO DE JANEIRO S.A.;Não-liderança;450;1538;0;0;0
10.338.320/0001-00;2024-12-31;1;137716;AFLUENTE TRANSMISSÃO DE ENERGIA ELÉTRICA S/A;Liderança;0;2;0;0;0
10.338.320/0001-00;2024-12-31;1;137716;AFLUENTE TRANSMISSÃO DE ENERGIA ELÉTRICA S/A;Não-liderança;0;3;0;0;0
10.488.244/0001-19;2024-12-31;1;138293;INFRASEC SECURITIZADORA S.A.;Liderança;0;1;0;0;0
10.488.244/0001-19;2024-12-31;1;138293;INFRASEC SECURITIZADORA S.A.;Não-liderança;0;1;0;0;0
10.502.676/0001-37;2024-12-31;3;141444;TERMELÉTRICA PERNAMBUCO III S.A.;Liderança;0;12;0;0;0
10.502.676/0001-37;2024-12-31;3;141444;TERMELÉTRICA PERNAMBUCO III S.A.;Não-liderança;4;26;0;0;0
10.571.175/0001-02;2024-12-31;3;140587;URBA DESENVOLVIMENTO URBANO S.A.;Liderança;28;31;0;0;0
10.571.175/0001-02;2024-12-31;3;140587;URBA DESENVOLVIMENTO URBANO S.A.;Não-liderança;90;115;0;0;0
10.629.105/0001-68;2024-12-31;2;139065;PRIO S.A.;Liderança;19;126;0;0;0
10.629.105/0001-68;2024-12-31;2;139065;PRIO S.A.;Não-liderança;110;487;0;0;0
10.635.691/0001-53;2024-12-31;2;138986;VIARONDON CONCESSIONÁRIA DE RODOVIA S.A.;Liderança;31;60;0;0;0
10.635.691/0001-53;2024-12-31;2;138986;VIARONDON CONCESSIONÁRIA DE RODOVIA S.A.;Não-liderança;243;347;0;0;0
10.739.356/0001-03;2024-12-31;3;141965;BR ADVISORY PARTNERS PARTICIPAÇÕES S.A.;Liderança;10;47;0;0;0
10.739.356/0001-03;2024-12-31;3;141965;BR ADVISORY PARTNERS PARTICIPAÇÕES S.A.;Não-liderança;34;67;0;0;0
10.760.260/0001-19;2024-12-31;8;141733;CVC BRASIL OPERADORA E AGÊNCIA DE VIAGENS S.A.;Liderança;78;71;0;0;171
10.760.260/0001-19;2024-12-31;8;141733;CVC BRASIL OPERADORA E AGÊNCIA DE VIAGENS S.A.;Não-liderança;541;254;2;0;1011
10.807.374/0001-77;2024-12-31;6;141920;BOA SAFRA SEMENTES S.A.;Liderança;13;53;0;0;0
10.807.374/0001-77;2024-12-31;6;141920;BOA SAFRA SEMENTES S.A.;Não-liderança;135;445;0;0;0
10.835.932/0001-08;2024-12-31;1;137848;CIA ENERGETICA DE PERNAMBUCO - CELPE;Liderança;75;137;0;0;0
10.835.932/0001-08;2024-12-31;1;137848;CIA ENERGETICA DE PERNAMBUCO - CELPE;Não-liderança;604;2610;0;0;0
11.284.204/0001-18;2024-12-31;1;138527;YOU INC INCORPORADORA E PARTICIPAÇÃO S.A;Liderança;15;20;0;0;0
11.284.204/0001-18;2024-12-31;1;138527;YOU INC INCORPORADORA E PARTICIPAÇÃO S.A;Não-liderança;37;24;0;0;0
11.421.994/0001-36;2024-12-31;6;141758;ORIZON VALORIZAÇÃO DE RESÍDUOS S.A.;Liderança;55;177;0;0;0
11.421.994/0001-36;2024-12-31;6;141758;ORIZON VALORIZAÇÃO DE RESÍDUOS S.A.;Não-liderança;348;1376;0;0;0
11.669.021/0001-10;2024-12-31;4;142083;ENAUTA PARTICIPAÇÕES S.A.;Liderança;24;41;0;0;0
11.669.021/0001-10;2024-12-31;4;142083;ENAUTA PARTICIPAÇÕES S.A.;Não-liderança;47;46;0;1;4
11.721.921/0001-60;2024-12-31;4;141141;ALPER CONSULTORIA E CORRETORA DE SEGUROS S.A.;Liderança;100;95;0;0;0
11.721.921/0001-60;2024-12-31;4;141141;ALPER CONSULTORIA E CORRETORA DE SEGUROS S.A.;Não-liderança;580;237;0;0;0
11.992.680/0001-93;2024-12-31;4;142044;QUALICORP CONSULTORIA E CORRETORA DE SEGUROS S.A.;Liderança;123;93;0;0;0
11.992.680/0001-93;2024-12-31;4;142044;QUALICORP CONSULTORIA E CORRETORA DE SEGUROS S.A.;Não-liderança;1091;469;0;0;0
12.049.631/0001-84;2024-12-31;4;139918;MOURA DUBEUX ENGENHARIA S/A;Liderança;57;88;0;0;0
12.049.631/0001-84;2024-12-31;4;139918;MOURA DUBEUX ENGENHARIA S/A;Não-liderança;494;4445;0;0;0
12.091.809/0001-55;2024-12-31;7;141817;3R PETROLEUM ÓLEO E GÁS S.A.;Liderança;31;163;0;0;0
12.091.809/0001-55;2024-12-31;7;141817;3R PETROLEUM ÓLEO E GÁS S.A.;Não-liderança;194;392;0;0;0
12.104.241/0004-02;2024-12-31;11;141882;ONCOCLÍNICAS DO BRASIL SERVIÇOS MÉDICOS S.A.;Liderança;485;202;0;0;0
12.104.241/0004-02;2024-12-31;11;141882;ONCOCLÍNICAS DO BRASIL SERVIÇOS MÉDICOS S.A.;Não-liderança;6116;1755;0;0;0
12.108.897/0001-50;2024-12-31;4;140378;D1000 VAREJO FARMA PARTICIPAÇÕES S.A.;Liderança;542;242;0;0;0
12.108.897/0001-50;2024-12-31;4;140378;D1000 VAREJO FARMA PARTICIPAÇÕES S.A.;Não-liderança;2316;1061;0;0;0
12.181.987/0001-77;2024-12-31;6;141712;MELNICK DESENVOLVIMENTO IMOBILIÁRIO S.A.;Liderança;44;67;0;0;0
12.181.987/0001-77;2024-12-31;6;141712;MELNICK DESENVOLVIMENTO IMOBILIÁRIO S.A.;Não-liderança;292;364;0;0;0
12.300.288/0001-07;2024-12-31;5;141513;NORTE ENERGIA S.A.;Liderança;4;15;0;4;0
12.300.288/0001-07;2024-12-31;5;141513;NORTE ENERGIA S.A.;Não-liderança;111;290;1;20;20
12.420.164/0001-57;2024-12-31;6;141967;CM HOSPITALAR S.A;Liderança;320;386;0;0;1
12.420.164/0001-57;2024-12-31;6;141967;CM HOSPITALAR S.A;Não-liderança;3133;2714;11;11;92
12.528.708/0001-07;2024-12-31;3;141667;AERIS IND. E COM. DE EQUIP. PARA GER. DE ENG. S.A.;Liderança;60;264;0;0;0
12.528.708/0001-07;2024-12-31;3;141667;AERIS IND. E COM. DE EQUIP. PARA GER. DE ENG. S.A.;Não-liderança;1108;4712;0;0;0
12.648.266/0001-24;2024-12-31;6;142019;AMBIPAR PARTICIPAÇÕES E EMPREENDIMENTOS S.A.;Liderança;628;1472;0;0;0
12.648.266/0001-24;2024-12-31;6;142019;AMBIPAR PARTICIPAÇÕES E EMPREENDIMENTOS S.A.;Não-liderança;2490;9982;0;4;0
12.648.327/0001-53;2024-12-31;9;142156;HIDROVIAS DO BRASIL S.A.;Liderança;40;32;0;0;0
12.648.327/0001-53;2024-12-31;9;142156;HIDROVIAS DO BRASIL S.A.;Não-liderança;65;51;0;0;0
13.009.717/0001-46;2024-12-31;5;142035;BCO ESTADO DE SERGIPE S.A. - BANESE;Liderança;157;213;0;0;0
13.009.717/0001-46;2024-12-31;5;142035;BCO ESTADO DE SERGIPE S.A. - BANESE;Não-liderança;208;327;0;0;0
13.217.485/0001-11;2024-12-31;3;141452;GRUPO SBF S.A.;Liderança;499;543;0;0;0
13.217.485/0001-11;2024-12-31;3;141452;GRUPO SBF S.A.;Não-liderança;4338;3858;0;0;0
13.270.520/0001-66;2024-12-31;3;141688;KORA SAÚDE PARTICIPAÇÕES S.A.;Liderança;251;113;0;0;0
13.270.520/0001-66;2024-12-31;3;141688;KORA SAÚDE PARTICIPAÇÕES S.A.;Não-liderança;7616;2040;0;0;0
13.444.994/0001-87;2024-12-31;2;139037;MLOG S.A.;Liderança;25;111;0;0;0
13.444.994/0001-87;2024-12-31;2;139037;MLOG S.A.;Não-liderança;49;258;0;0;0
13.522.948/0001-59;2024-12-31;2;139860;SAFIRA HOLDING S.A.;Liderança;4;15;0;0;0
13.522.948/0001-59;2024-12-31;2;139860;SAFIRA HOLDING S.A.;Não-liderança;50;72;0;0;0
13.574.594/0001-96;2024-12-31;7;142143;ZAMP SA;Liderança;1691;1525;0;0;0
13.574.594/0001-96;2024-12-31;7;142143;ZAMP SA;Não-liderança;7039;6316;0;0;0
13.783.221/0004-78;2024-12-31;2;139757;MADERO INDÚSTRIA E COMÉRCIO S.A.;Liderança;519;841;5;13;382
13.783.221/0004-78;2024-12-31;2;139757;MADERO INDÚSTRIA E COMÉRCIO S.A.;Não-liderança;1128;1558;24;21;2930
14.110.585/0001-07;2024-12-31;5;141806;MÉLIUZ S.A.;Liderança;30;41;0;0;0
14.110.585/0001-07;2024-12-31;5;141806;MÉLIUZ S.A.;Não-liderança;68;92;1;0;1
14.127.813/0001-51;2024-12-31;4;142094;GETNINJAS S.A.;Liderança;8;14;0;0;4
14.127.813/0001-51;2024-12-31;4;142094;GETNINJAS S.A.;Não-liderança;53;60;1;0;7
14.191.427/0001-29;2024-12-31;1;137779;GRANBIO INVESTIMENTOS S.A.;Liderança;0;7;0;0;0
14.191.427/0001-29;2024-12-31;1;137779;GRANBIO INVESTIMENTOS S.A.;Não-liderança;11;17;0;0;0
14.388.334/0001-99;2024-12-31;8;142132;PARANA BCO S.A.;Liderança;42;33;0;0;0
14.388.334/0001-99;2024-12-31;8;142132;PARANA BCO S.A.;Não-liderança;213;104;0;0;0
14.776.142/0001-50;2024-12-31;1;138697;WESTWING COMÉRCIO VAREJISTA S.A.;Liderança;47;42;0;0;0
14.776.142/0001-50;2024-12-31;1;138697;WESTWING COMÉRCIO VAREJISTA S.A.;Não-liderança;228;203;3;1;1
14.785.152/0001-51;2024-12-31;3;142095;HBR REALTY EMPREENDIMENTOS IMOBILIÁRIOS S.A.;Liderança;9;19;0;0;0
14.785.152/0001-51;2024-12-31;3;142095;HBR REALTY EMPREENDIMENTOS IMOBILIÁRIOS S.A.;Não-liderança;48;13;0;0;0
14.796.754/0001-04;2024-12-31;3;140776;ENGELHART CTP (BRASIL) S.A.;Liderança;0;0;0;0;0
14.796.754/0001-04;2024-12-31;3;140776;ENGELHART CTP (BRASIL) S.A.;Não-liderança;0;0;0;0;0
14.807.945/0001-24;2024-12-31;1;138712;SANSUY S.A. INDUSTRIA DE PLASTICOS;Liderança;6;47;0;0;0
14.807.945/0001-24;2024-12-31;1;138712;SANSUY S.A. INDUSTRIA DE PLASTICOS;Não-liderança;131;1228;0;0;5
14.882.295/0001-81;2024-12-31;2;142130;CBO HOLDING S.A.;Liderança;95;589;0;0;0
14.882.295/0001-81;2024-12-31;2;142130;CBO HOLDING S.A.;Não-liderança;194;1013;0;0;0
14.998.371/0001-19;2024-12-31;2;139436;J. MACEDO S.A.;Liderança;62;211;0;0;0
14.998.371/0001-19;2024-12-31;2;139436;J. MACEDO S.A.;Não-liderança;496;1866;0;0;0
15.073.274/0001-88;2024-12-31;1;138753;PPLA PARTICIPATIONS LTD.;Liderança;0;2;0;0;0
15.073.274/0001-88;2024-12-31;1;138753;PPLA PARTICIPATIONS LTD.;Não-liderança;0;0;0;0;1
15.115.504/0001-24;2024-12-31;1;138505;TRONOX PIGMENTOS DO BRASIL S.A.;Liderança;13;35;0;0;0
15.115.504/0001-24;2024-12-31;1;138505;TRONOX PIGMENTOS DO BRASIL S.A.;Não-liderança;39;255;0;0;0
15.139.629/0001-94;2024-12-31;2;138988;CIA ELETRICIDADE EST. DA BAHIA - COELBA;Liderança;118;208;0;0;0
15.139.629/0001-94;2024-12-31;2;138988;CIA ELETRICIDADE EST. DA BAHIA - COELBA;Não-liderança;941;4143;0;0;0
15.141.799/0001-03;2024-12-31;1;138639;CIA FERRO LIGAS DA BAHIA - FERBASA;Liderança;17;117;0;22;0
15.141.799/0001-03;2024-12-31;1;138639;CIA FERRO LIGAS DA BAHIA - FERBASA;Não-liderança;268;2329;5;433;7
16.233.389/0001-55;2024-12-31;4;141891;CVLB BRASIL S.A;Liderança;627;398;0;0;0
16.233.389/0001-55;2024-12-31;4;141891;CVLB BRASIL S.A;Não-liderança;1828;1781;0;0;0
16.234.171/0001-15;2024-12-31;5;142091;METANOR SA METANOL DO NE;Liderança;2;5;0;0;0
16.234.171/0001-15;2024-12-31;5;142091;METANOR SA METANOL DO NE;Não-liderança;14;49;0;0;0
16.404.287/0001-55;2024-12-31;3;141333;SUZANO S.A.;Liderança;408;1160;0;0;0
16.404.287/0001-55;2024-12-31;3;141333;SUZANO S.A.;Não-liderança;3748;15591;0;0;0
16.590.234/0001-76;2024-12-31;15;142145;AZZAS 2154 S.A.;Liderança;437;395;0;0;0
16.590.234/0001-76;2024-12-31;15;142145;AZZAS 2154 S.A.;Não-liderança;3869;2871;0;0;0
16.614.075/0001-00;2024-12-31;2;139564;DIRECIONAL ENGENHARIA S.A.;Liderança;117;140;0;0;0
16.614.075/0001-00;2024-12-31;2;139564;DIRECIONAL ENGENHARIA S.A.;Não-liderança;949;6145;0;0;0
16.670.085/0001-55;2024-12-31;6;141976;LOCALIZA RENT A CAR S.A.;Liderança;922;975;0;0;0
16.670.085/0001-55;2024-12-31;6;141976;LOCALIZA RENT A CAR S.A.;Não-liderança;8101;10663;0;0;0
16.676.520/0001-59;2024-12-31;5;142146;HOSPITAL MATER DEI S.A.;Liderança;363;93;0;0;0
16.676.520/0001-59;2024-12-31;5;142146;HOSPITAL MATER DEI S.A.;Não-liderança;6715;2124;0;0;0
16.811.931/0001-00;2024-12-31;6;139891;ALPHAVILLE S.A.;Liderança;106;96;0;0;0
16.811.931/0001-00;2024-12-31;6;139891;ALPHAVILLE S.A.;Não-liderança;48;52;0;0;0
16.922.038/0001-51;2024-12-31;4;139861;ENJOEI S.A.;Liderança;43;48;0;0;0
16.922.038/0001-51;2024-12-31;4;139861;ENJOEI S.A.;Não-liderança;164;136;2;1;0
17.155.730/0001-64;2024-12-31;3;141300;CIA ENERGETICA DE MINAS GERAIS - CEMIG;Liderança;40;168;0;0;0
17.155.730/0001-64;2024-12-31;3;141300;CIA ENERGETICA DE MINAS GERAIS - CEMIG;Não-liderança;657;4059;0;0;0
17.159.229/0001-76;2024-12-31;1;137952;LABORATÓRIO TEUTO BRASILEIRO S.A.;Liderança;88;108;0;0;0
17.159.229/0001-76;2024-12-31;1;137952;LABORATÓRIO TEUTO BRASILEIRO S.A.;Não-liderança;1561;1767;0;0;0
17.161.241/0001-15;2024-12-31;3;141526;MINASMAQUINAS S.A.;Liderança;7;38;0;0;0
17.161.241/0001-15;2024-12-31;3;141526;MINASMAQUINAS S.A.;Não-liderança;122;355;0;0;0
17.162.082/0001-73;2024-12-31;1;138104;MENDES JUNIOR ENGENHARIA S.A.;Liderança;1;2;0;0;0
17.162.082/0001-73;2024-12-31;1;138104;MENDES JUNIOR ENGENHARIA S.A.;Não-liderança;0;6;0;0;0
17.167.396/0001-69;2024-12-31;4;142108;ALFA HOLDINGS S.A.;Liderança;0;0;0;0;0
17.167.396/0001-69;2024-12-31;4;142108;ALFA HOLDINGS S.A.;Não-liderança;0;0;0;0;0
17.184.037/0001-10;2024-12-31;6;141592;BCO MERCANTIL DO BRASIL S.A.;Liderança;289;382;0;0;0
17.184.037/0001-10;2024-12-31;6;141592;BCO MERCANTIL DO BRASIL S.A.;Não-liderança;1261;1073;0;0;0
17.245.234/0001-00;2024-12-31;4;141308;CIA FIACAO TECIDOS CEDRO CACHOEIRA;Liderança;22;154;0;0;0
17.245.234/0001-00;2024-12-31;4;141308;CIA FIACAO TECIDOS CEDRO CACHOEIRA;Não-liderança;997;2194;0;0;0
17.281.106/0001-03;2024-12-31;7;142097;CIA SANEAMENTO DE MINAS GERAIS-COPASA MG;Liderança;64;1221;0;0;0
17.281.106/0001-03;2024-12-31;7;142097;CIA SANEAMENTO DE MINAS GERAIS-COPASA MG;Não-liderança;789;7468;0;0;0
17.314.329/0001-20;2024-12-31;5;141310;INTERNATIONAL MEAL COMPANY ALIMENTACAO S.A.;Liderança;170;223;0;0;0
17.314.329/0001-20;2024-12-31;5;141310;INTERNATIONAL MEAL COMPANY ALIMENTACAO S.A.;Não-liderança;4065;2724;0;535;0
17.344.597/0001-94;2024-12-31;5;142047;BB SEGURIDADE PARTICIPAÇÕES S.A.;Liderança;9;28;0;0;0
17.344.597/0001-94;2024-12-31;5;142047;BB SEGURIDADE PARTICIPAÇÕES S.A.;Não-liderança;59;91;0;0;0
17.359.233/0001-88;2024-12-31;1;137822;TECIDOS E ARMARINHOS MIGUEL BARTOLOMEU S.A.;Liderança;36;244;0;0;0
17.359.233/0001-88;2024-12-31;1;137822;TECIDOS E ARMARINHOS MIGUEL BARTOLOMEU S.A.;Não-liderança;542;1843;0;0;0
18.174.270/0001-84;2024-12-31;4;140341;DOTZ S.A.;Liderança;20;33;0;0;0
18.174.270/0001-84;2024-12-31;4;140341;DOTZ S.A.;Não-liderança;87;119;0;0;0
18.328.118/0001-09;2024-12-31;4;141803;PET CENTER COMÉRCIO E PARTICIPAÇÕES S.A.;Liderança;304;358;0;18;0
18.328.118/0001-09;2024-12-31;4;141803;PET CENTER COMÉRCIO E PARTICIPAÇÕES S.A.;Não-liderança;3552;2851;0;117;82
18.483.666/0001-03;2024-12-31;2;139849;HUMBERG AGRIBRASIL COMÉRCIO E EXPORTAÇÃO DE GRÃOS S.A.;Liderança;4;15;0;0;0
18.483.666/0001-03;2024-12-31;2;139849;HUMBERG AGRIBRASIL COMÉRCIO E EXPORTAÇÃO DE GRÃOS S.A.;Não-liderança;17;14;0;0;0
18.593.815/0001-97;2024-12-31;6;141938;PRINER SERVIÇOS INDUSTRIAIS S.A.;Liderança;61;451;0;0;0
18.593.815/0001-97;2024-12-31;6;141938;PRINER SERVIÇOS INDUSTRIAIS S.A.;Não-liderança;530;4525;0;0;0
19.014.221/0001-47;2024-12-31;1;138393;CHINA THREE GORGES BRASIL ENERGIA S.A.;Liderança;27;121;0;0;0
19.014.221/0001-47;2024-12-31;1;138393;CHINA THREE GORGES BRASIL ENERGIA S.A.;Não-liderança;173;630;0;0;0
19.403.252/0001-90;2024-12-31;4;142135;EMCCAMP RESIDENCIAL S.A.;Liderança;44;152;0;0;0
19.403.252/0001-90;2024-12-31;4;142135;EMCCAMP RESIDENCIAL S.A.;Não-liderança;315;630;0;0;0
19.521.322/0001-04;2024-12-31;2;141016;CONCESSIONÁRIA ROTA DO OESTE S.A.;Liderança;13;49;0;0;0
19.521.322/0001-04;2024-12-31;2;141016;CONCESSIONÁRIA ROTA DO OESTE S.A.;Não-liderança;389;377;0;0;0
19.526.748/0001-50;2024-12-31;1;138597;CIA INDUSTRIAL CATAGUASES;Liderança;13;46;0;0;0
19.526.748/0001-50;2024-12-31;1;138597;CIA INDUSTRIAL CATAGUASES;Não-liderança;325;684;0;0;0
19.796.586/0001-70;2024-12-31;4;141567;BRISANET PARTICIPAÇÕES S.A.;Liderança;178;556;0;0;0
19.796.586/0001-70;2024-12-31;4;141567;BRISANET PARTICIPAÇÕES S.A.;Não-liderança;1803;5047;0;0;0
20.247.322/0001-47;2024-12-31;4;140565;ALLIED TECNOLOGIA S.A.;Liderança;110;134;0;0;0
20.247.322/0001-47;2024-12-31;4;140565;ALLIED TECNOLOGIA S.A.;Não-liderança;394;468;0;0;0
20.258.278/0001-70;2024-12-31;2;139805;OUROFINO S.A.;Liderança;48;73;0;0;0
20.258.278/0001-70;2024-12-31;2;139805;OUROFINO S.A.;Não-liderança;333;506;0;0;0
20.512.706/0001-40;2024-12-31;10;142123;VITRU BRASIL EMPREENDIMENTOS, PARTICIPAÇÕES E COMÉRCIO S.A.;Liderança;541;350;0;0;0
20.512.706/0001-40;2024-12-31;10;142123;VITRU BRASIL EMPREENDIMENTOS, PARTICIPAÇÕES E COMÉRCIO S.A.;Não-liderança;6267;3705;0;0;0
21.110.778/0001-23;2024-12-31;1;138521;OLIVEIRA TRUST S.A.;Liderança;9;29;0;0;0
21.110.778/0001-23;2024-12-31;1;138521;OLIVEIRA TRUST S.A.;Não-liderança;108;194;0;0;0
21.254.073/0001-80;2024-12-31;2;141367;COMPANHIA ITAUNENSE ENERGIA E PARTICIPAÇÕES;Liderança;0;3;0;0;0
21.254.073/0001-80;2024-12-31;2;141367;COMPANHIA ITAUNENSE ENERGIA E PARTICIPAÇÕES;Não-liderança;5;4;0;0;0
21.314.559/0001-66;2024-12-31;8;141731;MOVIDA PARTICIPACOES SA;Liderança;324;479;0;0;0
21.314.559/0001-66;2024-12-31;8;141731;MOVIDA PARTICIPACOES SA;Não-liderança;2329;3291;0;0;0
21.389.501/0001-81;2024-12-31;3;141710;COMPASS GÁS E ENERGIA S.A.;Liderança;12;19;0;0;0
21.389.501/0001-81;2024-12-31;3;141710;COMPASS GÁS E ENERGIA S.A.;Não-liderança;25;14;0;0;0
21.948.105/0001-47;2024-12-31;1;138601;BTGI QUARTZO PARTICIPAÇÕES S/A;Liderança;0;5;0;0;0
21.948.105/0001-47;2024-12-31;1;138601;BTGI QUARTZO PARTICIPAÇÕES S/A;Não-liderança;0;1;0;0;0
21.976.510/0001-79;2024-12-31;1;138662;BTGI SAFIRA PARTICIPAÇÕES S/A;Liderança;0;5;0;0;0
21.976.510/0001-79;2024-12-31;1;138662;BTGI SAFIRA PARTICIPAÇÕES S/A;Não-liderança;0;1;0;0;0
22.261.473/0001-85;2024-12-31;5;141411;COMPANHIA DE GÁS DE MINAS GERAIS - GASMIG;Liderança;6;35;0;0;0
22.261.473/0001-85;2024-12-31;5;141411;COMPANHIA DE GÁS DE MINAS GERAIS - GASMIG;Não-liderança;32;83;0;0;0
22.266.175/0001-88;2024-12-31;3;141917;FERTILIZANTES HERINGER S.A.;Liderança;25;152;0;0;0
22.266.175/0001-88;2024-12-31;3;141917;FERTILIZANTES HERINGER S.A.;Não-liderança;210;1134;0;0;0
22.543.331/0001-00;2024-12-31;3;142144;CAIXA SEGURIDADE PARTICIPAÇÕES S.A.;Liderança;25;38;0;0;0
22.543.331/0001-00;2024-12-31;3;142144;CAIXA SEGURIDADE PARTICIPAÇÕES S.A.;Não-liderança;44;24;0;0;0
23.041.875/0001-37;2024-12-31;3;142005;ALMACENES ÉXITO S.A.;Liderança;278;460;0;0;0
23.041.875/0001-37;2024-12-31;3;142005;ALMACENES ÉXITO S.A.;Não-liderança;16401;16255;0;4;0
23.236.821/0001-27;2024-12-31;2;141498;PATRIMAR ENGENHARIA S.A.;Liderança;40;46;0;0;0
23.236.821/0001-27;2024-12-31;2;141498;PATRIMAR ENGENHARIA S.A.;Não-liderança;262;913;0;0;0
23.373.000/0001-32;2024-12-31;6;141467;VAMOS LOCAÇÃO DE CAMINHÕES, MÁQUINAS E EQUIPAMENTOS S.A.;Liderança;78;325;0;0;0
23.373.000/0001-32;2024-12-31;6;141467;VAMOS LOCAÇÃO DE CAMINHÕES, MÁQUINAS E EQUIPAMENTOS S.A.;Não-liderança;560;2502;0;0;0
23.438.929/0001-00;2024-12-31;4;139522;TRIPLE PLAY BRASIL PARTICIPAÇÕES S.A.;Liderança;70;187;0;0;0
23.438.929/0001-00;2024-12-31;4;139522;TRIPLE PLAY BRASIL PARTICIPAÇÕES S.A.;Não-liderança;771;1220;0;0;0
24.230.275/0001-80;2024-12-31;4;141595;PLANO & PLANO DESENVOLVIMENTO IMOBILIÁRIO S.A.;Liderança;53;158;0;0;0
24.230.275/0001-80;2024-12-31;4;141595;PLANO & PLANO DESENVOLVIMENTO IMOBILIÁRIO S.A.;Não-liderança;203;455;0;0;0
24.396.489/0001-20;2024-12-31;4;141480;BRK AMBIENTAL PARTICIPAÇÕES S.A.;Liderança;266;565;0;0;0
24.396.489/0001-20;2024-12-31;4;141480;BRK AMBIENTAL PARTICIPAÇÕES S.A.;Não-liderança;1117;3979;0;0;0
24.921.465/0001-43;2024-12-31;2;138339;BLUEFIT ACADEMIAS DE GINÁSTICA E PARTICIPAÇÕES S.A.;Liderança;11;34;0;0;0
24.921.465/0001-43;2024-12-31;2;138339;BLUEFIT ACADEMIAS DE GINÁSTICA E PARTICIPAÇÕES S.A.;Não-liderança;600;1009;0;0;0
24.962.466/0001-36;2024-12-31;2;139365;RUMO MALHA NORTE S.A.;Liderança;94;189;0;0;0
24.962.466/0001-36;2024-12-31;2;139365;RUMO MALHA NORTE S.A.;Não-liderança;439;1534;0;0;0
24.990.777/0001-09;2024-12-31;3;141096;GRUPO MATEUS S.A.;Liderança;1191;2910;0;0;0
24.990.777/0001-09;2024-12-31;3;141096;GRUPO MATEUS S.A.;Não-liderança;21087;32935;0;0;0
25.249.439/0001-83;2024-12-31;1;138605;HOSPITAL CARE CALEDONIA S.A.;Liderança;138;63;0;0;0
25.249.439/0001-83;2024-12-31;1;138605;HOSPITAL CARE CALEDONIA S.A.;Não-liderança;5315;1475;0;0;0
25.369.840/0001-57;2024-12-31;4;141606;COMERC ENERGIA S.A.;Liderança;47;90;0;0;0
25.369.840/0001-57;2024-12-31;4;141606;COMERC ENERGIA S.A.;Não-liderança;237;391;0;0;0
26.072.786/0001-46;2024-12-31;2;141423;QESTRA TECNOLOGIA ADMINISTRAÇÃO E PARTICIPAÇÕES S.A.;Liderança;0;0;0;29;0
26.072.786/0001-46;2024-12-31;2;141423;QESTRA TECNOLOGIA ADMINISTRAÇÃO E PARTICIPAÇÕES S.A.;Não-liderança;0;0;0;1050;0
26.345.998/0001-50;2024-12-31;4;141706;TC S.A.;Liderança;8;35;0;0;0
26.345.998/0001-50;2024-12-31;4;141706;TC S.A.;Não-liderança;43;83;0;0;0
26.462.693/0001-28;2024-12-31;1;138281;LAVVI EMPREENDIMENTOS IMOBILIÁRIOS S.A.;Liderança;43;46;0;0;0
26.462.693/0001-28;2024-12-31;1;138281;LAVVI EMPREENDIMENTOS IMOBILIÁRIOS S.A.;Não-liderança;56;254;0;0;0
26.659.061/0001-59;2024-12-31;6;142157;MPM CORPÓREOS S.A.;Liderança;670;57;0;0;0
26.659.061/0001-59;2024-12-31;6;142157;MPM CORPÓREOS S.A.;Não-liderança;3784;148;0;0;0
27.093.558/0001-15;2024-12-31;7;142012;MILLS LOCAÇÃO, SERVIÇOS E LOGÍSTICA S.A.;Liderança;55;170;0;0;0
27.093.558/0001-15;2024-12-31;7;142012;MILLS LOCAÇÃO, SERVIÇOS E LOGÍSTICA S.A.;Não-liderança;496;1363;0;0;0
27.743.642/0001-37;2024-12-31;3;141818;CONSTRUTORA METROCASA S.A.;Liderança;0;1;0;0;0
27.743.642/0001-37;2024-12-31;3;141818;CONSTRUTORA METROCASA S.A.;Não-liderança;1;2;0;0;0
28.127.603/0001-78;2024-12-31;4;140465;BANESTES S.A. - BCO EST ESPIRITO SANTO;Liderança;227;299;0;0;0
28.127.603/0001-78;2024-12-31;4;140465;BANESTES S.A. - BCO EST ESPIRITO SANTO;Não-liderança;650;914;0;0;0
28.195.667/0001-06;2024-12-31;6;141948;BCO ABC BRASIL S.A.;Liderança;61;153;0;0;0
28.195.667/0001-06;2024-12-31;6;141948;BCO ABC BRASIL S.A.;Não-liderança;327;564;0;0;0
28.594.234/0001-23;2024-12-31;7;141751;AUREN ENERGIA S.A.;Liderança;18;29;1;0;38
28.594.234/0001-23;2024-12-31;7;141751;AUREN ENERGIA S.A.;Não-liderança;57;67;1;0;141
29.780.061/0001-09;2024-12-31;2;141540;SAO CARLOS EMPREEND E PARTICIPACOES S.A.;Liderança;9;16;0;0;0
29.780.061/0001-09;2024-12-31;2;141540;SAO CARLOS EMPREEND E PARTICIPACOES S.A.;Não-liderança;19;22;0;0;0
29.950.060/0001-57;2024-12-31;2;139810;NORTEC QUÍMICA S.A.;Liderança;8;22;0;0;0
29.950.060/0001-57;2024-12-31;2;139810;NORTEC QUÍMICA S.A.;Não-liderança;56;227;0;0;0
29.980.141/0001-08;2024-12-31;2;139425;OCEÂNICA ENGENHARIA E CONSULTORIA S.A.;Liderança;27;60;0;0;0
29.980.141/0001-08;2024-12-31;2;139425;OCEÂNICA ENGENHARIA E CONSULTORIA S.A.;Não-liderança;150;1885;0;0;0
30.213.493/0001-09;2024-12-31;3;142154;TEGRA INCORPORADORA S.A.;Liderança;80;114;0;0;0
30.213.493/0001-09;2024-12-31;3;142154;TEGRA INCORPORADORA S.A.;Não-liderança;224;662;0;0;0
30.306.294/0001-45;2024-12-31;4;141596;BCO BTG PACTUAL S.A.;Liderança;519;1520;0;0;0
30.306.294/0001-45;2024-12-31;4;141596;BCO BTG PACTUAL S.A.;Não-liderança;1527;3009;0;0;0
30.540.991/0001-66;2024-12-31;1;136172;HAGA S.A. INDUSTRIA E COMERCIO;Liderança;3;20;0;0;0
30.540.991/0001-66;2024-12-31;1;136172;HAGA S.A. INDUSTRIA E COMERCIO;Não-liderança;53;80;0;0;0
31.553.627/0001-01;2024-12-31;3;141862;MOBLY S.A.;Liderança;51;140;0;0;0
31.553.627/0001-01;2024-12-31;3;141862;MOBLY S.A.;Não-liderança;235;327;0;0;58
31.748.174/0001-60;2024-12-31;2;141849;VERO S.A.;Liderança;131;358;0;0;0
31.748.174/0001-60;2024-12-31;2;141849;VERO S.A.;Não-liderança;1101;1704;0;0;0
32.021.201/0001-61;2024-12-31;1;138807;ORIGEM ENERGIA S.A.;Liderança;59;175;0;0;2
32.021.201/0001-61;2024-12-31;1;138807;ORIGEM ENERGIA S.A.;Não-liderança;178;538;1;8;13
32.681.371/0001-72;2024-12-31;3;141755;VIX LOGÍSTICA S.A.;Liderança;120;654;0;0;0
32.681.371/0001-72;2024-12-31;3;141755;VIX LOGÍSTICA S.A.;Não-liderança;1535;9270;0;0;0
32.785.497/0001-97;2024-12-31;8;142139;NATURA &CO HOLDING S.A.;Liderança;360;259;0;0;0
32.785.497/0001-97;2024-12-31;8;142139;NATURA &CO HOLDING S.A.;Não-liderança;4153;2910;0;0;3
33.000.167/0001-01;2024-12-31;12;142082;PETROLEO BRASILEIRO S.A. PETROBRAS;Liderança;237;605;0;0;3782
33.000.167/0001-01;2024-12-31;12;142082;PETROLEO BRASILEIRO S.A. PETROBRAS;Não-liderança;953;2918;17;0;31701
33.035.536/0001-00;2024-12-31;3;139959;JOAO FORTES ENGENHARIA S.A. - EM RECUPERAÇÃO JUDICIAL;Liderança;7;13;0;0;0
33.035.536/0001-00;2024-12-31;3;139959;JOAO FORTES ENGENHARIA S.A. - EM RECUPERAÇÃO JUDICIAL;Não-liderança;28;44;0;0;10
33.041.260/0652-90;2024-12-31;6;141702;GRUPO CASAS BAHIA S.A.;Liderança;490;994;0;0;0
33.041.260/0652-90;2024-12-31;6;141702;GRUPO CASAS BAHIA S.A.;Não-liderança;16900;19574;0;0;0
33.042.730/0001-04;2024-12-31;3;141349;CIA SIDERURGICA NACIONAL;Liderança;234;1336;0;0;0
33.042.730/0001-04;2024-12-31;3;141349;CIA SIDERURGICA NACIONAL;Não-liderança;6423;21041;0;0;0
33.050.071/0001-58;2024-12-31;4;142029;AMPLA ENERGIA E SERVICOS S.A.;Liderança;23;98;0;0;0
33.050.071/0001-58;2024-12-31;4;142029;AMPLA ENERGIA E SERVICOS S.A.;Não-liderança;250;1280;0;0;0
33.050.196/0001-88;2024-12-31;3;141684;CIA PAULISTA DE FORCA E LUZ;Liderança;47;185;0;0;0
33.050.196/0001-88;2024-12-31;3;141684;CIA PAULISTA DE FORCA E LUZ;Não-liderança;516;2892;0;0;0
33.102.476/0001-92;2024-12-31;2;140723;MONTEIRO ARANHA S.A.;Liderança;0;2;0;0;0
33.102.476/0001-92;2024-12-31;2;140723;MONTEIRO ARANHA S.A.;Não-liderança;11;10;0;0;0
33.113.309/0001-47;2024-12-31;5;141753;VALID SOLUÇÕES S.A.;Liderança;65;156;0;0;0
33.113.309/0001-47;2024-12-31;5;141753;VALID SOLUÇÕES S.A.;Não-liderança;1062;1246;0;0;0
33.130.691/0001-05;2024-12-31;5;141648;WILSON SONS S.A.;Liderança;104;245;0;0;1
33.130.691/0001-05;2024-12-31;5;141648;WILSON SONS S.A.;Não-liderança;702;2860;2;0;6
33.200.049/0001-47;2024-12-31;3;141565;HOTEIS OTHON S.A. - EM RECUPERAÇÃO JUDICIAL;Liderança;20;33;0;0;0
33.200.049/0001-47;2024-12-31;3;141565;HOTEIS OTHON S.A. - EM RECUPERAÇÃO JUDICIAL;Não-liderança;143;236;0;0;0
33.228.024/0001-51;2024-12-31;3;141608;WLM PART. E COMÉRCIO DE MÁQUINAS E VEÍCULOS S.A.;Liderança;0;0;0;0;133
33.228.024/0001-51;2024-12-31;3;141608;WLM PART. E COMÉRCIO DE MÁQUINAS E VEÍCULOS S.A.;Não-liderança;0;0;0;0;813
33.256.439/0001-39;2024-12-31;2;141230;ULTRAPAR PARTICIPACOES S.A.;Liderança;439;850;0;0;0
33.256.439/0001-39;2024-12-31;2;141230;ULTRAPAR PARTICIPACOES S.A.;Não-liderança;2779;5661;0;0;0
33.352.394/0001-04;2024-12-31;3;141295;CIA ESTADUAL DE ÁGUAS E ESGOTOS - CEDAE;Liderança;197;355;0;0;0
33.352.394/0001-04;2024-12-31;3;141295;CIA ESTADUAL DE ÁGUAS E ESGOTOS - CEDAE;Não-liderança;279;2224;0;0;0
33.376.989/0001-91;2024-12-31;10;141942;IRB - BRASIL RESSEGUROS S.A.;Liderança;16;38;0;0;0
33.376.989/0001-91;2024-12-31;10;141942;IRB - BRASIL RESSEGUROS S.A.;Não-liderança;162;164;0;0;0
33.386.210/0001-19;2024-12-31;1;138487;SONDOTECNICA ENGENHARIA SOLOS S.A.;Liderança;4;7;0;0;0
33.386.210/0001-19;2024-12-31;1;138487;SONDOTECNICA ENGENHARIA SOLOS S.A.;Não-liderança;109;184;0;0;0
33.453.598/0001-23;2024-03-31;21;141260;RAÍZEN S.A.;Liderança;663;1585;0;0;0
33.453.598/0001-23;2024-03-31;21;141260;RAÍZEN S.A.;Não-liderança;6981;34392;0;0;0
33.467.572/0001-34;2024-12-31;1;138305;TEKNO S.A. - INDUSTRIA E COMERCIO;Liderança;6;37;0;0;0
33.467.572/0001-34;2024-12-31;1;138305;TEKNO S.A. - INDUSTRIA E COMERCIO;Não-liderança;57;249;0;0;0
33.541.368/0001-16;2024-12-31;4;141872;CIA HIDRO ELÉTRICA DO SÃO FRANCISCO;Liderança;30;124;0;0;0
33.541.368/0001-16;2024-12-31;4;141872;CIA HIDRO ELÉTRICA DO SÃO FRANCISCO;Não-liderança;328;1861;0;0;0
33.572.408/0001-97;2024-12-31;3;139642;RUMO MALHA CENTRAL S.A.;Liderança;111;374;0;0;0
33.572.408/0001-97;2024-12-31;3;139642;RUMO MALHA CENTRAL S.A.;Não-liderança;856;6973;0;0;0
33.592.510/0001-54;2024-12-31;8;142079;VALE S.A.;Liderança;1212;4152;0;0;0
33.592.510/0001-54;2024-12-31;8;142079;VALE S.A.;Não-liderança;15086;46357;0;0;0
33.611.500/0001-19;2024-12-31;4;142120;GERDAU S.A.;Liderança;1186;3363;0;0;2
33.611.500/0001-19;2024-12-31;4;142120;GERDAU S.A.;Não-liderança;3407;22216;0;0;2
33.839.910/0001-11;2024-12-31;5;142050;VIVARA PARTICIPAÇÕES S.A.;Liderança;547;111;0;0;0
33.839.910/0001-11;2024-12-31;5;142050;VIVARA PARTICIPAÇÕES S.A.;Não-liderança;3966;441;0;0;0
33.938.119/0001-69;2024-12-31;2;141267;CIA DISTRIB DE GAS DO RIO DE JANEIRO-CEG;Liderança;42;42;0;0;0
33.938.119/0001-69;2024-12-31;2;141267;CIA DISTRIB DE GAS DO RIO DE JANEIRO-CEG;Não-liderança;78;133;0;0;0
33.958.695/0001-78;2024-12-31;4;141660;UNIPAR CARBOCLORO S.A.;Liderança;39;172;0;0;0
33.958.695/0001-78;2024-12-31;4;141660;UNIPAR CARBOCLORO S.A.;Não-liderança;178;1016;0;0;0
34.169.557/0001-72;2024-12-31;1;138626;BCO MERCANTIL DE INVESTIMENTOS S.A.;Liderança;0;3;0;0;0
34.169.557/0001-72;2024-12-31;1;138626;BCO MERCANTIL DE INVESTIMENTOS S.A.;Não-liderança;0;3;0;0;0
34.274.233/0001-02;2024-12-31;7;141509;VIBRA ENERGIA S/A;Liderança;74;213;0;0;0
34.274.233/0001-02;2024-12-31;7;141509;VIBRA ENERGIA S/A;Não-liderança;966;2268;0;0;0
35.727.157/0001-06;2024-12-31;2;139116;EZ INC INCORPORAÇÕES COMERCIAIS S.A.;Liderança;1;0;0;0;0
35.727.157/0001-06;2024-12-31;2;139116;EZ INC INCORPORAÇÕES COMERCIAIS S.A.;Não-liderança;4;42;0;0;0
35.791.391/0001-94;2024-12-31;2;138913;QUALITY SOFTWARE S.A.;Liderança;25;129;0;0;0
35.791.391/0001-94;2024-12-31;2;138913;QUALITY SOFTWARE S.A.;Não-liderança;477;1395;0;0;0
36.542.025/0001-64;2024-12-31;3;139728;BRQ SOLUCOES EM INFORMATICA S.A.;Liderança;54;115;0;0;0
36.542.025/0001-64;2024-12-31;3;139728;BRQ SOLUCOES EM INFORMATICA S.A.;Não-liderança;579;1575;1;1;1
37.663.076/0001-07;2024-12-31;9;142049;AES BRASIL ENERGIA S.A.;Liderança;30;78;0;0;0
37.663.076/0001-07;2024-12-31;9;142049;AES BRASIL ENERGIA S.A.;Não-liderança;181;381;0;0;0
37.702.340/0001-74;2024-12-31;1;138788;MONTE RODOVIAS S.A.;Liderança;52;37;0;0;0
37.702.340/0001-74;2024-12-31;1;138788;MONTE RODOVIAS S.A.;Não-liderança;347;153;0;0;0
38.199.406/0001-18;2024-12-31;4;141736;RIO ALTO ENERGIAS RENOVÁVEIS S.A.;Liderança;0;24;0;0;0
38.199.406/0001-18;2024-12-31;4;141736;RIO ALTO ENERGIAS RENOVÁVEIS S.A.;Não-liderança;42;368;0;0;23
38.307.135/0001-77;2024-12-31;3;140951;G2D INVESTMENTS, LTD.;Liderança;0;0;0;0;0
38.307.135/0001-77;2024-12-31;3;140951;G2D INVESTMENTS, LTD.;Não-liderança;0;0;0;0;0
38.456.921/0001-36;2024-12-31;3;139851;INFRACOMMERCE CXAAS S.A.;Liderança;92;142;0;0;0
38.456.921/0001-36;2024-12-31;3;139851;INFRACOMMERCE CXAAS S.A.;Não-liderança;1218;855;0;0;0
39.115.514/0001-28;2024-12-31;2;141357;RUMO MALHA OESTE S.A.;Liderança;111;374;0;0;0
39.115.514/0001-28;2024-12-31;2;141357;RUMO MALHA OESTE S.A.;Não-liderança;856;6973;0;0;0
39.346.861/0350-38;2024-12-31;2;139295;CENCOSUD BRASIL COMERCIAL S.A.;Liderança;307;570;0;0;0
39.346.861/0350-38;2024-12-31;2;139295;CENCOSUD BRASIL COMERCIAL S.A.;Não-liderança;9187;9090;0;0;0
39.580.673/0001-01;2024-12-31;1;138717;BRK AMBIENTAL - REGIÃO METROPOLITANA DE MACEIÓ S.A.;Liderança;27;65;0;0;0
39.580.673/0001-01;2024-12-31;1;138717;BRK AMBIENTAL - REGIÃO METROPOLITANA DE MACEIÓ S.A.;Não-liderança;145;397;0;0;0
40.159.947/0001-64;2024-12-31;5;142090;HMOBI PARTICIPAÇÕES S.A.;Liderança;33;155;0;0;0
40.159.947/0001-64;2024-12-31;5;142090;HMOBI PARTICIPAÇÕES S.A.;Não-liderança;511;1510;0;0;0
40.263.170/0001-83;2024-12-31;2;139542;SOLVI ESSENCIS AMBIENTAL S.A.;Liderança;159;388;0;0;0
40.263.170/0001-83;2024-12-31;2;139542;SOLVI ESSENCIS AMBIENTAL S.A.;Não-liderança;1599;8509;0;0;0
40.337.136/0001-06;2024-12-31;4;142077;TERRA SANTA PROPRIEDADES AGRÍCOLAS S.A.;Liderança;6;2;0;0;0
40.337.136/0001-06;2024-12-31;4;142077;TERRA SANTA PROPRIEDADES AGRÍCOLAS S.A.;Não-liderança;10;6;0;0;0
40.593.395/0001-06;2024-12-31;2;139167;IFIN PARTICIPAÇÕES S.A.;Liderança;0;3;0;0;0
40.593.395/0001-06;2024-12-31;2;139167;IFIN PARTICIPAÇÕES S.A.;Não-liderança;0;0;0;0;1
41.052.420/0001-07;2024-12-31;1;138750;SOLAR BEBIDAS S.A.;Liderança;378;999;0;0;0
41.052.420/0001-07;2024-12-31;1;138750;SOLAR BEBIDAS S.A.;Não-liderança;3399;13791;0;0;0
41.096.674/0001-19;2024-12-31;3;138944;CANTU STORE S.A.;Liderança;55;156;0;0;0
41.096.674/0001-19;2024-12-31;3;138944;CANTU STORE S.A.;Não-liderança;575;795;0;0;0
41.886.692/0001-02;2024-12-31;3;139416;CONCESSIONARIA ROTA DE SANTA MARIA S.A;Liderança;4;6;0;0;0
41.886.692/0001-02;2024-12-31;3;139416;CONCESSIONARIA ROTA DE SANTA MARIA S.A;Não-liderança;158;151;0;0;0
42.150.391/0001-70;2024-12-31;3;141456;BRASKEM S.A.;Liderança;324;661;0;0;0
42.150.391/0001-70;2024-12-31;3;141456;BRASKEM S.A.;Não-liderança;1938;5646;0;0;0
42.233.757/0001-75;2024-12-31;1;138530;ALVAREZ & MARSAL INVESTIMENTOS I S.A.;Liderança;0;2;0;0;0
42.233.757/0001-75;2024-12-31;1;138530;ALVAREZ & MARSAL INVESTIMENTOS I S.A.;Não-liderança;0;0;0;0;1
42.278.291/0001-24;2024-12-31;5;141857;LOG-IN LOGISTICA INTERMODAL S.A.;Liderança;31;83;0;0;0
42.278.291/0001-24;2024-12-31;5;141857;LOG-IN LOGISTICA INTERMODAL S.A.;Não-liderança;264;735;0;0;0
42.278.473/0001-03;2024-12-31;2;139201;WIZ CO PARTICIPAÇÕES E CORRETAGEM DE SEGUROS S.A.;Liderança;90;83;0;0;52
42.278.473/0001-03;2024-12-31;2;139201;WIZ CO PARTICIPAÇÕES E CORRETAGEM DE SEGUROS S.A.;Não-liderança;540;347;4;0;407
42.331.462/0001-31;2024-12-31;2;138877;EMBPAR PARTICIPAÇÕES S/A;Liderança;2;4;0;0;0
42.331.462/0001-31;2024-12-31;2;138877;EMBPAR PARTICIPAÇÕES S/A;Não-liderança;18;27;0;0;0
42.500.384/0001-51;2024-12-31;11;141618;SERENA ENERGIA S.A.;Liderança;38;67;0;0;0
42.500.384/0001-51;2024-12-31;11;141618;SERENA ENERGIA S.A.;Não-liderança;104;173;0;0;0
42.737.954/0001-21;2024-12-31;7;141666;INTER & CO, INC.;Liderança;221;407;0;0;0
42.737.954/0001-21;2024-12-31;7;141666;INTER & CO, INC.;Não-liderança;1458;1985;0;0;0
42.771.949/0001-35;2024-12-31;5;139889;ALLIANÇA SAÚDE E PARTICIPAÇÕES S.A.;Liderança;275;141;0;0;0
42.771.949/0001-35;2024-12-31;5;139889;ALLIANÇA SAÚDE E PARTICIPAÇÕES S.A.;Não-liderança;3482;1148;0;0;0
43.283.811/0001-50;2024-12-31;1;137921;KALUNGA S.A;Liderança;171;350;0;0;0
43.283.811/0001-50;2024-12-31;1;137921;KALUNGA S.A;Não-liderança;2012;2267;0;0;0
43.470.988/0001-65;2024-12-31;4;142131;EVEN CONSTRUTORA E INCORPORADORA S.A.;Liderança;40;56;0;0;0
43.470.988/0001-65;2024-12-31;4;142131;EVEN CONSTRUTORA E INCORPORADORA S.A.;Não-liderança;232;321;0;0;0
43.513.237/0001-89;2024-12-31;7;142084;AUTOMOB S.A.;Liderança;123;260;0;0;0
43.513.237/0001-89;2024-12-31;7;142084;AUTOMOB S.A.;Não-liderança;1028;1805;0;0;0
43.776.517/0001-80;2024-12-31;10;142147;CIA SANEAMENTO BASICO EST SAO PAULO;Liderança;149;424;0;0;0
43.776.517/0001-80;2024-12-31;10;142147;CIA SANEAMENTO BASICO EST SAO PAULO;Não-liderança;2038;8559;0;0;0
43.948.405/0001-69;2024-12-31;1;138278;LUPO S.A.;Liderança;270;168;0;0;0
43.948.405/0001-69;2024-12-31;1;138278;LUPO S.A.;Não-liderança;6562;1876;0;0;0
45.242.914/0001-05;2024-12-31;3;141338;C&A MODAS S.A.;Liderança;652;353;2;5;133
45.242.914/0001-05;2024-12-31;3;141338;C&A MODAS S.A.;Não-liderança;9050;4093;72;89;1556
45.365.558/0001-09;2024-12-31;3;141541;VITTIA S.A.;Liderança;0;0;0;0;273
45.365.558/0001-09;2024-12-31;3;141541;VITTIA S.A.;Não-liderança;0;0;0;0;1049
45.453.214/0001-51;2024-12-31;2;139214;PROFARMA DISTRIB PROD FARMACEUTICOS S.A.;Liderança;111;269;0;0;0
45.453.214/0001-51;2024-12-31;2;139214;PROFARMA DISTRIB PROD FARMACEUTICOS S.A.;Não-liderança;1871;1667;0;0;0
45.987.245/0001-92;2024-12-31;2;139465;BAHEMA EDUCAÇÃO S.A.;Liderança;135;66;0;0;0
45.987.245/0001-92;2024-12-31;2;139465;BAHEMA EDUCAÇÃO S.A.;Não-liderança;1641;780;0;0;0
46.119.855/0001-37;2024-12-31;3;142041;SOCIEDADE ABASTECIMENTO DE ÁGUA E SANEAMENTO S.A - SANASA;Liderança;45;89;0;0;0
46.119.855/0001-37;2024-12-31;3;142041;SOCIEDADE ABASTECIMENTO DE ÁGUA E SANEAMENTO S.A - SANASA;Não-liderança;350;1574;0;0;0
46.573.272/0001-81;2024-12-31;1;137359;PORTO SAÚDE PARTICIPAÇÕES S.A.;Liderança;31;38;0;0;0
46.573.272/0001-81;2024-12-31;1;137359;PORTO SAÚDE PARTICIPAÇÕES S.A.;Não-liderança;539;230;0;0;0
47.508.411/0001-56;2024-12-31;16;141737;CIA BRASILEIRA DE DISTRIBUICAO;Liderança;430;636;0;0;0
47.508.411/0001-56;2024-12-31;16;141737;CIA BRASILEIRA DE DISTRIBUICAO;Não-liderança;20497;18415;0;0;0
47.960.950/0001-21;2024-12-31;3;141146;MAGAZINE LUIZA S.A.;Liderança;934;1487;1;3;35
47.960.950/0001-21;2024-12-31;3;141146;MAGAZINE LUIZA S.A.;Não-liderança;16088;16764;12;1310;461
49.263.189/0001-02;2024-12-31;1;138799;HELBOR EMPREENDIMENTOS S.A.;Liderança;31;37;0;0;0
49.263.189/0001-02;2024-12-31;1;138799;HELBOR EMPREENDIMENTOS S.A.;Não-liderança;147;70;0;0;0
49.669.856/0001-43;2024-12-31;1;138690;VESTE S.A. ESTILO;Liderança;271;96;0;64;1
49.669.856/0001-43;2024-12-31;1;138690;VESTE S.A. ESTILO;Não-liderança;2249;758;4;283;44
50.564.053/0001-03;2024-12-31;5;141843;BOMBRIL S.A.;Liderança;38;93;0;0;0
50.564.053/0001-03;2024-12-31;5;141843;BOMBRIL S.A.;Não-liderança;631;1620;0;0;0
50.746.577/0001-15;2024-12-31;5;141352;COSAN S.A.;Liderança;27;19;0;0;0
50.746.577/0001-15;2024-12-31;5;141352;COSAN S.A.;Não-liderança;56;40;0;0;0
50.926.955/0001-42;2024-12-31;2;140852;VULCABRAS S.A.;Liderança;326;660;0;0;0
50.926.955/0001-42;2024-12-31;2;140852;VULCABRAS S.A.;Não-liderança;8756;8257;0;0;0
51.128.999/0001-90;2024-12-31;2;141768;NUTRIPLANT INDUSTRIA E COMERCIO S.A.;Liderança;5;15;0;0;0
51.128.999/0001-90;2024-12-31;2;141768;NUTRIPLANT INDUSTRIA E COMERCIO S.A.;Não-liderança;28;163;0;0;0
51.430.503/0001-38;2024-12-31;1;137352;PORTO SERVIÇO S.A;Liderança;13;62;0;0;0
51.430.503/0001-38;2024-12-31;1;137352;PORTO SERVIÇO S.A;Não-liderança;155;398;0;0;0
51.466.860/0001-56;2024-03-31;10;140392;SAO MARTINHO S.A.;Liderança;23;534;0;0;0
51.466.860/0001-56;2024-03-31;10;140392;SAO MARTINHO S.A.;Não-liderança;954;11131;0;0;0
51.928.174/0001-50;2024-12-31;3;139433;PLASCAR PARTICIPACOES INDUSTRIAIS S.A.;Liderança;22;189;0;0;0
51.928.174/0001-50;2024-12-31;3;139433;PLASCAR PARTICIPACOES INDUSTRIAIS S.A.;Não-liderança;680;1662;0;0;0
52.548.435/0001-79;2024-12-31;9;141858;JSL S.A.;Liderança;297;1094;0;0;0
52.548.435/0001-79;2024-12-31;9;141858;JSL S.A.;Não-liderança;5607;24853;0;0;0
53.113.791/0001-22;2024-12-31;5;141276;TOTVS S.A.;Liderança;575;967;0;0;0
53.113.791/0001-22;2024-12-31;5;141276;TOTVS S.A.;Não-liderança;3915;6192;0;0;0
56.643.018/0001-66;2024-12-31;2;140417;EUCATEX S.A. INDUSTRIA E COMERCIO;Liderança;36;183;0;0;0
56.643.018/0001-66;2024-12-31;2;140417;EUCATEX S.A. INDUSTRIA E COMERCIO;Não-liderança;491;2381;0;0;0
56.720.428/0001-63;2024-12-31;2;142036;ROMI S.A.;Liderança;13;90;0;0;0
56.720.428/0001-63;2024-12-31;2;142036;ROMI S.A.;Não-liderança;247;1372;0;0;0
56.992.423/0001-90;2024-12-31;1;137883;BICICLETAS MONARK S.A.;Liderança;0;6;0;0;0
56.992.423/0001-90;2024-12-31;1;137883;BICICLETAS MONARK S.A.;Não-liderança;5;19;0;0;0
58.119.199/0001-51;2024-12-31;4;141495;ODONTOPREV S.A.;Liderança;82;49;1;2;53
58.119.199/0001-51;2024-12-31;4;141495;ODONTOPREV S.A.;Não-liderança;884;305;2;7;521
58.430.828/0001-60;2024-12-31;3;139654;BLAU FARMACÊUTICA S.A.;Liderança;58;72;0;0;0
58.430.828/0001-60;2024-12-31;3;139654;BLAU FARMACÊUTICA S.A.;Não-liderança;922;650;0;0;0
59.105.999/0001-86;2024-12-31;5;141929;WHIRLPOOL S.A.;Liderança;51;109;0;0;0
59.105.999/0001-86;2024-12-31;5;141929;WHIRLPOOL S.A.;Não-liderança;5578;5569;0;0;0
59.285.411/0001-13;2024-12-31;10;141997;BCO PAN S.A.;Liderança;173;299;0;0;0
59.285.411/0001-13;2024-12-31;10;141997;BCO PAN S.A.;Não-liderança;954;1183;0;0;0
59.418.806/0001-47;2024-12-31;3;141815;TRACK & FIELD CO S.A.;Liderança;126;43;0;0;0
59.418.806/0001-47;2024-12-31;3;141815;TRACK & FIELD CO S.A.;Não-liderança;1133;302;2;1;0
59.717.553/0001-02;2024-12-31;4;142000;GRUPO MULTI S.A.;Liderança;136;269;0;0;0
59.717.553/0001-02;2024-12-31;4;142000;GRUPO MULTI S.A.;Não-liderança;2359;1829;0;0;0
59.789.545/0001-71;2024-12-31;1;137459;POLPAR S.A.;Liderança;0;0;0;0;0
59.789.545/0001-71;2024-12-31;1;137459;POLPAR S.A.;Não-liderança;0;0;0;0;0
59.981.829/0001-65;2024-12-31;1;138535;RODOBENS SA;Liderança;84;285;0;0;0
59.981.829/0001-65;2024-12-31;1;138535;RODOBENS SA;Não-liderança;1154;1605;0;0;0
60.444.437/0001-46;2024-12-31;4;141773;LIGHT SERVICOS DE ELETRICIDADE S.A.;Liderança;39;107;0;0;0
60.444.437/0001-46;2024-12-31;4;141773;LIGHT SERVICOS DE ELETRICIDADE S.A.;Não-liderança;770;3411;0;0;0
60.476.884/0001-87;2024-12-31;1;138391;MAHLE-METAL LEVE S.A.;Liderança;36;295;0;5;5
60.476.884/0001-87;2024-12-31;1;138391;MAHLE-METAL LEVE S.A.;Não-liderança;960;4927;13;94;259
60.537.263/0001-66;2024-12-31;2;138945;ALLPARK EMPREENDIMENTOS, PARTICIPAÇÕES E SERVIÇOS S.A.;Liderança;53;202;0;0;0
60.537.263/0001-66;2024-12-31;2;138945;ALLPARK EMPREENDIMENTOS, PARTICIPAÇÕES E SERVIÇOS S.A.;Não-liderança;1501;4311;0;0;0
60.543.816/0001-93;2024-12-31;5;141473;IGUATEMI S.A.;Liderança;83;55;0;0;0
60.543.816/0001-93;2024-12-31;5;141473;IGUATEMI S.A.;Não-liderança;173;119;0;0;0
60.651.809/0001-05;2024-12-31;1;137841;SUZANO HOLDING S.A.;Liderança;5;3;0;0;0
60.651.809/0001-05;2024-12-31;1;137841;SUZANO HOLDING S.A.;Não-liderança;12;6;0;0;0
60.730.348/0001-66;2024-12-31;2;141353;CIA MELHORAMENTOS DE SAO PAULO;Liderança;20;36;0;0;0
60.730.348/0001-66;2024-12-31;2;141353;CIA MELHORAMENTOS DE SAO PAULO;Não-liderança;89;248;0;0;0
60.746.948/0001-12;2024-12-31;12;141861;BCO BRADESCO S.A.;Liderança;3945;7193;0;0;0
60.746.948/0001-12;2024-12-31;12;141861;BCO BRADESCO S.A.;Não-liderança;39689;34765;0;0;0
60.840.055/0001-31;2024-12-31;3;141727;FLEURY S.A.;Liderança;1157;498;0;0;0
60.840.055/0001-31;2024-12-31;3;141727;FLEURY S.A.;Não-liderança;16615;4130;0;0;0
60.851.615/0001-53;2024-12-31;1;138362;BARDELLA S.A. INDUSTRIAS MECANICAS EM RECUPERAÇÃO JUDICIAL;Liderança;0;10;0;0;0
60.851.615/0001-53;2024-12-31;1;138362;BARDELLA S.A. INDUSTRIAS MECANICAS EM RECUPERAÇÃO JUDICIAL;Não-liderança;9;83;0;0;0
60.872.504/0001-23;2024-12-31;10;142022;ITAU UNIBANCO HOLDING S.A.;Liderança;964;1158;3;0;11477
60.872.504/0001-23;2024-12-31;10;142022;ITAU UNIBANCO HOLDING S.A.;Não-liderança;3642;3506;59;0;69080
60.884.319/0001-59;2024-12-31;1;137162;NORDON INDUSTRIAS METALURGICAS S.A.;Liderança;0;1;0;0;0
60.884.319/0001-59;2024-12-31;1;137162;NORDON INDUSTRIAS METALURGICAS S.A.;Não-liderança;1;0;0;0;0
60.894.730/0001-05;2024-12-31;8;141939;USINAS SID DE MINAS GERAIS S.A.-USIMINAS;Liderança;50;247;0;0;0
60.894.730/0001-05;2024-12-31;8;141939;USINAS SID DE MINAS GERAIS S.A.-USIMINAS;Não-liderança;1337;12294;0;0;0
61.022.042/0001-18;2024-12-31;2;141999;CONSTRUTORA ADOLPHO LINDENBERG S.A.;Liderança;15;19;0;0;0
61.022.042/0001-18;2024-12-31;2;141999;CONSTRUTORA ADOLPHO LINDENBERG S.A.;Não-liderança;33;66;0;0;0
61.065.298/0001-02;2024-12-31;1;138242;MANGELS INDUSTRIAL S.A.;Liderança;10;52;0;0;0
61.065.298/0001-02;2024-12-31;1;138242;MANGELS INDUSTRIAL S.A.;Não-liderança;227;1556;0;0;0
61.065.751/0001-80;2024-12-31;7;141670;ROSSI RESIDENCIAL S.A. - EM RECUPERAÇÃO JUDICIAL;Liderança;9;9;0;0;0
61.065.751/0001-80;2024-12-31;7;141670;ROSSI RESIDENCIAL S.A. - EM RECUPERAÇÃO JUDICIAL;Não-liderança;36;42;0;0;0
61.079.117/0001-05;2024-12-31;4;139694;ALPARGATAS S.A.;Liderança;43;64;0;0;0
61.079.117/0001-05;2024-12-31;4;139694;ALPARGATAS S.A.;Não-liderança;3333;8535;0;0;0
61.080.313/0001-91;2024-12-31;1;135983;COBRASMA S.A.;Liderança;0;1;0;0;0
61.080.313/0001-91;2024-12-31;1;135983;COBRASMA S.A.;Não-liderança;0;1;0;0;0
61.082.004/0001-50;2024-12-31;2;137248;MANUFATURA DE BRINQUEDOS ESTRELA S.A.;Liderança;9;17;0;0;0
61.082.004/0001-50;2024-12-31;2;137248;MANUFATURA DE BRINQUEDOS ESTRELA S.A.;Não-liderança;398;344;0;5;0
61.088.894/0001-08;2024-12-31;1;138091;CAMBUCI S.A.;Liderança;31;118;0;0;0
61.088.894/0001-08;2024-12-31;1;138091;CAMBUCI S.A.;Não-liderança;1177;1785;0;0;0
61.156.113/0001-75;2024-12-31;4;142100;IOCHPE MAXION S.A.;Liderança;46;235;0;0;3
61.156.113/0001-75;2024-12-31;4;142100;IOCHPE MAXION S.A.;Não-liderança;787;6545;12;12;681
61.156.931/0001-78;2024-12-31;1;137062;SIDERURGICA J. L. ALIPERTI S.A.;Liderança;0;3;0;0;0
61.156.931/0001-78;2024-12-31;1;137062;SIDERURGICA J. L. ALIPERTI S.A.;Não-liderança;8;42;0;0;0
61.186.680/0001-74;2024-12-31;7;142127;BANCO BMG S/A;Liderança;70;184;0;0;0
61.186.680/0001-74;2024-12-31;7;142127;BANCO BMG S/A;Não-liderança;516;512;0;0;0
61.189.288/0001-89;2024-12-31;3;140567;MARISA LOJAS S.A.;Liderança;732;216;0;0;0
61.189.288/0001-89;2024-12-31;3;140567;MARISA LOJAS S.A.;Não-liderança;3543;1140;0;0;0
61.190.096/0001-92;2024-12-31;5;141812;EUROFARMA LABORATÓRIOS S.A.;Liderança;205;494;0;0;0
61.190.096/0001-92;2024-12-31;5;141812;EUROFARMA LABORATÓRIOS S.A.;Não-liderança;2347;3516;0;0;0
61.351.532/0001-68;2024-12-31;8;142017;AZEVEDO E TRAVASSOS S.A.;Liderança;4;7;0;0;0
61.351.532/0001-68;2024-12-31;8;142017;AZEVEDO E TRAVASSOS S.A.;Não-liderança;26;45;0;0;0
61.374.161/0001-30;2024-12-31;1;138436;BAUMER S.A.;Liderança;12;27;0;0;0
61.374.161/0001-30;2024-12-31;1;138436;BAUMER S.A.;Não-liderança;93;262;0;0;0
61.409.892/0001-73;2024-12-31;5;142073;COMPANHIA BRASILEIRA DE ALUMÍNIO;Liderança;51;317;0;0;37
61.409.892/0001-73;2024-12-31;5;142073;COMPANHIA BRASILEIRA DE ALUMÍNIO;Não-liderança;850;3605;0;0;687
61.486.650/0001-83;2024-12-31;5;141355;DIAGNOSTICOS DA AMERICA S.A.;Liderança;1905;836;0;0;0
61.486.650/0001-83;2024-12-31;5;141355;DIAGNOSTICOS DA AMERICA S.A.;Não-liderança;36071;10372;0;0;0
61.532.644/0001-15;2024-12-31;3;141275;ITAÚSA S.A.;Liderança;13;3;0;0;0
61.532.644/0001-15;2024-12-31;3;141275;ITAÚSA S.A.;Não-liderança;38;31;0;0;0
61.584.140/0001-49;2024-12-31;1;138212;REDE ENERGIA PARTICIPAÇÕES S.A.;Liderança;0;0;0;0;1
61.584.140/0001-49;2024-12-31;1;138212;REDE ENERGIA PARTICIPAÇÕES S.A.;Não-liderança;0;0;0;0;1
61.585.865/0001-51;2024-12-31;1;138773;RAIA DROGASIL S.A.;Liderança;2070;1318;4;8;611
61.585.865/0001-51;2024-12-31;1;138773;RAIA DROGASIL S.A.;Não-liderança;20321;11403;200;245;21036
61.856.571/0001-17;2024-12-31;5;141897;CIA GAS DE SAO PAULO - COMGAS;Liderança;57;74;0;0;0
61.856.571/0001-17;2024-12-31;5;141897;CIA GAS DE SAO PAULO - COMGAS;Não-liderança;329;619;0;0;4
62.002.886/0001-60;2024-12-31;2;142125;SAO PAULO TURISMO S.A.;Liderança;11;19;0;0;0
62.002.886/0001-60;2024-12-31;2;142125;SAO PAULO TURISMO S.A.;Não-liderança;58;70;0;0;0
62.144.175/0001-20;2024-12-31;13;142074;BCO PINE S.A;Liderança;27;53;0;0;0
62.144.175/0001-20;2024-12-31;13;142074;BCO PINE S.A;Não-liderança;123;121;0;0;0
62.232.889/0001-90;2024-12-31;1;138602;BCO DAYCOVAL S.A.;Liderança;220;358;0;0;0
62.232.889/0001-90;2024-12-31;1;138602;BCO DAYCOVAL S.A.;Não-liderança;1555;1411;0;0;0
62.258.884/0001-36;2024-12-31;3;141371;INTERCEMENT BRASIL S.A.;Liderança;58;214;0;0;0
62.258.884/0001-36;2024-12-31;3;141371;INTERCEMENT BRASIL S.A.;Não-liderança;294;1137;0;0;0
62.984.091/0001-02;2024-12-31;6;141816;CRUZEIRO DO SUL EDUCACIONAL S.A.;Liderança;127;121;0;0;0
62.984.091/0001-02;2024-12-31;6;141816;CRUZEIRO DO SUL EDUCACIONAL S.A.;Não-liderança;4288;3206;0;0;0
64.904.295/0001-03;2024-02-28;5;139520;CAMIL ALIMENTOS S.A.;Liderança;87;234;0;0;0
64.904.295/0001-03;2024-02-28;5;139520;CAMIL ALIMENTOS S.A.;Não-liderança;1806;3730;0;0;0
64.904.295/0001-03;2024-02-29;2;133838;CAMIL ALIMENTOS S.A.;Liderança;87;234;0;0;0
64.904.295/0001-03;2024-02-29;2;133838;CAMIL ALIMENTOS S.A.;Não-liderança;1806;3730;0;0;0
67.010.660/0001-24;2024-12-31;4;142013;RNI NEGÓCIOS IMOBILIÁRIOS S.A.;Liderança;39;69;0;0;0
67.010.660/0001-24;2024-12-31;4;142013;RNI NEGÓCIOS IMOBILIÁRIOS S.A.;Não-liderança;201;279;0;0;0
67.571.414/0001-41;2024-12-31;6;142018;VIVER INCORPORADORA E CONSTRUTORA S.A.;Liderança;7;18;0;0;0
67.571.414/0001-41;2024-12-31;6;142018;VIVER INCORPORADORA E CONSTRUTORA S.A.;Não-liderança;33;23;0;0;0
67.620.377/0001-14;2024-12-31;2;140354;MINERVA S.A.;Liderança;360;1347;0;0;0
67.620.377/0001-14;2024-12-31;2;140354;MINERVA S.A.;Não-liderança;6160;16016;0;0;0
68.400.225/0001-79;2024-06-30;5;139657;CLARANET TECHNOLOGY S.A.;Liderança;3;26;0;0;0
68.400.225/0001-79;2024-06-30;5;139657;CLARANET TECHNOLOGY S.A.;Não-liderança;40;150;0;0;0
71.208.516/0001-74;2024-12-31;5;141440;ALGAR TELECOM S/A;Liderança;71;217;0;0;0
71.208.516/0001-74;2024-12-31;5;141440;ALGAR TELECOM S/A;Não-liderança;1060;2881;0;0;0
71.476.527/0001-35;2024-12-31;1;138501;CONSTRUTORA TENDA S.A.;Liderança;133;149;0;0;0
71.476.527/0001-35;2024-12-31;1;138501;CONSTRUTORA TENDA S.A.;Não-liderança;936;2365;0;0;0
73.178.600/0001-18;2024-12-31;3;141700;CYRELA BRAZIL REALTY S.A.EMPREEND E PART;Liderança;203;185;0;0;0
73.178.600/0001-18;2024-12-31;3;141700;CYRELA BRAZIL REALTY S.A.EMPREEND E PART;Não-liderança;1694;4096;0;0;0
75.315.333/0001-09;2024-12-31;3;141793;ATACADÃO S.A.;Liderança;2033;3435;0;0;0
75.315.333/0001-09;2024-12-31;3;141793;ATACADÃO S.A.;Não-liderança;74085;70800;0;0;0
75.609.123/0001-23;2024-12-31;4;138498;UNIDAS LOCAÇÕES E SERVIÇOS S.A.;Liderança;38;128;0;0;0
75.609.123/0001-23;2024-12-31;4;138498;UNIDAS LOCAÇÕES E SERVIÇOS S.A.;Não-liderança;445;1689;0;0;0
76.483.817/0001-20;2024-12-31;7;142113;CIA PARANAENSE DE ENERGIA - COPEL;Liderança;87;313;0;0;0
76.483.817/0001-20;2024-12-31;7;142113;CIA PARANAENSE DE ENERGIA - COPEL;Não-liderança;1170;4234;0;0;0
76.484.013/0001-45;2024-12-31;7;142046;CIA SANEAMENTO DO PARANA - SANEPAR;Liderança;70;166;1;5;11
76.484.013/0001-45;2024-12-31;7;142046;CIA SANEAMENTO DO PARANA - SANEPAR;Não-liderança;884;2756;29;232;569
76.535.764/0001-43;2024-12-31;9;142020;OI S.A. - EM RECUPERAÇÃO JUDICIAL;Liderança;439;785;0;0;0
76.535.764/0001-43;2024-12-31;9;142020;OI S.A. - EM RECUPERAÇÃO JUDICIAL;Não-liderança;6767;10704;0;0;0
79.430.682/0001-22;2024-12-31;4;139377;FARMÁCIA E DROGARIA NISSEI S.A.;Liderança;297;180;0;0;0
79.430.682/0001-22;2024-12-31;4;139377;FARMÁCIA E DROGARIA NISSEI S.A.;Não-liderança;4488;1851;0;0;0
80.680.093/0001-81;2024-12-31;2;141428;SENIOR SISTEMAS S.A.;Liderança;40;64;0;0;117
80.680.093/0001-81;2024-12-31;2;141428;SENIOR SISTEMAS S.A.;Não-liderança;451;664;0;1;1473
81.243.735/0001-48;2024-12-31;11;142048;POSITIVO TECNOLOGIA S.A.;Liderança;73;181;0;0;0
81.243.735/0001-48;2024-12-31;11;142048;POSITIVO TECNOLOGIA S.A.;Não-liderança;1330;1416;0;0;0
81.616.807/0001-55;2024-12-31;1;138413;GRANJA FARIA S.A.;Liderança;37;159;0;0;0
81.616.807/0001-55;2024-12-31;1;138413;GRANJA FARIA S.A.;Não-liderança;667;1349;0;0;0
82.120.676/0001-83;2024-12-31;1;138483;ALMEIDA JUNIOR SHOPPING CENTERS S.A.;Liderança;40;49;0;0;0
82.120.676/0001-83;2024-12-31;1;138483;ALMEIDA JUNIOR SHOPPING CENTERS S.A.;Não-liderança;369;439;0;0;0
82.508.433/0001-17;2024-12-31;5;142015;CIA CATARINENSE DE AGUAS E SANEAM.-CASAN;Liderança;77;226;0;0;0
82.508.433/0001-17;2024-12-31;5;142015;CIA CATARINENSE DE AGUAS E SANEAM.-CASAN;Não-liderança;466;1927;0;0;0
82.640.558/0001-04;2024-12-31;2;138142;KARSTEN S.A.;Liderança;40;46;0;0;0
82.640.558/0001-04;2024-12-31;2;138142;KARSTEN S.A.;Não-liderança;1388;952;0;0;0
82.643.537/0001-34;2024-12-31;2;138167;ELECTRO ACO ALTONA S.A.;Liderança;0;0;0;0;92
82.643.537/0001-34;2024-12-31;2;138167;ELECTRO ACO ALTONA S.A.;Não-liderança;0;0;0;0;1270
82.901.000/0001-27;2024-12-31;1;138561;INTELBRAS S.A. IND. DE TELECOMUNICAÇÃO ELETRÔNICA BRASILEIRA;Liderança;112;204;0;0;0
82.901.000/0001-27;2024-12-31;1;138561;INTELBRAS S.A. IND. DE TELECOMUNICAÇÃO ELETRÔNICA BRASILEIRA;Não-liderança;2031;2595;4;4;25
82.982.075/0001-80;2024-12-31;2;137679;TEXTIL RENAUXVIEW S.A.;Liderança;7;35;0;0;0
82.982.075/0001-80;2024-12-31;2;137679;TEXTIL RENAUXVIEW S.A.;Não-liderança;77;331;0;0;0
83.475.913/0001-91;2024-12-31;3;139857;PBG S/A;Liderança;108;170;0;0;0
83.475.913/0001-91;2024-12-31;3;139857;PBG S/A;Não-liderança;1176;2513;0;0;0
83.878.892/0001-55;2024-12-31;7;142150;CENTRAIS ELET DE SANTA CATARINA S.A.;Liderança;153;409;0;0;0
83.878.892/0001-55;2024-12-31;7;142150;CENTRAIS ELET DE SANTA CATARINA S.A.;Não-liderança;742;2462;0;0;0
84.429.695/0001-11;2024-12-31;3;141392;WEG S.A.;Liderança;218;1743;0;0;0
84.429.695/0001-11;2024-12-31;3;141392;WEG S.A.;Não-liderança;8493;29050;1;0;0
84.683.374/0001-49;2024-12-31;5;141764;TUPY S.A.;Liderança;55;655;0;0;0
84.683.374/0001-49;2024-12-31;5;141764;TUPY S.A.;Não-liderança;1818;17281;0;0;0
84.683.408/0001-03;2024-12-31;4;142129;DOHLER S.A.;Liderança;67;198;0;0;0
84.683.408/0001-03;2024-12-31;4;142129;DOHLER S.A.;Não-liderança;1154;1545;0;0;0
84.683.671/0001-94;2024-12-31;2;141224;WETZEL S.A.;Liderança;9;27;0;0;0
84.683.671/0001-94;2024-12-31;2;141224;WETZEL S.A.;Não-liderança;165;737;0;0;0
84.693.183/0001-68;2024-12-31;3;139230;SCHULZ S.A.;Liderança;13;120;0;0;0
84.693.183/0001-68;2024-12-31;3;139230;SCHULZ S.A.;Não-liderança;366;2960;0;0;0
85.041.333/0001-11;2024-12-31;1;138558;PORTO PONTA DO FELIX S/A;Liderança;0;10;0;0;0
85.041.333/0001-11;2024-12-31;1;138558;PORTO PONTA DO FELIX S/A;Não-liderança;25;229;0;0;0
85.778.074/0001-06;2024-12-31;3;138108;METALURGICA RIOSULENSE S.A.;Liderança;3;47;0;0;0
85.778.074/0001-06;2024-12-31;3;138108;METALURGICA RIOSULENSE S.A.;Não-liderança;108;645;0;0;0
86.375.425/0001-09;2024-12-31;3;141384;METISA METALURGICA TIMBOENSE S.A.;Liderança;2;26;0;0;0
86.375.425/0001-09;2024-12-31;3;141384;METISA METALURGICA TIMBOENSE S.A.;Não-liderança;22;1030;0;0;0
87.043.832/0001-73;2024-12-31;3;140596;SEIVA S.A. - FLORESTAS E INDÚSTRIAS;Liderança;0;3;0;0;0
87.043.832/0001-73;2024-12-31;3;140596;SEIVA S.A. - FLORESTAS E INDÚSTRIAS;Não-liderança;0;1;0;0;0
87.456.562/0001-22;2024-12-31;1;138655;JOSAPAR-JOAQUIM OLIVEIRA S.A. - PARTICIP;Liderança;2;21;0;0;0
87.456.562/0001-22;2024-12-31;1;138655;JOSAPAR-JOAQUIM OLIVEIRA S.A. - PARTICIP;Não-liderança;168;1220;0;0;0
87.762.563/0001-03;2024-12-31;2;139353;CIA HABITASUL DE PARTICIPACOES;Liderança;12;23;0;0;0
87.762.563/0001-03;2024-12-31;2;139353;CIA HABITASUL DE PARTICIPACOES;Não-liderança;93;114;0;0;0
87.870.952/0001-44;2024-12-31;2;140065;BORRACHAS VIPAL S.A.;Liderança;17;97;0;0;0
87.870.952/0001-44;2024-12-31;2;140065;BORRACHAS VIPAL S.A.;Não-liderança;618;1908;0;0;0
88.610.126/0001-29;2024-12-31;5;141922;FRAS-LE S.A.;Liderança;18;123;0;0;22
88.610.126/0001-29;2024-12-31;5;141922;FRAS-LE S.A.;Não-liderança;994;4018;0;0;0
88.610.191/0001-54;2024-12-31;2;141694;MUNDIAL S.A. - PRODUTOS DE CONSUMO;Liderança;36;72;0;0;0
88.610.191/0001-54;2024-12-31;2;141694;MUNDIAL S.A. - PRODUTOS DE CONSUMO;Não-liderança;976;1119;0;0;0
88.611.835/0001-29;2024-12-31;3;141385;MARCOPOLO S.A.;Liderança;66;599;0;0;0
88.611.835/0001-29;2024-12-31;3;141385;MARCOPOLO S.A.;Não-liderança;2352;8554;0;0;0
88.613.658/0001-10;2024-06-30;5;139863;PETTENATI S.A. INDUSTRIA TEXTIL;Liderança;40;38;0;0;0
88.613.658/0001-10;2024-06-30;5;139863;PETTENATI S.A. INDUSTRIA TEXTIL;Não-liderança;757;542;0;0;0
89.086.144/0001-16;2024-12-31;3;141604;RANDON S.A. IMPLEMENTOS E PARTICIPACOES;Liderança;108;445;0;0;0
89.086.144/0001-16;2024-12-31;3;141604;RANDON S.A. IMPLEMENTOS E PARTICIPACOES;Não-liderança;3020;11395;0;0;489
89.096.457/0001-55;2024-12-31;4;141989;SLC AGRICOLA S.A.;Liderança;54;360;0;1;2
89.096.457/0001-55;2024-12-31;4;141989;SLC AGRICOLA S.A.;Não-liderança;601;4726;1;3;9
89.463.822/0001-12;2024-12-31;9;141693;LUPATECH S.A;Liderança;9;24;0;0;0
89.463.822/0001-12;2024-12-31;9;141693;LUPATECH S.A;Não-liderança;98;290;0;0;0
89.637.490/0001-45;2024-12-31;4;142114;KLABIN S.A.;Liderança;0;0;0;0;1591
89.637.490/0001-45;2024-12-31;4;142114;KLABIN S.A.;Não-liderança;0;0;0;0;15934
89.850.341/0001-60;2024-12-31;3;141998;GRENDENE S.A.;Liderança;156;365;1;0;50
89.850.341/0001-60;2024-12-31;3;141998;GRENDENE S.A.;Não-liderança;6348;7989;26;1744;410
90.076.886/0001-40;2024-12-31;2;139398;MINUPAR PARTICIPACOES S.A.;Liderança;20;28;0;0;0
90.076.886/0001-40;2024-12-31;2;139398;MINUPAR PARTICIPACOES S.A.;Não-liderança;1414;1165;0;0;0
90.400.888/0001-42;2024-12-31;6;141520;BCO SANTANDER (BRASIL) S.A.;Liderança;459;906;0;0;0
90.400.888/0001-42;2024-12-31;6;141520;BCO SANTANDER (BRASIL) S.A.;Não-liderança;28504;25742;0;0;0
90.441.460/0001-48;2024-12-31;2;141584;UNICASA INDÚSTRIA DE MÓVEIS S.A.;Liderança;9;35;0;0;0
90.441.460/0001-48;2024-12-31;2;141584;UNICASA INDÚSTRIA DE MÓVEIS S.A.;Não-liderança;243;245;0;0;0
91.333.666/0001-17;2024-12-31;2;141243;RECRUSUL S.A.;Liderança;0;0;0;0;10
91.333.666/0001-17;2024-12-31;2;141243;RECRUSUL S.A.;Não-liderança;0;0;0;0;106
91.669.747/0001-92;2024-12-31;1;138220;DM FINANCEIRA S.A. - CRÉDITO, FINANCIAMENTO E INVESTIMENTO;Liderança;0;0;0;0;0
91.669.747/0001-92;2024-12-31;1;138220;DM FINANCEIRA S.A. - CRÉDITO, FINANCIAMENTO E INVESTIMENTO;Não-liderança;0;0;0;0;0
91.983.056/0001-69;2024-12-31;6;142078;KEPLER WEBER S.A.;Liderança;23;113;0;0;0
91.983.056/0001-69;2024-12-31;6;142078;KEPLER WEBER S.A.;Não-liderança;377;1164;0;0;0
92.012.467/0001-70;2024-12-31;4;139700;GRAZZIOTIN S.A.;Liderança;361;77;0;0;0
92.012.467/0001-70;2024-12-31;4;139700;GRAZZIOTIN S.A.;Não-liderança;1982;309;0;0;0
92.660.570/0001-26;2024-12-31;2;139769;TREVISA INVESTIMENTOS S.A.;Liderança;4;45;0;0;0
92.660.570/0001-26;2024-12-31;2;139769;TREVISA INVESTIMENTOS S.A.;Não-liderança;27;240;0;0;0
92.665.611/0001-77;2024-12-31;3;141597;DIMED S.A. DISTRIBUIDORA DE MEDICAMENTOS;Liderança;488;194;0;0;0
92.665.611/0001-77;2024-12-31;3;141597;DIMED S.A. DISTRIBUIDORA DE MEDICAMENTOS;Não-liderança;5874;2391;0;0;0
92.690.783/0001-09;2024-12-31;4;142119;METALURGICA GERDAU S.A.;Liderança;1186;3363;0;0;2
92.690.783/0001-09;2024-12-31;4;142119;METALURGICA GERDAU S.A.;Não-liderança;3407;22216;0;0;2
92.693.019/0001-89;2024-12-31;2;141701;PANATLANTICA S.A.;Liderança;4;49;0;0;0
92.693.019/0001-89;2024-12-31;2;141701;PANATLANTICA S.A.;Não-liderança;75;430;0;0;0
92.702.067/0001-96;2024-12-31;8;142092;BCO ESTADO DO RIO GRANDE DO SUL S.A.;Liderança;356;703;0;0;0
92.702.067/0001-96;2024-12-31;8;142092;BCO ESTADO DO RIO GRANDE DO SUL S.A.;Não-liderança;3540;4490;0;0;0
92.715.812/0001-31;2024-12-31;5;141677;CPFL TRANSMISSÃO S.A.;Liderança;8;47;0;0;0
92.715.812/0001-31;2024-12-31;5;141677;CPFL TRANSMISSÃO S.A.;Não-liderança;83;411;0;0;0
92.721.232/0001-57;2024-12-31;3;139024;BANRISUL ARMAZENS GERAIS SA;Liderança;9;26;0;0;0
92.721.232/0001-57;2024-12-31;3;139024;BANRISUL ARMAZENS GERAIS SA;Não-liderança;1;31;0;0;0
92.749.225/0001-63;2024-12-31;1;138798;HERCULES S.A. FABRICA DE TALHERES;Liderança;0;8;0;0;0
92.749.225/0001-63;2024-12-31;1;138798;HERCULES S.A. FABRICA DE TALHERES;Não-liderança;0;0;0;0;1
92.754.738/0001-62;2024-12-31;4;142088;LOJAS RENNER S.A.;Liderança;1747;1091;4;70;0
92.754.738/0001-62;2024-12-31;4;142088;LOJAS RENNER S.A.;Não-liderança;13859;7155;70;368;0
92.781.335/0001-02;2024-12-31;5;141956;TAURUS ARMAS S.A.;Liderança;28;168;0;0;0
92.781.335/0001-02;2024-12-31;5;141956;TAURUS ARMAS S.A.;Não-liderança;642;1574;0;0;0
92.791.243/0001-03;2024-12-31;2;139334;IRANI PAPEL E EMBALAGEM S.A.;Liderança;39;151;0;0;0
92.791.243/0001-03;2024-12-31;2;139334;IRANI PAPEL E EMBALAGEM S.A.;Não-liderança;556;1602;0;0;0
93.828.986/0001-73;2024-12-31;1;137868;CEMEPE INVESTIMENTOS S.A.;Liderança;0;2;0;0;0
93.828.986/0001-73;2024-12-31;1;137868;CEMEPE INVESTIMENTOS S.A.;Não-liderança;0;2;0;0;0
94.813.102/0001-70;2024-12-31;2;141339;TRÊS TENTOS AGROINDUSTRIAL S/A;Liderança;109;407;0;0;0
94.813.102/0001-70;2024-12-31;2;141339;TRÊS TENTOS AGROINDUSTRIAL S/A;Não-liderança;380;1335;0;0;0
95.426.862/0001-97;2024-12-31;2;138871;EXCELSIOR ALIMENTOS S.A.;Liderança;9;19;0;0;0
95.426.862/0001-97;2024-12-31;2;138871;EXCELSIOR ALIMENTOS S.A.;Não-liderança;272;272;0;0;0
96.298.013/0001-68;2024-12-31;4;142024;PACAEMBU CONSTRUTORA S.A.;Liderança;49;73;0;0;0
96.298.013/0001-68;2024-12-31;4;142024;PACAEMBU CONSTRUTORA S.A.;Não-liderança;348;406;0;0;0
96.418.264/0218-02;2024-12-31;4;142027;LOJAS QUERO QUERO S.A.;Liderança;250;483;0;5;147
96.418.264/0218-02;2024-12-31;4;142027;LOJAS QUERO QUERO S.A.;Não-liderança;2826;2326;8;42;2309
97.191.902/0001-94;2024-12-31;3;141611;CONSERVAS ODERICH S.A.;Liderança;44;91;0;0;0
97.191.902/0001-94;2024-12-31;3;141611;CONSERVAS ODERICH S.A.;Não-liderança;1122;885;0;0;0
97.837.181/0001-47;2024-12-31;9;142007;DEXCO S.A.;Liderança;261;581;0;0;0
97.837.181/0001-47;2024-12-31;9;142007;DEXCO S.A.;Não-liderança;2755;8100;0;0;0
