CNPJ_Companhia;Data_Referencia;Versao;ID_Documento;Nome_Companhia;Posicao;Quantidade_Norte;Quantidade_Nordeste;Quantidade_Centro_Oeste;Quantidade_Sudeste;Quantidade_Sul;Quantidade_Exterior
00.000.000/0001-91;2024-12-31;8;142110;BCO BRASIL S.A.;Liderança;1654;5340;4793;14046;5742;18
00.000.000/0001-91;2024-12-31;8;142110;BCO BRASIL S.A.;Não-liderança;2176;8604;12969;21780;9098;0
00.000.208/0001-00;2024-12-31;5;142124;BRB BANCO DE BRASILIA S.A.;Liderança;1;57;667;8;0;0
00.000.208/0001-00;2024-12-31;5;142124;BRB BANCO DE BRASILIA S.A.;Não-liderança;1;119;2499;24;0;0
00.001.180/0001-26;2024-12-31;9;141946;CENTRAIS ELET BRAS S.A. - ELETROBRAS;Liderança;52;162;107;282;93;0
00.001.180/0001-26;2024-12-31;9;141946;CENTRAIS ELET BRAS S.A. - ELETROBRAS;Não-liderança;948;2341;880;2328;1135;0
00.070.698/0001-11;2024-12-31;4;141717;COMPANHIA ENERGÉTICA DE BRASÍLIA - CEB;Liderança;0;0;30;0;0;0
00.070.698/0001-11;2024-12-31;4;141717;COMPANHIA ENERGÉTICA DE BRASÍLIA - CEB;Não-liderança;0;0;52;0;0;0
00.080.671/0001-00;2024-12-31;3;141893;CARAMURU ALIMENTOS S.A.;Liderança;3;0;200;3;10;0
00.080.671/0001-00;2024-12-31;3;141893;CARAMURU ALIMENTOS S.A.;Não-liderança;11;0;2064;13;127;0
00.194.724/0001-13;2024-12-31;3;141581;AES BRASIL OPERAÇÕES S.A.;Liderança;0;11;0;93;1;0
00.194.724/0001-13;2024-12-31;3;141581;AES BRASIL OPERAÇÕES S.A.;Não-liderança;0;114;0;447;1;0
00.242.184/0001-04;2024-12-31;3;141796;ARMAC LOCAÇÃO, LOGÍSTICA E SERVIÇOS S.A.;Liderança;73;21;51;373;29;0
00.242.184/0001-04;2024-12-31;3;141796;ARMAC LOCAÇÃO, LOGÍSTICA E SERVIÇOS S.A.;Não-liderança;889;308;696;3159;302;0
00.272.185/0001-93;2024-12-31;1;138318;CIMS S.A.;Liderança;0;0;0;1;0;0
00.272.185/0001-93;2024-12-31;1;138318;CIMS S.A.;Não-liderança;0;0;0;1;0;0
00.336.701/0001-04;2024-12-31;1;138306;TELEC BRASILEIRAS S.A. TELEBRAS;Liderança;1;1;43;1;1;0
00.336.701/0001-04;2024-12-31;1;138306;TELEC BRASILEIRAS S.A. TELEBRAS;Não-liderança;3;6;330;3;4;0
00.359.742/0001-08;2024-12-31;1;138789;ATOM EMPREENDIMENTOS E PARTICIPAÇÕES S.A.;Liderança;0;0;0;4;0;0
00.359.742/0001-08;2024-12-31;1;138789;ATOM EMPREENDIMENTOS E PARTICIPAÇÕES S.A.;Não-liderança;0;0;0;19;0;0
00.383.281/0001-09;2024-12-31;3;141735;BNDES PARTICIPACOES S.A. - BNDESPAR;Liderança;0;0;0;57;0;0
00.383.281/0001-09;2024-12-31;3;141735;BNDES PARTICIPACOES S.A. - BNDESPAR;Não-liderança;0;2;1;112;0;0
00.545.378/0001-70;2024-12-31;1;136101;SERRA AZUL WATER PARK SA;Liderança;0;9;1;44;4;0
00.545.378/0001-70;2024-12-31;1;136101;SERRA AZUL WATER PARK SA;Não-liderança;8;60;7;360;12;0
00.622.416/0001-41;2024-12-31;1;138614;STATKRAFT ENERGIAS RENOVAVEIS S.A.;Liderança;0;4;2;14;33;2
00.622.416/0001-41;2024-12-31;1;138614;STATKRAFT ENERGIAS RENOVAVEIS S.A.;Não-liderança;3;37;2;45;90;1
00.644.907/0001-93;2024-12-31;2;140017;INVESTCO S.A.;Liderança;4;0;0;1;0;0
00.644.907/0001-93;2024-12-31;2;140017;INVESTCO S.A.;Não-liderança;41;0;0;20;0;0
00.743.065/0001-27;2024-12-31;2;137996;LITEL PARTICIPACOES S.A.;Liderança;0;0;0;0;0;0
00.743.065/0001-27;2024-12-31;2;137996;LITEL PARTICIPACOES S.A.;Não-liderança;0;0;0;0;0;0
00.776.574/0001-56;2024-12-31;10;142023;AMERICANAS S.A. - EM RECUPERAÇÃO JUDICIAL;Liderança;556;1539;537;3966;595;0
00.776.574/0001-56;2024-12-31;10;142023;AMERICANAS S.A. - EM RECUPERAÇÃO JUDICIAL;Não-liderança;1232;4401;1268;18277;1590;0
00.864.214/0001-06;2024-12-31;7;141912;ENERGISA S.A.;Liderança;246;271;262;429;7;0
00.864.214/0001-06;2024-12-31;7;141912;ENERGISA S.A.;Não-liderança;3602;3779;4241;3737;74;0
00.924.429/0001-75;2024-12-31;2;140568;FERROVIA CENTRO-ATLANTICA S.A.;Liderança;0;10;7;203;0;0
00.924.429/0001-75;2024-12-31;2;140568;FERROVIA CENTRO-ATLANTICA S.A.;Não-liderança;0;387;183;4249;0;0
00.938.574/0001-05;2024-12-31;3;141383;CONC RIO-TERESOPOLIS S.A.;Liderança;0;0;0;6;0;0
00.938.574/0001-05;2024-12-31;3;141383;CONC RIO-TERESOPOLIS S.A.;Não-liderança;0;0;0;25;0;0
01.027.058/0001-91;2024-12-31;10;142161;CIELO S.A. -  INSTITUIÇÃO DE PAGAMENTO;Liderança;20;53;45;582;68;0
01.027.058/0001-91;2024-12-31;10;142161;CIELO S.A. -  INSTITUIÇÃO DE PAGAMENTO;Não-liderança;172;578;351;3835;664;0
01.083.200/0001-18;2024-12-31;5;141823;NEOENERGIA S.A.;Liderança;0;558;67;569;1;0
01.083.200/0001-18;2024-12-31;5;141823;NEOENERGIA S.A.;Não-liderança;0;9286;977;4218;17;0
01.104.937/0001-70;2024-12-31;3;139871;ELETROBRÁS PARTICIPAÇÕES S.A. - ELETROPAR;Liderança;0;0;0;1;0;0
01.104.937/0001-70;2024-12-31;3;139871;ELETROBRÁS PARTICIPAÇÕES S.A. - ELETROPAR;Não-liderança;0;0;0;2;0;0
01.107.327/0001-20;2024-12-31;4;142006;BBM LOGÍSTICA S.A.;Liderança;0;13;10;135;241;0
01.107.327/0001-20;2024-12-31;4;142006;BBM LOGÍSTICA S.A.;Não-liderança;0;224;124;1984;2652;0
01.258.944/0001-26;2024-12-31;2;139644;RUMO MALHA SUL S.A.;Liderança;0;0;39;192;254;0
01.258.944/0001-26;2024-12-31;2;139644;RUMO MALHA SUL S.A.;Não-liderança;6;0;1222;3263;3338;0
01.417.222/0001-77;2024-12-31;3;141908;MRS LOGISTICA S.A.;Liderança;0;0;0;379;0;0
01.417.222/0001-77;2024-12-31;3;141908;MRS LOGISTICA S.A.;Não-liderança;0;0;0;6536;0;0
01.545.826/0001-07;2024-12-31;5;141958;GAFISA S.A.;Liderança;0;0;0;112;0;0
01.545.826/0001-07;2024-12-31;5;141958;GAFISA S.A.;Não-liderança;0;0;0;280;0;0
01.548.981/0001-79;2024-12-31;4;141788;INVESTIMENTOS BEMGE S.A.;Liderança;0;0;0;0;0;0
01.548.981/0001-79;2024-12-31;4;141788;INVESTIMENTOS BEMGE S.A.;Não-liderança;0;0;0;0;0;0
01.599.101/0001-93;2024-12-31;7;141720;SEQUOIA LOGÍSTICA E TRANSPORTES S.A.;Liderança;11;25;10;292;20;0
01.599.101/0001-93;2024-12-31;7;141720;SEQUOIA LOGÍSTICA E TRANSPORTES S.A.;Não-liderança;70;121;54;2133;127;0
01.637.895/0001-32;2024-12-31;4;142116;VOTORANTIM CIMENTOS S.A.;Liderança;55;120;124;431;206;0
01.637.895/0001-32;2024-12-31;4;142116;VOTORANTIM CIMENTOS S.A.;Não-liderança;434;978;945;3244;1917;0
01.838.723/0001-27;2024-12-31;4;141516;BRF S.A.;Liderança;31;190;440;796;1209;362
01.838.723/0001-27;2024-12-31;4;141516;BRF S.A.;Não-liderança;343;3224;19833;14791;49140;6313
01.851.771/0001-55;2024-12-31;1;138018;524 PARTICIPACOES S.A.;Liderança;0;0;0;0;0;0
01.851.771/0001-55;2024-12-31;1;138018;524 PARTICIPACOES S.A.;Não-liderança;0;0;0;0;0;0
01.896.779/0001-38;2024-12-31;2;140772;CSU DIGITAL S.A.;Liderança;0;77;0;287;0;0
01.896.779/0001-38;2024-12-31;2;140772;CSU DIGITAL S.A.;Não-liderança;0;1411;0;2969;0;1
01.917.818/0001-36;2024-12-31;3;139427;LIGHT ENERGIA S.A.;Liderança;0;0;0;6;0;0
01.917.818/0001-36;2024-12-31;3;139427;LIGHT ENERGIA S.A.;Não-liderança;0;0;0;190;0;0
01.938.783/0001-11;2024-12-31;3;141907;CIA PARTICIPACOES ALIANCA DA BAHIA;Liderança;0;7;0;0;0;0
01.938.783/0001-11;2024-12-31;3;141907;CIA PARTICIPACOES ALIANCA DA BAHIA;Não-liderança;0;27;0;4;0;0
01.957.772/0001-89;2024-12-31;1;138563;SUL 116 PARTICIPACOES S.A.;Liderança;0;0;0;2;0;0
01.957.772/0001-89;2024-12-31;1;138563;SUL 116 PARTICIPACOES S.A.;Não-liderança;0;0;0;3;0;0
01.989.044/0001-59;2024-12-31;2;138603;WTC RIO EMPREEND. E PARTICIPAÇÕES S.A.;Liderança;0;0;0;2;0;0
01.989.044/0001-59;2024-12-31;2;138603;WTC RIO EMPREEND. E PARTICIPAÇÕES S.A.;Não-liderança;0;0;0;1;0;0
02.016.440/0001-62;2024-12-31;3;141686;RGE SUL DISTRIBUIDORA DE ENERGIA S.A.;Liderança;0;0;0;13;153;0
02.016.440/0001-62;2024-12-31;3;141686;RGE SUL DISTRIBUIDORA DE ENERGIA S.A.;Não-liderança;0;0;0;127;3755;0
02.062.747/0001-08;2024-12-31;2;139763;SUDESTE S.A.;Liderança;0;0;0;0;0;0
02.062.747/0001-08;2024-12-31;2;139763;SUDESTE S.A.;Não-liderança;0;0;0;0;0;0
02.149.205/0001-69;2024-12-31;3;142159;PORTO SEGURO S.A.;Liderança;3;22;12;1249;18;43
02.149.205/0001-69;2024-12-31;3;142159;PORTO SEGURO S.A.;Não-liderança;25;228;99;11314;207;166
02.162.616/0001-94;2024-12-31;1;138211;UPTICK PARTICIPACOES S.A.;Liderança;0;0;0;0;0;0
02.162.616/0001-94;2024-12-31;1;138211;UPTICK PARTICIPACOES S.A.;Não-liderança;0;0;0;0;0;0
02.193.750/0001-52;2024-12-31;3;140684;DEXXOS PARTICIPAÇÕES S.A.;Liderança;0;0;0;56;26;0
02.193.750/0001-52;2024-12-31;3;140684;DEXXOS PARTICIPAÇÕES S.A.;Não-liderança;0;0;0;507;186;0
02.217.319/0001-07;2024-12-31;6;141884;YBYRÁ CAPITAL S.A.;Liderança;0;0;0;5;0;0
02.217.319/0001-07;2024-12-31;6;141884;YBYRÁ CAPITAL S.A.;Não-liderança;0;0;0;1;0;0
02.255.187/0001-08;2024-12-31;4;141971;UNIFIQUE TELECOMUNICAÇÕES S.A.;Liderança;0;0;0;4;252;0
02.255.187/0001-08;2024-12-31;4;141971;UNIFIQUE TELECOMUNICAÇÕES S.A.;Não-liderança;0;4;5;20;1623;1
02.258.422/0001-97;2024-12-31;1;137781;INEPAR EQUIPAMENTOS E MONTAGENS S/A - EM RECUPERACAO JUDICIA;Liderança;0;0;0;1;0;0
02.258.422/0001-97;2024-12-31;1;137781;INEPAR EQUIPAMENTOS E MONTAGENS S/A - EM RECUPERACAO JUDICIA;Não-liderança;0;0;0;5;0;0
02.291.077/0001-93;2024-12-31;1;138226;PRODUTORES ENERGET.DE MANSO S.A.- PROMAN;Liderança;0;0;0;0;0;0
02.291.077/0001-93;2024-12-31;1;138226;PRODUTORES ENERGET.DE MANSO S.A.- PROMAN;Não-liderança;0;0;0;0;0;0
02.302.101/0001-42;2024-12-31;7;142148;EMAE - EMPRESA METROP.AGUAS ENERGIA S.A.;Liderança;0;0;0;59;0;0
02.302.101/0001-42;2024-12-31;7;142148;EMAE - EMPRESA METROP.AGUAS ENERGIA S.A.;Não-liderança;0;0;0;317;0;0
02.328.280/0001-97;2024-12-31;2;140925;ELEKTRO REDES S.A.;Liderança;0;0;2;275;0;0
02.328.280/0001-97;2024-12-31;2;140925;ELEKTRO REDES S.A.;Não-liderança;0;0;96;3546;0;0
02.338.534/0001-58;2024-12-31;2;139125;LONGDIS S.A.;Liderança;0;0;0;0;0;0
02.338.534/0001-58;2024-12-31;2;139125;LONGDIS S.A.;Não-liderança;0;0;0;0;0;0
02.351.144/0001-18;2024-12-31;4;142003;TEGMA GESTAO LOGISTICA S.A.;Liderança;6;6;0;156;55;0
02.351.144/0001-18;2024-12-31;4;142003;TEGMA GESTAO LOGISTICA S.A.;Não-liderança;56;70;2;881;528;0
02.351.877/0001-52;2024-12-31;3;141645;LWSA S/A;Liderança;0;8;3;418;168;0
02.351.877/0001-52;2024-12-31;3;141645;LWSA S/A;Não-liderança;19;138;53;2023;1015;1
02.357.251/0001-53;2024-12-31;1;138502;LIFEMED INDUSTRIAL DE EQUIP. E ART. MEDICOS E HOSP. S.A;Liderança;0;1;0;15;24;0
02.357.251/0001-53;2024-12-31;1;138502;LIFEMED INDUSTRIAL DE EQUIP. E ART. MEDICOS E HOSP. S.A;Não-liderança;0;1;0;45;335;0
02.365.069/0001-44;2024-12-31;2;140760;PADTEC HOLDING S.A.;Liderança;0;0;0;0;0;0
02.365.069/0001-44;2024-12-31;2;140760;PADTEC HOLDING S.A.;Não-liderança;0;0;0;0;0;0
02.387.241/0001-60;2024-12-31;7;142056;RUMO S.A.;Liderança;0;0;61;215;256;0
02.387.241/0001-60;2024-12-31;7;142056;RUMO S.A.;Não-liderança;5;0;1365;2970;3353;0
02.397.080/0001-96;2024-12-31;2;141431;ITAPEBI GERACAO DE ENERGIA S.A.;Liderança;0;1;0;41;0;0
02.397.080/0001-96;2024-12-31;2;141431;ITAPEBI GERACAO DE ENERGIA S.A.;Não-liderança;0;14;0;52;0;0
02.421.421/0001-11;2024-12-31;3;141896;TIM S.A.;Liderança;13;39;29;748;46;0
02.421.421/0001-11;2024-12-31;3;141896;TIM S.A.;Não-liderança;242;675;336;6863;639;0
02.429.144/0001-93;2024-12-31;2;141286;CPFL ENERGIA S.A.;Liderança;0;3;1;736;215;0
02.429.144/0001-93;2024-12-31;2;141286;CPFL ENERGIA S.A.;Não-liderança;0;21;9;10773;4449;0
02.474.103/0001-19;2024-12-31;6;142134;ENGIE BRASIL ENERGIA S.A.;Liderança;8;26;7;19;181;0
02.474.103/0001-19;2024-12-31;6;142134;ENGIE BRASIL ENERGIA S.A.;Não-liderança;14;125;24;61;634;0
02.502.844/0001-66;2024-12-31;4;139645;RUMO MALHA PAULISTA S.A.;Liderança;0;0;39;192;254;0
02.502.844/0001-66;2024-12-31;4;139645;RUMO MALHA PAULISTA S.A.;Não-liderança;6;0;1222;3263;3338;0
02.536.066/0001-26;2024-12-31;3;140393;VITAL ENGENHARIA AMBIENTAL S.A.;Liderança;0;14;4;154;0;0
02.536.066/0001-26;2024-12-31;3;140393;VITAL ENGENHARIA AMBIENTAL S.A.;Não-liderança;0;4580;43;7207;295;0
02.558.157/0001-62;2024-12-31;1;138285;TELEFÔNICA BRASIL S.A;Liderança;93;401;255;2808;662;0
02.558.157/0001-62;2024-12-31;1;138285;TELEFÔNICA BRASIL S.A;Não-liderança;501;3422;1497;17649;5965;0
02.591.787/0001-39;2024-12-31;2;137932;CAPITALPART PARTICIPACOES S.A.;Liderança;0;0;0;1;0;0
02.591.787/0001-39;2024-12-31;2;137932;CAPITALPART PARTICIPACOES S.A.;Não-liderança;0;0;0;1;0;0
02.635.522/0001-95;2024-03-31;14;139950;JALLES MACHADO S.A.;Liderança;0;0;361;109;0;0
02.635.522/0001-95;2024-03-31;14;139950;JALLES MACHADO S.A.;Não-liderança;0;0;3567;1402;0;0
02.664.042/0001-52;2024-12-31;1;137918;TERMINAL GARAGEM MENEZES CORTES S.A.;Liderança;0;0;0;5;0;0
02.664.042/0001-52;2024-12-31;1;137918;TERMINAL GARAGEM MENEZES CORTES S.A.;Não-liderança;0;0;0;42;0;0
02.762.121/0001-04;2024-12-31;7;141703;SANTOS BRASIL PARTICIPACOES S.A.;Liderança;30;13;0;246;11;0
02.762.121/0001-04;2024-12-31;7;141703;SANTOS BRASIL PARTICIPACOES S.A.;Não-liderança;333;38;0;2470;131;0
02.762.124/0001-30;2024-12-31;1;138019;BETAPART PARTICIPACOES S.A.;Liderança;0;0;0;0;0;0
02.762.124/0001-30;2024-12-31;1;138019;BETAPART PARTICIPACOES S.A.;Não-liderança;0;0;0;0;0;0
02.796.775/0001-40;2024-12-31;1;138021;GAMA PARTICIPACOES S.A.;Liderança;0;0;0;0;0;0
02.796.775/0001-40;2024-12-31;1;138021;GAMA PARTICIPACOES S.A.;Não-liderança;0;0;0;0;0;0
02.800.026/0001-40;2024-12-31;6;141393;COGNA EDUCAÇÃO S.A.;Liderança;41;164;169;1345;176;0
02.800.026/0001-40;2024-12-31;6;141393;COGNA EDUCAÇÃO S.A.;Não-liderança;581;3253;3089;10324;4411;0
02.846.056/0001-97;2024-12-31;9;141095;CCR S.A.;Liderança;0;189;77;1692;104;0
02.846.056/0001-97;2024-12-31;9;141095;CCR S.A.;Não-liderança;0;1197;658;12716;1096;0
02.860.694/0001-62;2024-12-31;2;139212;T4F ENTRETENIMENTO S.A.;Liderança;0;0;0;14;0;0
02.860.694/0001-62;2024-12-31;2;139212;T4F ENTRETENIMENTO S.A.;Não-liderança;0;0;0;74;0;0
02.916.265/0001-60;2024-12-31;6;142151;JBS S.A.;Liderança;324;255;1271;3011;1720;8966
02.916.265/0001-60;2024-12-31;6;142151;JBS S.A.;Não-liderança;7789;4486;37257;41029;55360;112415
02.932.074/0001-91;2024-12-31;4;142160;HYPERA S.A.;Liderança;0;0;868;416;8;0
02.932.074/0001-91;2024-12-31;4;142160;HYPERA S.A.;Não-liderança;0;0;7646;1301;62;0
02.950.811/0001-89;2024-12-31;9;142086;PDG REALTY S.A. EMPREEND E PARTICIPACOES;Liderança;0;1;0;46;0;0
02.950.811/0001-89;2024-12-31;9;142086;PDG REALTY S.A. EMPREEND E PARTICIPACOES;Não-liderança;4;1;0;91;2;0
02.992.449/0001-09;2024-12-31;1;138026;PROMPT PARTICIPACOES S.A.;Liderança;0;0;0;0;0;0
02.992.449/0001-09;2024-12-31;1;138026;PROMPT PARTICIPACOES S.A.;Não-liderança;0;0;0;0;0;0
02.998.301/0001-81;2024-12-31;3;140404;RIO PARANAPANEMA ENERGIA S.A.;Liderança;0;0;0;25;0;0
02.998.301/0001-81;2024-12-31;3;140404;RIO PARANAPANEMA ENERGIA S.A.;Não-liderança;0;0;0;239;0;0
02.998.611/0001-04;2024-12-31;9;141770;CTEEP - CIA TRANSMISSÃO ENERGIA ELÉTRICA PAULISTA;Liderança;0;0;1;118;2;0
02.998.611/0001-04;2024-12-31;9;141770;CTEEP - CIA TRANSMISSÃO ENERGIA ELÉTRICA PAULISTA;Não-liderança;5;11;57;1365;47;0
03.014.553/0001-91;2024-12-31;2;138912;TPI - TRIUNFO PARTICIP. E INVEST. S.A.;Liderança;0;0;0;27;0;0
03.014.553/0001-91;2024-12-31;2;138912;TPI - TRIUNFO PARTICIP. E INVEST. S.A.;Não-liderança;0;0;0;30;0;0
03.025.305/0001-46;2024-12-31;2;138967;RODOVIAS DAS COLINAS S.A.;Liderança;0;0;0;0;0;0
03.025.305/0001-46;2024-12-31;2;138967;RODOVIAS DAS COLINAS S.A.;Não-liderança;0;0;0;0;0;0
03.220.438/0001-73;2024-12-31;16;142011;EQUATORIAL S.A.;Liderança;195;434;15;0;79;0
03.220.438/0001-73;2024-12-31;16;142011;EQUATORIAL S.A.;Não-liderança;1616;4233;102;0;1219;0
03.303.999/0001-36;2024-12-31;1;138440;DTCOM - DIRECT TO COMPANY S.A.;Liderança;0;0;0;1;4;0
03.303.999/0001-36;2024-12-31;1;138440;DTCOM - DIRECT TO COMPANY S.A.;Não-liderança;0;0;0;7;28;0
03.342.704/0001-30;2024-12-31;8;141562;PETRORECÔNCAVO S.A.;Liderança;0;201;0;0;0;0
03.342.704/0001-30;2024-12-31;8;141562;PETRORECÔNCAVO S.A.;Não-liderança;0;1363;0;0;0;0
03.378.521/0001-75;2024-12-31;6;141833;LIGHT S.A. - EM RECUPERAÇÃO JUDICIAL;Liderança;0;0;0;162;0;0
03.378.521/0001-75;2024-12-31;6;141833;LIGHT S.A. - EM RECUPERAÇÃO JUDICIAL;Não-liderança;0;0;0;4377;0;0
03.467.321/0001-99;2024-12-31;2;141824;ENERGISA MATO GROSSO-DISTRIBUIDORA DE ENERGIA S/A;Liderança;0;1;141;0;0;0
03.467.321/0001-99;2024-12-31;2;141824;ENERGISA MATO GROSSO-DISTRIBUIDORA DE ENERGIA S/A;Não-liderança;4;0;2358;0;0;0
03.758.318/0001-24;2024-12-31;3;139526;INVESTIMENTOS E PARTICIP. EM INFRA S.A. - INVEPAR;Liderança;0;13;0;179;0;0
03.758.318/0001-24;2024-12-31;3;139526;INVESTIMENTOS E PARTICIP. EM INFRA S.A. - INVEPAR;Não-liderança;0;173;0;1853;0;0
03.795.050/0001-09;2024-12-31;1;137713;TERMOPERNAMBUCO S.A.;Liderança;0;8;0;2;0;0
03.795.050/0001-09;2024-12-31;1;137713;TERMOPERNAMBUCO S.A.;Não-liderança;0;49;0;6;0;0
03.802.115/0001-98;2024-12-31;3;141996;CLEAR SALE S.A.;Liderança;2;9;1;241;20;18
03.802.115/0001-98;2024-12-31;3;141996;CLEAR SALE S.A.;Não-liderança;7;63;17;1680;55;20
03.847.461/0001-92;2024-12-31;5;141860;BRADESPAR S.A.;Liderança;0;0;0;0;0;0
03.847.461/0001-92;2024-12-31;5;141860;BRADESPAR S.A.;Não-liderança;0;0;0;0;0;0
03.853.896/0001-40;2024-12-31;6;142136;MARFRIG GLOBAL FOODS S.A.;Liderança;63;0;520;449;261;1375
03.853.896/0001-40;2024-12-31;6;142136;MARFRIG GLOBAL FOODS S.A.;Não-liderança;851;0;7904;3035;3048;15405
03.953.509/0001-47;2024-12-31;3;141760;CPFL GERACAO DE ENERGIA S.A.;Liderança;0;3;1;111;17;0
03.953.509/0001-47;2024-12-31;3;141760;CPFL GERACAO DE ENERGIA S.A.;Não-liderança;0;21;8;480;77;0
03.983.431/0001-03;2024-12-31;2;140468;EDP - ENERGIAS DO BRASIL S.A.;Liderança;0;0;0;0;0;0
03.983.431/0001-03;2024-12-31;2;140468;EDP - ENERGIAS DO BRASIL S.A.;Não-liderança;0;0;0;0;0;0
04.030.182/0001-02;2024-12-31;1;138590;CABINDA PARTICIPACOES S.A.;Liderança;0;0;0;0;0;0
04.030.182/0001-02;2024-12-31;1;138590;CABINDA PARTICIPACOES S.A.;Não-liderança;0;0;0;0;0;0
04.031.213/0001-31;2024-12-31;1;138591;CACONDE PARTICIPACOES S.A.;Liderança;0;0;0;0;0;0
04.031.213/0001-31;2024-12-31;1;138591;CACONDE PARTICIPACOES S.A.;Não-liderança;0;0;0;0;0;0
04.032.433/0001-80;2024-12-31;2;139747;ATMA PARTICIPAÇÕES S.A. - EM RECUPERAÇÃO JUDICIAL;Liderança;46;257;0;181;13;0
04.032.433/0001-80;2024-12-31;2;139747;ATMA PARTICIPAÇÕES S.A. - EM RECUPERAÇÃO JUDICIAL;Não-liderança;1003;5380;0;2064;163;0
04.038.763/0001-82;2024-12-31;1;138593;CAIANDA PARTICIPACOES S.A.;Liderança;0;0;0;0;0;0
04.038.763/0001-82;2024-12-31;1;138593;CAIANDA PARTICIPACOES S.A.;Não-liderança;0;0;0;0;0;0
04.065.053/0001-41;2024-12-31;2;140256;BRZ EMPREENDIMENTOS E CONSTRUÇÕES S.A.;Liderança;0;0;0;102;0;0
04.065.053/0001-41;2024-12-31;2;140256;BRZ EMPREENDIMENTOS E CONSTRUÇÕES S.A.;Não-liderança;0;0;0;807;0;0
04.069.709/0001-02;2024-12-31;2;139006;BIONEXO S.A.;Liderança;0;6;0;45;15;0
04.069.709/0001-02;2024-12-31;2;139006;BIONEXO S.A.;Não-liderança;1;50;8;271;68;2
04.149.454/0001-80;2024-12-31;2;139025;ECORODOVIAS INFRAESTRUTURA E LOGÍSTICA S.A.;Liderança;0;0;20;331;14;0
04.149.454/0001-80;2024-12-31;2;139025;ECORODOVIAS INFRAESTRUTURA E LOGÍSTICA S.A.;Não-liderança;0;0;317;4494;274;0
04.172.213/0001-51;2024-12-31;3;141685;CIA PIRATININGA DE FORCA E LUZ;Liderança;0;0;0;112;0;0
04.172.213/0001-51;2024-12-31;3;141685;CIA PIRATININGA DE FORCA E LUZ;Não-liderança;0;0;0;1367;0;0
04.212.396/0001-91;2024-12-31;4;141992;AGASUS S.A.;Liderança;0;5;2;168;1;0
04.212.396/0001-91;2024-12-31;4;141992;AGASUS S.A.;Não-liderança;14;40;23;442;7;0
04.368.898/0001-06;2024-12-31;7;142071;COPEL DISTRIBUIÇÃO S.A.;Liderança;0;0;0;0;242;0
04.368.898/0001-06;2024-12-31;7;142071;COPEL DISTRIBUIÇÃO S.A.;Não-liderança;0;0;0;0;3961;0
04.423.567/0001-21;2024-12-31;6;142149;ENEVA S.A;Liderança;31;104;0;170;0;0
04.423.567/0001-21;2024-12-31;6;142149;ENEVA S.A;Não-liderança;178;655;0;413;0;0
04.752.991/0001-10;2024-12-31;2;139288;BIOMM S.A.;Liderança;0;0;0;37;0;0
04.752.991/0001-10;2024-12-31;2;139288;BIOMM S.A.;Não-liderança;0;5;2;101;3;0
04.821.041/0001-08;2024-12-31;2;139576;METALFRIO SOLUTIONS S.A.;Liderança;0;0;75;44;0;0
04.821.041/0001-08;2024-12-31;2;139576;METALFRIO SOLUTIONS S.A.;Não-liderança;0;3;840;204;0;0
04.895.728/0001-80;2024-12-31;4;141930;EQUATORIAL PARÁ DISTRIBUIDORA DE ENERGIA S.A.;Liderança;132;0;3;0;0;0
04.895.728/0001-80;2024-12-31;4;141930;EQUATORIAL PARÁ DISTRIBUIDORA DE ENERGIA S.A.;Não-liderança;1161;0;14;0;0;0
04.902.979/0001-44;2024-12-31;4;141716;BCO AMAZONIA S.A.;Liderança;532;38;25;1;0;0
04.902.979/0001-44;2024-12-31;4;141716;BCO AMAZONIA S.A.;Não-liderança;2098;84;54;3;0;0
04.912.242/0001-02;2024-12-31;1;137786;PORTUENSE FERRAGENS S/A;Liderança;3;0;0;0;0;0
04.912.242/0001-02;2024-12-31;1;137786;PORTUENSE FERRAGENS S/A;Não-liderança;8;0;0;0;0;0
04.913.711/0001-08;2024-12-31;3;141268;BCO ESTADO DO PARA S.A.;Liderança;801;0;0;0;0;0
04.913.711/0001-08;2024-12-31;3;141268;BCO ESTADO DO PARA S.A.;Não-liderança;1780;0;0;0;0;0
04.972.092/0001-22;2024-12-31;2;141601;GRUPO FARTURA DE HORTIFRUT S.A.;Liderança;0;0;189;456;0;0
04.972.092/0001-22;2024-12-31;2;141601;GRUPO FARTURA DE HORTIFRUT S.A.;Não-liderança;0;0;1345;6294;0;0
04.986.320/0001-13;2024-12-31;9;141699;SER EDUCACIONAL S.A.;Liderança;249;798;15;99;31;1
04.986.320/0001-13;2024-12-31;9;141699;SER EDUCACIONAL S.A.;Não-liderança;1594;4208;98;518;147;4
04.992.714/0001-84;2024-12-31;6;141723;NOVA TRANSPORTADORA DO SUDESTE S.A. - NTS;Liderança;0;0;0;47;0;0
04.992.714/0001-84;2024-12-31;6;141723;NOVA TRANSPORTADORA DO SUDESTE S.A. - NTS;Não-liderança;0;0;0;216;0;0
05.197.443/0001-38;2024-12-31;5;141626;HAPVIDA PARTICIPAÇÕES E INVESTIMENTOS S.A.;Liderança;154;1147;145;2221;243;0
05.197.443/0001-38;2024-12-31;5;141626;HAPVIDA PARTICIPAÇÕES E INVESTIMENTOS S.A.;Não-liderança;3678;22486;2903;32921;4292;0
05.347.060/0001-07;2024-12-31;2;138730;INTERPLAYERS SOLUÇÕES INTEGRADAS S.A.;Liderança;1;7;1;166;8;0
05.347.060/0001-07;2024-12-31;2;138730;INTERPLAYERS SOLUÇÕES INTEGRADAS S.A.;Não-liderança;4;49;10;745;36;0
05.878.397/0001-32;2024-12-31;6;141918;ALLOS S.A.;Liderança;25;39;7;275;8;0
05.878.397/0001-32;2024-12-31;6;141918;ALLOS S.A.;Não-liderança;367;606;88;1157;37;0
05.917.486/0001-40;2024-12-31;2;141650;LIVETECH DA BAHIA INDÚSTRIA E COMÉRCIO S.A.;Liderança;0;11;0;27;0;4
05.917.486/0001-40;2024-12-31;2;141650;LIVETECH DA BAHIA INDÚSTRIA E COMÉRCIO S.A.;Não-liderança;0;88;0;128;0;19
06.047.087/0001-39;2024-12-31;6;142126;REDE D'OR SÃO LUIZ S.A.;Liderança;21;84;4;191;6;0
06.047.087/0001-39;2024-12-31;6;142126;REDE D'OR SÃO LUIZ S.A.;Não-liderança;5644;15401;565;49062;872;0
06.057.223/0001-71;2024-12-31;10;141979;SENDAS DISTRIBUIDORA S.A.;Liderança;429;1997;689;4202;247;0
06.057.223/0001-71;2024-12-31;10;141979;SENDAS DISTRIBUIDORA S.A.;Não-liderança;4402;19989;6752;39527;2143;0
06.164.253/0001-87;2024-12-31;8;142138;GOL LINHAS AEREAS INTELIGENTES S.A.;Liderança;11;24;11;380;16;14
06.164.253/0001-87;2024-12-31;8;142138;GOL LINHAS AEREAS INTELIGENTES S.A.;Não-liderança;287;1197;1310;9823;1038;200
06.272.793/0001-84;2024-12-31;9;142010;EQUATORIAL MARANHÃO DISTRIBUIDORA DE ENERGIA S.A.;Liderança;0;208;1;0;0;0
06.272.793/0001-84;2024-12-31;9;142010;EQUATORIAL MARANHÃO DISTRIBUIDORA DE ENERGIA S.A.;Não-liderança;0;1275;15;0;0;0
06.626.253/0001-51;2024-12-31;4;141765;EMPREENDIMENTOS PAGUE MENOS S.A.;Liderança;418;1585;147;317;43;0
06.626.253/0001-51;2024-12-31;4;141765;EMPREENDIMENTOS PAGUE MENOS S.A.;Não-liderança;3039;15181;1575;2859;466;0
06.981.176/0001-58;2024-12-31;2;138774;CEMIG GERACAO E TRANSMISSAO S.A.;Liderança;0;0;0;0;0;0
06.981.176/0001-58;2024-12-31;2;138774;CEMIG GERACAO E TRANSMISSAO S.A.;Não-liderança;0;0;0;0;0;0
06.981.180/0001-16;2024-12-31;7;141959;CEMIG DISTRIBUICAO S.A.;Liderança;0;0;0;0;0;0
06.981.180/0001-16;2024-12-31;7;141959;CEMIG DISTRIBUICAO S.A.;Não-liderança;0;0;0;0;0;0
06.981.381/0001-13;2024-03-31;11;141302;CTC - CENTRO DE TECNOLOGIA CANAVIEIRA S.A.;Liderança;0;1;2;80;0;0
06.981.381/0001-13;2024-03-31;11;141302;CTC - CENTRO DE TECNOLOGIA CANAVIEIRA S.A.;Não-liderança;0;28;21;332;6;0
07.040.108/0001-57;2024-12-31;3;139580;CAGECE - CIA DE AGUA E ESGOTO DO CEARA;Liderança;0;416;0;0;0;0
07.040.108/0001-57;2024-12-31;3;139580;CAGECE - CIA DE AGUA E ESGOTO DO CEARA;Não-liderança;0;746;0;0;0;0
07.043.628/0001-13;2024-12-31;2;139220;CLARO TELECOM PARTICIPAÇÕES S.A.;Liderança;0;0;0;1;0;0
07.043.628/0001-13;2024-12-31;2;139220;CLARO TELECOM PARTICIPAÇÕES S.A.;Não-liderança;0;0;0;1;0;0
07.047.251/0001-70;2024-12-31;7;141507;CIA ENERGETICA DO CEARA - COELCE;Liderança;0;96;0;6;0;0
07.047.251/0001-70;2024-12-31;7;141507;CIA ENERGETICA DO CEARA - COELCE;Não-liderança;0;1342;0;34;0;0
07.206.816/0001-15;2024-12-31;2;141531;M.DIAS BRANCO S.A. IND COM DE ALIMENTOS;Liderança;16;947;15;407;127;0
07.206.816/0001-15;2024-12-31;2;141531;M.DIAS BRANCO S.A. IND COM DE ALIMENTOS;Não-liderança;49;10049;42;3786;1242;0
07.237.373/0001-20;2024-12-31;8;141801;BCO NORDESTE DO BRASIL S.A.;Liderança;0;2618;4;203;0;0
07.237.373/0001-20;2024-12-31;8;141801;BCO NORDESTE DO BRASIL S.A.;Não-liderança;0;3647;13;194;0;0
07.253.321/0001-47;2024-12-31;1;138042;CARBOMIL SA MINER. E INDUSTRIA;Liderança;0;4;0;0;0;0
07.253.321/0001-47;2024-12-31;1;138042;CARBOMIL SA MINER. E INDUSTRIA;Não-liderança;0;10;0;0;0;0
07.275.159/0001-68;2024-12-31;1;137398;PETROLEO LUB DO NORDESTE SA;Liderança;0;1;0;0;0;0
07.275.159/0001-68;2024-12-31;1;137398;PETROLEO LUB DO NORDESTE SA;Não-liderança;0;1;0;0;0;0
07.334.600/0001-35;2024-12-31;1;137748;MARINA DE IRACEMA PARK SA;Liderança;0;2;0;0;0;0
07.334.600/0001-35;2024-12-31;1;137748;MARINA DE IRACEMA PARK SA;Não-liderança;0;202;0;0;0;0
07.415.333/0001-20;2024-12-31;2;139545;SIMPAR S.A.;Liderança;73;305;149;2020;218;0
07.415.333/0001-20;2024-12-31;2;139545;SIMPAR S.A.;Não-liderança;2235;6082;2001;26187;3595;1
07.526.557/0001-00;2024-12-31;2;141587;AMBEV S.A.;Liderança;106;683;232;4629;898;0
07.526.557/0001-00;2024-12-31;2;141587;AMBEV S.A.;Não-liderança;717;3805;1005;10464;2484;0
07.594.978/0001-78;2024-12-31;3;140811;SMARTFIT ESCOLA DE GINÁSTICA E DANÇA S.A.;Liderança;0;90;53;561;32;0
07.594.978/0001-78;2024-12-31;3;140811;SMARTFIT ESCOLA DE GINÁSTICA E DANÇA S.A.;Não-liderança;0;962;556;5796;288;0
07.628.528/0001-59;2024-06-30;5;141689;BRASILAGRO - CIA BRAS DE PROP AGRICOLAS;Liderança;1;11;6;25;1;13
07.628.528/0001-59;2024-06-30;5;141689;BRASILAGRO - CIA BRAS DE PROP AGRICOLAS;Não-liderança;3;32;21;38;1;14
07.689.002/0001-89;2024-12-31;5;142133;EMBRAER S.A.;Liderança;0;0;2;787;2;200
07.689.002/0001-89;2024-12-31;5;142133;EMBRAER S.A.;Não-liderança;0;0;36;15245;31;2269
07.704.246/0001-93;2024-12-31;1;138537;DATORA PARTICIPAÇÕES E SERVIÇOS S.A.;Liderança;0;0;0;81;0;1
07.704.246/0001-93;2024-12-31;1;138537;DATORA PARTICIPAÇÕES E SERVIÇOS S.A.;Não-liderança;0;0;0;191;0;4
07.714.104/0001-07;2024-12-31;7;141457;GIGA MAIS FIBRA TELECOMUNICAÇÕES S.A.;Liderança;0;117;9;269;17;0
07.714.104/0001-07;2024-12-31;7;141457;GIGA MAIS FIBRA TELECOMUNICAÇÕES S.A.;Não-liderança;19;1714;108;2655;132;0
07.816.890/0001-53;2024-12-31;5;141974;MULTIPLAN - EMPREEND IMOBILIARIOS S.A.;Liderança;0;0;1;45;3;0
07.816.890/0001-53;2024-12-31;5;141974;MULTIPLAN - EMPREEND IMOBILIARIOS S.A.;Não-liderança;0;1;0;294;31;0
07.820.907/0001-46;2024-12-31;4;139445;FICA EMPREENDIMENTOS IMOBILIÁRIOS S.A.;Liderança;0;0;0;2;0;0
07.820.907/0001-46;2024-12-31;4;139445;FICA EMPREENDIMENTOS IMOBILIÁRIOS S.A.;Não-liderança;0;0;0;1;0;0
07.857.093/0001-14;2024-12-31;5;141589;AURA MINERALS INC.;Liderança;0;21;73;18;0;153
07.857.093/0001-14;2024-12-31;5;141589;AURA MINERALS INC.;Não-liderança;0;55;411;6;0;521
07.857.850/0001-50;2024-12-31;4;139390;GP INVESTMENTS, LTD.;Liderança;0;0;0;6;0;4
07.857.850/0001-50;2024-12-31;4;139390;GP INVESTMENTS, LTD.;Não-liderança;0;0;0;23;0;3
07.859.971/0001-30;2024-12-31;6;141952;TRANSMISSORA ALIANÇA DE ENERGIA ELÉTRICA S.A.;Liderança;3;6;5;71;5;0
07.859.971/0001-30;2024-12-31;6;141952;TRANSMISSORA ALIANÇA DE ENERGIA ELÉTRICA S.A.;Não-liderança;69;167;66;374;85;0
07.882.930/0001-65;2024-12-31;1;138111;MITRE REALTY EMPREENDIMENTOS E PARTICIPAÇÕES S.A.;Liderança;0;0;0;67;0;0
07.882.930/0001-65;2024-12-31;1;138111;MITRE REALTY EMPREENDIMENTOS E PARTICIPAÇÕES S.A.;Não-liderança;0;0;0;475;0;0
07.976.147/0001-60;2024-12-31;6;141890;MOVIDA LOCAÇÃO DE VEÍCULOS S.A.;Liderança;25;58;32;456;47;0
07.976.147/0001-60;2024-12-31;6;141890;MOVIDA LOCAÇÃO DE VEÍCULOS S.A.;Não-liderança;190;570;293;3161;414;0
08.065.557/0001-12;2024-12-31;8;142032;TECNISA S.A.;Liderança;0;0;0;42;0;0
08.065.557/0001-12;2024-12-31;8;142032;TECNISA S.A.;Não-liderança;0;0;3;415;0;0
08.078.847/0001-09;2024-12-31;2;139086;LPS BRASIL - CONSULTORIA DE IMOVEIS S.A.;Liderança;0;6;0;78;7;0
08.078.847/0001-09;2024-12-31;2;139086;LPS BRASIL - CONSULTORIA DE IMOVEIS S.A.;Não-liderança;0;12;1;223;30;0
08.159.965/0001-33;2024-12-31;5;141762;IGUA SANEAMENTO S.A.;Liderança;0;17;66;220;40;0
08.159.965/0001-33;2024-12-31;5;141762;IGUA SANEAMENTO S.A.;Não-liderança;0;99;648;1299;123;0
08.170.849/0001-15;2024-12-31;9;142021;DESKTOP S.A.;Liderança;0;0;0;487;0;0
08.170.849/0001-15;2024-12-31;9;142021;DESKTOP S.A.;Não-liderança;0;0;0;3517;0;0
08.262.121/0001-13;2024-12-31;3;139558;ALUBAR METAIS E CABOS S.A.;Liderança;35;0;0;0;6;14
08.262.121/0001-13;2024-12-31;3;139558;ALUBAR METAIS E CABOS S.A.;Não-liderança;663;0;0;0;53;62
08.294.224/0001-65;2024-12-31;3;140566;JHSF PARTICIPACOES S.A.;Liderança;9;4;0;342;0;0
08.294.224/0001-65;2024-12-31;3;140566;JHSF PARTICIPACOES S.A.;Não-liderança;109;157;0;2083;0;0
08.312.229/0001-73;2024-12-31;5;141140;EZ TEC EMPREEND. E PARTICIPACOES S.A.;Liderança;0;0;0;46;0;0
08.312.229/0001-73;2024-12-31;5;141140;EZ TEC EMPREEND. E PARTICIPACOES S.A.;Não-liderança;0;0;0;831;0;0
08.322.396/0001-03;2024-03-31;4;139076;CERRADINHO BIOENERGIA S.A.;Liderança;0;0;36;19;0;0
08.322.396/0001-03;2024-03-31;4;139076;CERRADINHO BIOENERGIA S.A.;Não-liderança;0;0;1684;94;0;0
08.324.196/0001-81;2024-12-31;6;141947;CIA ENERGETICA DO RIO GDE NORTE - COSERN;Liderança;0;74;0;9;0;0
08.324.196/0001-81;2024-12-31;6;141947;CIA ENERGETICA DO RIO GDE NORTE - COSERN;Não-liderança;0;968;0;10;0;0
08.343.492/0001-20;2024-12-31;6;141617;MRV ENGENHARIA E PARTICIPACOES S.A.;Liderança;37;207;110;971;171;0
08.343.492/0001-20;2024-12-31;6;141617;MRV ENGENHARIA E PARTICIPACOES S.A.;Não-liderança;886;3111;818;8847;2650;0
08.364.948/0001-38;2024-12-31;6;141683;ALUPAR INVESTIMENTO S/A;Liderança;0;0;0;14;0;0
08.364.948/0001-38;2024-12-31;6;141683;ALUPAR INVESTIMENTO S/A;Não-liderança;0;0;0;38;0;0
08.397.078/0001-01;2024-12-31;2;139376;GSH CORP PARTICIPAÇÕES S.A.;Liderança;0;34;6;156;12;0
08.397.078/0001-01;2024-12-31;2;139376;GSH CORP PARTICIPAÇÕES S.A.;Não-liderança;0;315;72;1112;57;0
08.402.943/0001-52;2024-12-31;1;138089;GUARARAPES CONFECCOES S.A.;Liderança;63;377;68;1225;91;0
08.402.943/0001-52;2024-12-31;1;138089;GUARARAPES CONFECCOES S.A.;Não-liderança;1419;12494;1313;9618;1579;0
08.424.178/0001-71;2024-12-31;1;137890;TECBLU TECELAGEM BLUMENAU S.A.;Liderança;0;1;0;0;0;0
08.424.178/0001-71;2024-12-31;1;137890;TECBLU TECELAGEM BLUMENAU S.A.;Não-liderança;0;1;0;0;0;0
08.439.659/0001-50;2024-12-31;5;141238;CPFL ENERGIAS RENOVÁVEIS S.A.;Liderança;0;3;1;102;3;0
08.439.659/0001-50;2024-12-31;5;141238;CPFL ENERGIAS RENOVÁVEIS S.A.;Não-liderança;0;21;8;464;17;0
08.467.115/0001-00;2024-12-31;5;141923;CIA ESTADUAL DE DISTRIB ENER ELET-CEEE-D;Liderança;0;0;0;0;68;0
08.467.115/0001-00;2024-12-31;5;141923;CIA ESTADUAL DE DISTRIB ENER ELET-CEEE-D;Não-liderança;0;0;2;0;776;0
08.560.444/0001-93;2024-12-31;1;137654;CIA CELG DE PARTICIPACOES - CELGPAR;Liderança;0;0;18;0;0;0
08.560.444/0001-93;2024-12-31;1;137654;CIA CELG DE PARTICIPACOES - CELGPAR;Não-liderança;0;0;94;0;0;0
08.574.411/0001-00;2024-12-31;2;139904;PRÁTICA PRODUTOS S.A.;Liderança;0;3;0;79;0;3
08.574.411/0001-00;2024-12-31;2;139904;PRÁTICA PRODUTOS S.A.;Não-liderança;0;6;0;497;0;10
08.764.621/0001-53;2024-12-31;2;141273;GENERAL SHOPPING E OUTLETS DO BRASIL BRASIL S.A.;Liderança;0;0;0;16;0;0
08.764.621/0001-53;2024-12-31;2;141273;GENERAL SHOPPING E OUTLETS DO BRASIL BRASIL S.A.;Não-liderança;0;0;0;67;0;0
08.773.135/0001-00;2024-12-31;5;142093;2W ECOBANK S.A.;Liderança;0;3;0;21;1;0
08.773.135/0001-00;2024-12-31;5;142093;2W ECOBANK S.A.;Não-liderança;2;9;6;84;15;0
08.773.191/0001-36;2024-12-31;1;138411;BRASILIANA PARTICIPAÇÕES S/A;Liderança;0;0;0;1;0;0
08.773.191/0001-36;2024-12-31;1;138411;BRASILIANA PARTICIPAÇÕES S/A;Não-liderança;0;0;0;1;0;0
08.795.211/0001-70;2024-12-31;4;141995;MAESTRO LOCADORA DE VEICULOS S.A.;Liderança;0;0;0;19;0;0
08.795.211/0001-70;2024-12-31;4;141995;MAESTRO LOCADORA DE VEICULOS S.A.;Não-liderança;0;0;1;66;0;0
08.797.760/0001-83;2024-12-31;6;141449;CURY CONSTRUTORA E INCORPORADORA S.A.;Liderança;0;0;0;232;0;0
08.797.760/0001-83;2024-12-31;6;141449;CURY CONSTRUTORA E INCORPORADORA S.A.;Não-liderança;0;0;0;2321;0;0
08.801.621/0001-86;2024-12-31;10;142152;SYN PROP & TECH S.A.;Liderança;0;0;8;86;0;0
08.801.621/0001-86;2024-12-31;10;142152;SYN PROP & TECH S.A.;Não-liderança;0;0;28;225;0;0
08.807.432/0001-10;2024-12-31;3;141766;YDUQS PARTICIPACOES S.A.;Liderança;186;252;42;928;56;0
08.807.432/0001-10;2024-12-31;3;141766;YDUQS PARTICIPACOES S.A.;Não-liderança;1833;3354;514;9476;531;0
08.811.643/0001-27;2024-12-31;4;141390;TRISUL S.A.;Liderança;0;0;0;100;0;0
08.811.643/0001-27;2024-12-31;4;141390;TRISUL S.A.;Não-liderança;0;0;0;272;0;0
08.902.291/0001-15;2024-12-31;4;141455;CSN MINERAÇÃO S.A.;Liderança;0;0;0;330;0;0
08.902.291/0001-15;2024-12-31;4;141455;CSN MINERAÇÃO S.A.;Não-liderança;0;0;0;7688;0;0
08.935.054/0001-50;2024-12-31;2;141534;MULTINER S/A;Liderança;0;0;0;14;0;0
08.935.054/0001-50;2024-12-31;2;141534;MULTINER S/A;Não-liderança;0;0;0;6;0;0
09.041.168/0001-10;2024-12-31;7;141993;LOG COMMERCIAL PROPERTIES E PARTICIPAÇÕES;Liderança;0;4;2;71;1;0
09.041.168/0001-10;2024-12-31;7;141993;LOG COMMERCIAL PROPERTIES E PARTICIPAÇÕES;Não-liderança;0;275;106;355;0;0
09.042.817/0001-05;2024-12-31;6;141829;BEMOBI MOBILE TECH S.A.;Liderança;1;20;4;88;9;41
09.042.817/0001-05;2024-12-31;6;141829;BEMOBI MOBILE TECH S.A.;Não-liderança;22;117;43;304;85;135
09.053.134/0001-45;2024-12-31;2;141379;ELFA MEDICAMENTOS S.A.;Liderança;0;38;23;167;45;0
09.053.134/0001-45;2024-12-31;2;141379;ELFA MEDICAMENTOS S.A.;Não-liderança;15;465;275;1086;450;0
09.054.385/0001-44;2024-12-31;1;138861;INBRANDS S.A.;Liderança;1;24;15;203;17;0
09.054.385/0001-44;2024-12-31;1;138861;INBRANDS S.A.;Não-liderança;6;198;91;1184;128;0
09.074.183/0001-64;2024-12-31;1;138781;TRANSBRASILIANA CONCESSIONÁRIA DE RODOVIA S.A;Liderança;0;0;0;29;0;0
09.074.183/0001-64;2024-12-31;1;138781;TRANSBRASILIANA CONCESSIONÁRIA DE RODOVIA S.A;Não-liderança;0;0;0;357;0;0
09.112.685/0001-32;2024-12-31;2;138958;OSX BRASIL S.A. - EM RECUPERAÇÃO JUDICIAL;Liderança;0;0;0;2;0;0
09.112.685/0001-32;2024-12-31;2;138958;OSX BRASIL S.A. - EM RECUPERAÇÃO JUDICIAL;Não-liderança;0;0;0;5;0;0
09.114.805/0001-30;2024-12-31;3;140413;OCEANPACT SERVIÇOS MARITIMOS S.A.;Liderança;0;0;0;549;1;0
09.114.805/0001-30;2024-12-31;3;140413;OCEANPACT SERVIÇOS MARITIMOS S.A.;Não-liderança;0;13;0;1345;2;0
09.146.451/0001-06;2024-12-31;4;141532;KALLAS INCORPORAÇÕES E CONSTRUÇÕES S.A.;Liderança;0;0;0;3;0;0
09.146.451/0001-06;2024-12-31;4;141532;KALLAS INCORPORAÇÕES E CONSTRUÇÕES S.A.;Não-liderança;0;0;0;1106;0;0
09.229.201/0001-30;2024-12-31;2;142001;GPS PARTICIPAÇÕES E EMPREENDIMENTOS S.A.;Liderança;37;210;90;1438;205;0
09.229.201/0001-30;2024-12-31;2;142001;GPS PARTICIPAÇÕES E EMPREENDIMENTOS S.A.;Não-liderança;5013;20135;9815;88528;21259;0
09.257.877/0001-37;2024-12-31;2;140569;FERROVIA NORTE SUL S/A;Liderança;12;24;0;0;0;0
09.257.877/0001-37;2024-12-31;2;140569;FERROVIA NORTE SUL S/A;Não-liderança;246;464;0;0;0;0
09.267.996/0001-70;2024-12-31;2;139356;YUNY INCORPORADORA HOLDING S.A.;Liderança;0;0;0;30;0;0
09.267.996/0001-70;2024-12-31;2;139356;YUNY INCORPORADORA HOLDING S.A.;Não-liderança;0;0;0;40;0;0
09.288.252/0001-32;2024-12-31;5;141714;ANIMA HOLDING S.A.;Liderança;2;209;14;813;162;0
09.288.252/0001-32;2024-12-31;5;141714;ANIMA HOLDING S.A.;Não-liderança;5;3397;195;8260;2696;0
09.295.063/0001-97;2024-12-31;4;141361;TECHNOS S.A.;Liderança;9;3;1;39;3;0
09.295.063/0001-97;2024-12-31;4;141361;TECHNOS S.A.;Não-liderança;324;67;5;155;17;0
09.305.994/0001-29;2024-12-31;6;141662;AZUL S.A.;Liderança;58;311;62;2776;207;29
09.305.994/0001-29;2024-12-31;6;141662;AZUL S.A.;Não-liderança;437;1416;425;9393;838;58
09.346.601/0001-25;2024-12-31;6;141975;B3 S.A. - BRASIL, BOLSA, BALCÃO;Liderança;0;0;0;520;0;0
09.346.601/0001-25;2024-12-31;6;141975;B3 S.A. - BRASIL, BOLSA, BALCÃO;Não-liderança;0;0;0;2237;0;0
09.347.516/0001-81;2024-12-31;3;141673;ELETROMIDIA S.A.;Liderança;0;5;1;124;6;0
09.347.516/0001-81;2024-12-31;3;141673;ELETROMIDIA S.A.;Não-liderança;0;27;6;638;26;0
09.414.761/0001-64;2024-12-31;3;141468;K-INFRA RODOVIA DO AÇO S.A.;Liderança;0;0;0;32;0;0
09.414.761/0001-64;2024-12-31;3;141468;K-INFRA RODOVIA DO AÇO S.A.;Não-liderança;0;0;0;376;0;0
09.527.023/0001-23;2024-12-31;2;139424;ENVIRONMENTAL ESG PARTICIPAÇÕES S.A.;Liderança;12;119;48;608;73;122
09.527.023/0001-23;2024-12-31;2;139424;ENVIRONMENTAL ESG PARTICIPAÇÕES S.A.;Não-liderança;218;1130;356;3713;587;1890
09.538.973/0001-53;2024-12-31;3;141901;PDG COMPANHIA SECURITIZADORA;Liderança;0;0;0;0;0;0
09.538.973/0001-53;2024-12-31;3;141901;PDG COMPANHIA SECURITIZADORA;Não-liderança;0;0;0;0;0;0
09.611.768/0001-76;2024-12-31;4;139312;INC EMPREENDIMENTOS IMOBILIÁRIOS S.A.;Liderança;0;0;0;34;0;0
09.611.768/0001-76;2024-12-31;4;139312;INC EMPREENDIMENTOS IMOBILIÁRIOS S.A.;Não-liderança;0;0;0;789;0;0
09.813.204/0001-16;2024-12-31;1;138763;W2W E-COMMERCE DE VINHOS S.A.;Liderança;0;8;1;67;5;0
09.813.204/0001-16;2024-12-31;1;138763;W2W E-COMMERCE DE VINHOS S.A.;Não-liderança;9;18;4;345;18;0
10.139.870/0001-08;2024-12-31;6;141742;NEOGRID PARTICIPAÇÕES S.A.;Liderança;0;3;0;77;85;1
10.139.870/0001-08;2024-12-31;6;141742;NEOGRID PARTICIPAÇÕES S.A.;Não-liderança;3;37;10;303;386;6
10.285.590/0001-08;2024-12-31;1;138827;GRUPO DE MODA SOMA S.A.;Liderança;6;43;83;871;193;15
10.285.590/0001-08;2024-12-31;1;138827;GRUPO DE MODA SOMA S.A.;Não-liderança;88;643;2033;6886;2390;30
10.324.624/0001-18;2024-12-31;2;138909;CONCESSÃO METROVIÁRIA DO RIO DE JANEIRO S.A.;Liderança;0;0;0;168;0;0
10.324.624/0001-18;2024-12-31;2;138909;CONCESSÃO METROVIÁRIA DO RIO DE JANEIRO S.A.;Não-liderança;0;0;0;1988;0;0
10.338.320/0001-00;2024-12-31;1;137716;AFLUENTE TRANSMISSÃO DE ENERGIA ELÉTRICA S/A;Liderança;0;2;0;0;0;0
10.338.320/0001-00;2024-12-31;1;137716;AFLUENTE TRANSMISSÃO DE ENERGIA ELÉTRICA S/A;Não-liderança;0;2;0;1;0;0
10.488.244/0001-19;2024-12-31;1;138293;INFRASEC SECURITIZADORA S.A.;Liderança;0;0;0;1;0;0
10.488.244/0001-19;2024-12-31;1;138293;INFRASEC SECURITIZADORA S.A.;Não-liderança;0;0;0;1;0;0
10.502.676/0001-37;2024-12-31;3;141444;TERMELÉTRICA PERNAMBUCO III S.A.;Liderança;0;12;0;0;0;0
10.502.676/0001-37;2024-12-31;3;141444;TERMELÉTRICA PERNAMBUCO III S.A.;Não-liderança;0;30;0;0;0;0
10.571.175/0001-02;2024-12-31;3;140587;URBA DESENVOLVIMENTO URBANO S.A.;Liderança;0;1;2;56;0;0
10.571.175/0001-02;2024-12-31;3;140587;URBA DESENVOLVIMENTO URBANO S.A.;Não-liderança;0;4;11;190;0;0
10.629.105/0001-68;2024-12-31;2;139065;PRIO S.A.;Liderança;1;13;1;120;9;1
10.629.105/0001-68;2024-12-31;2;139065;PRIO S.A.;Não-liderança;2;23;1;549;20;2
10.635.691/0001-53;2024-12-31;2;138986;VIARONDON CONCESSIONÁRIA DE RODOVIA S.A.;Liderança;0;0;0;91;0;0
10.635.691/0001-53;2024-12-31;2;138986;VIARONDON CONCESSIONÁRIA DE RODOVIA S.A.;Não-liderança;0;0;0;590;0;0
10.739.356/0001-03;2024-12-31;3;141965;BR ADVISORY PARTNERS PARTICIPAÇÕES S.A.;Liderança;0;0;0;57;0;0
10.739.356/0001-03;2024-12-31;3;141965;BR ADVISORY PARTNERS PARTICIPAÇÕES S.A.;Não-liderança;0;0;0;101;0;0
10.760.260/0001-19;2024-12-31;8;141733;CVC BRASIL OPERADORA E AGÊNCIA DE VIAGENS S.A.;Liderança;0;0;0;320;0;0
10.760.260/0001-19;2024-12-31;8;141733;CVC BRASIL OPERADORA E AGÊNCIA DE VIAGENS S.A.;Não-liderança;0;0;0;1808;0;0
10.807.374/0001-77;2024-12-31;6;141920;BOA SAFRA SEMENTES S.A.;Liderança;1;6;52;6;1;0
10.807.374/0001-77;2024-12-31;6;141920;BOA SAFRA SEMENTES S.A.;Não-liderança;13;92;370;104;1;0
10.835.932/0001-08;2024-12-31;1;137848;CIA ENERGETICA DE PERNAMBUCO - CELPE;Liderança;0;186;0;26;0;0
10.835.932/0001-08;2024-12-31;1;137848;CIA ENERGETICA DE PERNAMBUCO - CELPE;Não-liderança;0;3179;0;35;0;0
11.284.204/0001-18;2024-12-31;1;138527;YOU INC INCORPORADORA E PARTICIPAÇÃO S.A;Liderança;0;0;0;35;0;0
11.284.204/0001-18;2024-12-31;1;138527;YOU INC INCORPORADORA E PARTICIPAÇÃO S.A;Não-liderança;0;0;0;61;0;0
11.421.994/0001-36;2024-12-31;6;141758;ORIZON VALORIZAÇÃO DE RESÍDUOS S.A.;Liderança;3;47;7;175;0;0
11.421.994/0001-36;2024-12-31;6;141758;ORIZON VALORIZAÇÃO DE RESÍDUOS S.A.;Não-liderança;31;630;63;1000;0;0
11.669.021/0001-10;2024-12-31;4;142083;ENAUTA PARTICIPAÇÕES S.A.;Liderança;0;1;0;64;0;0
11.669.021/0001-10;2024-12-31;4;142083;ENAUTA PARTICIPAÇÕES S.A.;Não-liderança;0;1;0;97;0;0
11.721.921/0001-60;2024-12-31;4;141141;ALPER CONSULTORIA E CORRETORA DE SEGUROS S.A.;Liderança;0;11;0;158;26;0
11.721.921/0001-60;2024-12-31;4;141141;ALPER CONSULTORIA E CORRETORA DE SEGUROS S.A.;Não-liderança;0;59;9;653;96;0
11.992.680/0001-93;2024-12-31;4;142044;QUALICORP CONSULTORIA E CORRETORA DE SEGUROS S.A.;Liderança;2;7;10;195;2;0
11.992.680/0001-93;2024-12-31;4;142044;QUALICORP CONSULTORIA E CORRETORA DE SEGUROS S.A.;Não-liderança;21;48;83;1391;17;0
12.049.631/0001-84;2024-12-31;4;139918;MOURA DUBEUX ENGENHARIA S/A;Liderança;0;145;0;0;0;0
12.049.631/0001-84;2024-12-31;4;139918;MOURA DUBEUX ENGENHARIA S/A;Não-liderança;0;4939;0;0;0;0
12.091.809/0001-55;2024-12-31;7;141817;3R PETROLEUM ÓLEO E GÁS S.A.;Liderança;0;106;0;88;0;0
12.091.809/0001-55;2024-12-31;7;141817;3R PETROLEUM ÓLEO E GÁS S.A.;Não-liderança;0;349;0;237;0;0
12.104.241/0004-02;2024-12-31;11;141882;ONCOCLÍNICAS DO BRASIL SERVIÇOS MÉDICOS S.A.;Liderança;4;116;50;497;20;0
12.104.241/0004-02;2024-12-31;11;141882;ONCOCLÍNICAS DO BRASIL SERVIÇOS MÉDICOS S.A.;Não-liderança;47;1511;677;5452;184;0
12.108.897/0001-50;2024-12-31;4;140378;D1000 VAREJO FARMA PARTICIPAÇÕES S.A.;Liderança;0;0;201;583;0;0
12.108.897/0001-50;2024-12-31;4;140378;D1000 VAREJO FARMA PARTICIPAÇÕES S.A.;Não-liderança;0;0;889;2488;0;0
12.181.987/0001-77;2024-12-31;6;141712;MELNICK DESENVOLVIMENTO IMOBILIÁRIO S.A.;Liderança;0;0;0;0;111;0
12.181.987/0001-77;2024-12-31;6;141712;MELNICK DESENVOLVIMENTO IMOBILIÁRIO S.A.;Não-liderança;0;0;0;0;656;0
12.300.288/0001-07;2024-12-31;5;141513;NORTE ENERGIA S.A.;Liderança;9;0;14;0;0;0
12.300.288/0001-07;2024-12-31;5;141513;NORTE ENERGIA S.A.;Não-liderança;338;0;104;0;0;0
12.420.164/0001-57;2024-12-31;6;141967;CM HOSPITALAR S.A;Liderança;0;10;30;465;202;0
12.420.164/0001-57;2024-12-31;6;141967;CM HOSPITALAR S.A;Não-liderança;2;94;331;3128;2406;0
12.528.708/0001-07;2024-12-31;3;141667;AERIS IND. E COM. DE EQUIP. PARA GER. DE ENG. S.A.;Liderança;0;297;0;25;2;0
12.528.708/0001-07;2024-12-31;3;141667;AERIS IND. E COM. DE EQUIP. PARA GER. DE ENG. S.A.;Não-liderança;1;5794;0;24;1;0
12.648.266/0001-24;2024-12-31;6;142019;AMBIPAR PARTICIPAÇÕES E EMPREENDIMENTOS S.A.;Liderança;74;293;60;936;156;581
12.648.266/0001-24;2024-12-31;6;142019;AMBIPAR PARTICIPAÇÕES E EMPREENDIMENTOS S.A.;Não-liderança;396;1629;323;4642;1308;4178
12.648.327/0001-53;2024-12-31;9;142156;HIDROVIAS DO BRASIL S.A.;Liderança;2;3;1;65;1;0
12.648.327/0001-53;2024-12-31;9;142156;HIDROVIAS DO BRASIL S.A.;Não-liderança;5;5;2;103;1;0
13.009.717/0001-46;2024-12-31;5;142035;BCO ESTADO DE SERGIPE S.A. - BANESE;Liderança;0;370;0;0;0;0
13.009.717/0001-46;2024-12-31;5;142035;BCO ESTADO DE SERGIPE S.A. - BANESE;Não-liderança;0;535;0;0;0;0
13.217.485/0001-11;2024-12-31;3;141452;GRUPO SBF S.A.;Liderança;36;111;57;731;107;0
13.217.485/0001-11;2024-12-31;3;141452;GRUPO SBF S.A.;Não-liderança;271;1039;510;5433;943;0
13.270.520/0001-66;2024-12-31;3;141688;KORA SAÚDE PARTICIPAÇÕES S.A.;Liderança;21;72;99;172;0;0
13.270.520/0001-66;2024-12-31;3;141688;KORA SAÚDE PARTICIPAÇÕES S.A.;Não-liderança;557;2239;3222;3638;0;0
13.444.994/0001-87;2024-12-31;2;139037;MLOG S.A.;Liderança;12;0;0;124;0;0
13.444.994/0001-87;2024-12-31;2;139037;MLOG S.A.;Não-liderança;178;0;0;129;0;0
13.522.948/0001-59;2024-12-31;2;139860;SAFIRA HOLDING S.A.;Liderança;0;0;0;19;0;0
13.522.948/0001-59;2024-12-31;2;139860;SAFIRA HOLDING S.A.;Não-liderança;0;0;0;120;2;0
13.574.594/0001-96;2024-12-31;7;142143;ZAMP SA;Liderança;37;337;169;2328;345;0
13.574.594/0001-96;2024-12-31;7;142143;ZAMP SA;Não-liderança;189;1519;815;9397;1435;0
13.783.221/0004-78;2024-12-31;2;139757;MADERO INDÚSTRIA E COMÉRCIO S.A.;Liderança;69;92;299;707;593;0
13.783.221/0004-78;2024-12-31;2;139757;MADERO INDÚSTRIA E COMÉRCIO S.A.;Não-liderança;215;318;859;2181;2088;0
14.110.585/0001-07;2024-12-31;5;141806;MÉLIUZ S.A.;Liderança;10;1;0;51;9;0
14.110.585/0001-07;2024-12-31;5;141806;MÉLIUZ S.A.;Não-liderança;28;12;10;98;14;0
14.127.813/0001-51;2024-12-31;4;142094;GETNINJAS S.A.;Liderança;0;2;0;22;2;0
14.127.813/0001-51;2024-12-31;4;142094;GETNINJAS S.A.;Não-liderança;0;6;6;97;12;0
14.191.427/0001-29;2024-12-31;1;137779;GRANBIO INVESTIMENTOS S.A.;Liderança;0;3;0;4;0;0
14.191.427/0001-29;2024-12-31;1;137779;GRANBIO INVESTIMENTOS S.A.;Não-liderança;0;15;0;13;0;0
14.388.334/0001-99;2024-12-31;8;142132;PARANA BCO S.A.;Liderança;0;1;0;7;67;0
14.388.334/0001-99;2024-12-31;8;142132;PARANA BCO S.A.;Não-liderança;0;4;0;29;284;0
14.776.142/0001-50;2024-12-31;1;138697;WESTWING COMÉRCIO VAREJISTA S.A.;Liderança;0;0;1;88;0;0
14.776.142/0001-50;2024-12-31;1;138697;WESTWING COMÉRCIO VAREJISTA S.A.;Não-liderança;0;0;4;432;0;0
14.785.152/0001-51;2024-12-31;3;142095;HBR REALTY EMPREENDIMENTOS IMOBILIÁRIOS S.A.;Liderança;0;0;0;28;0;0
14.785.152/0001-51;2024-12-31;3;142095;HBR REALTY EMPREENDIMENTOS IMOBILIÁRIOS S.A.;Não-liderança;0;0;0;61;0;0
14.796.754/0001-04;2024-12-31;3;140776;ENGELHART CTP (BRASIL) S.A.;Liderança;0;0;0;0;0;0
14.796.754/0001-04;2024-12-31;3;140776;ENGELHART CTP (BRASIL) S.A.;Não-liderança;0;0;0;0;0;0
14.807.945/0001-24;2024-12-31;1;138712;SANSUY S.A. INDUSTRIA DE PLASTICOS;Liderança;0;11;0;40;2;0
14.807.945/0001-24;2024-12-31;1;138712;SANSUY S.A. INDUSTRIA DE PLASTICOS;Não-liderança;0;397;3;961;3;0
14.882.295/0001-81;2024-12-31;2;142130;CBO HOLDING S.A.;Liderança;0;0;0;684;0;0
14.882.295/0001-81;2024-12-31;2;142130;CBO HOLDING S.A.;Não-liderança;0;0;0;1207;0;0
14.998.371/0001-19;2024-12-31;2;139436;J. MACEDO S.A.;Liderança;0;139;0;114;20;0
14.998.371/0001-19;2024-12-31;2;139436;J. MACEDO S.A.;Não-liderança;0;1374;0;861;127;0
15.073.274/0001-88;2024-12-31;1;138753;PPLA PARTICIPATIONS LTD.;Liderança;0;0;0;2;0;0
15.073.274/0001-88;2024-12-31;1;138753;PPLA PARTICIPATIONS LTD.;Não-liderança;0;0;0;0;0;1
15.115.504/0001-24;2024-12-31;1;138505;TRONOX PIGMENTOS DO BRASIL S.A.;Liderança;0;44;0;4;0;0
15.115.504/0001-24;2024-12-31;1;138505;TRONOX PIGMENTOS DO BRASIL S.A.;Não-liderança;0;290;0;4;0;0
15.139.629/0001-94;2024-12-31;2;138988;CIA ELETRICIDADE EST. DA BAHIA - COELBA;Liderança;0;278;0;48;0;0
15.139.629/0001-94;2024-12-31;2;138988;CIA ELETRICIDADE EST. DA BAHIA - COELBA;Não-liderança;0;5023;0;61;0;0
15.141.799/0001-03;2024-12-31;1;138639;CIA FERRO LIGAS DA BAHIA - FERBASA;Liderança;0;156;0;0;0;0
15.141.799/0001-03;2024-12-31;1;138639;CIA FERRO LIGAS DA BAHIA - FERBASA;Não-liderança;0;3041;0;0;0;1
16.233.389/0001-55;2024-12-31;4;141891;CVLB BRASIL S.A;Liderança;14;183;2;826;0;0
16.233.389/0001-55;2024-12-31;4;141891;CVLB BRASIL S.A;Não-liderança;89;1409;11;2100;0;0
16.234.171/0001-15;2024-12-31;5;142091;METANOR SA METANOL DO NE;Liderança;0;7;0;0;0;0
16.234.171/0001-15;2024-12-31;5;142091;METANOR SA METANOL DO NE;Não-liderança;0;63;0;0;0;0
16.404.287/0001-55;2024-12-31;3;141333;SUZANO S.A.;Liderança;38;268;244;921;12;85
16.404.287/0001-55;2024-12-31;3;141333;SUZANO S.A.;Não-liderança;707;4789;4456;9071;66;250
16.590.234/0001-76;2024-12-31;15;142145;AZZAS 2154 S.A.;Liderança;0;32;11;489;281;19
16.590.234/0001-76;2024-12-31;15;142145;AZZAS 2154 S.A.;Não-liderança;0;852;143;3295;2408;42
16.614.075/0001-00;2024-12-31;2;139564;DIRECIONAL ENGENHARIA S.A.;Liderança;17;21;19;200;0;0
16.614.075/0001-00;2024-12-31;2;139564;DIRECIONAL ENGENHARIA S.A.;Não-liderança;1351;866;1004;3873;0;0
16.670.085/0001-55;2024-12-31;6;141976;LOCALIZA RENT A CAR S.A.;Liderança;52;155;81;1392;173;44
16.670.085/0001-55;2024-12-31;6;141976;LOCALIZA RENT A CAR S.A.;Não-liderança;545;2037;805;13245;1853;279
16.676.520/0001-59;2024-12-31;5;142146;HOSPITAL MATER DEI S.A.;Liderança;44;68;19;325;0;0
16.676.520/0001-59;2024-12-31;5;142146;HOSPITAL MATER DEI S.A.;Não-liderança;1785;1267;445;5342;0;0
16.811.931/0001-00;2024-12-31;6;139891;ALPHAVILLE S.A.;Liderança;0;17;0;176;9;0
16.811.931/0001-00;2024-12-31;6;139891;ALPHAVILLE S.A.;Não-liderança;0;2;0;96;2;0
16.922.038/0001-51;2024-12-31;4;139861;ENJOEI S.A.;Liderança;0;2;0;85;4;0
16.922.038/0001-51;2024-12-31;4;139861;ENJOEI S.A.;Não-liderança;1;26;9;250;17;0
17.155.730/0001-64;2024-12-31;3;141300;CIA ENERGETICA DE MINAS GERAIS - CEMIG;Liderança;0;0;2;206;0;0
17.155.730/0001-64;2024-12-31;3;141300;CIA ENERGETICA DE MINAS GERAIS - CEMIG;Não-liderança;0;5;5;4706;0;0
17.159.229/0001-76;2024-12-31;1;137952;LABORATÓRIO TEUTO BRASILEIRO S.A.;Liderança;2;8;159;24;3;0
17.159.229/0001-76;2024-12-31;1;137952;LABORATÓRIO TEUTO BRASILEIRO S.A.;Não-liderança;23;78;3049;138;40;0
17.161.241/0001-15;2024-12-31;3;141526;MINASMAQUINAS S.A.;Liderança;0;0;0;45;0;0
17.161.241/0001-15;2024-12-31;3;141526;MINASMAQUINAS S.A.;Não-liderança;0;0;0;477;0;0
17.162.082/0001-73;2024-12-31;1;138104;MENDES JUNIOR ENGENHARIA S.A.;Liderança;0;0;0;3;0;0
17.162.082/0001-73;2024-12-31;1;138104;MENDES JUNIOR ENGENHARIA S.A.;Não-liderança;0;0;0;6;0;0
17.167.396/0001-69;2024-12-31;4;142108;ALFA HOLDINGS S.A.;Liderança;0;0;0;0;0;0
17.167.396/0001-69;2024-12-31;4;142108;ALFA HOLDINGS S.A.;Não-liderança;0;0;0;0;0;0
17.184.037/0001-10;2024-12-31;6;141592;BCO MERCANTIL DO BRASIL S.A.;Liderança;0;9;36;626;0;0
17.184.037/0001-10;2024-12-31;6;141592;BCO MERCANTIL DO BRASIL S.A.;Não-liderança;0;26;129;2179;0;0
17.245.234/0001-00;2024-12-31;4;141308;CIA FIACAO TECIDOS CEDRO CACHOEIRA;Liderança;0;0;0;176;0;0
17.245.234/0001-00;2024-12-31;4;141308;CIA FIACAO TECIDOS CEDRO CACHOEIRA;Não-liderança;0;1;0;3189;1;0
17.281.106/0001-03;2024-12-31;7;142097;CIA SANEAMENTO DE MINAS GERAIS-COPASA MG;Liderança;0;0;0;1285;0;0
17.281.106/0001-03;2024-12-31;7;142097;CIA SANEAMENTO DE MINAS GERAIS-COPASA MG;Não-liderança;0;0;0;8257;0;0
17.314.329/0001-20;2024-12-31;5;141310;INTERNATIONAL MEAL COMPANY ALIMENTACAO S.A.;Liderança;0;4;7;371;11;0
17.314.329/0001-20;2024-12-31;5;141310;INTERNATIONAL MEAL COMPANY ALIMENTACAO S.A.;Não-liderança;0;65;301;4727;218;2013
17.344.597/0001-94;2024-12-31;5;142047;BB SEGURIDADE PARTICIPAÇÕES S.A.;Liderança;0;0;33;4;0;0
17.344.597/0001-94;2024-12-31;5;142047;BB SEGURIDADE PARTICIPAÇÕES S.A.;Não-liderança;0;0;129;21;0;0
17.359.233/0001-88;2024-12-31;1;137822;TECIDOS E ARMARINHOS MIGUEL BARTOLOMEU S.A.;Liderança;0;1;0;279;0;0
17.359.233/0001-88;2024-12-31;1;137822;TECIDOS E ARMARINHOS MIGUEL BARTOLOMEU S.A.;Não-liderança;0;62;0;2323;0;0
18.174.270/0001-84;2024-12-31;4;140341;DOTZ S.A.;Liderança;0;1;4;44;4;0
18.174.270/0001-84;2024-12-31;4;140341;DOTZ S.A.;Não-liderança;1;9;4;186;6;0
18.328.118/0001-09;2024-12-31;4;141803;PET CENTER COMÉRCIO E PARTICIPAÇÕES S.A.;Liderança;10;53;50;502;65;0
18.328.118/0001-09;2024-12-31;4;141803;PET CENTER COMÉRCIO E PARTICIPAÇÕES S.A.;Não-liderança;101;583;561;4688;669;0
18.483.666/0001-03;2024-12-31;2;139849;HUMBERG AGRIBRASIL COMÉRCIO E EXPORTAÇÃO DE GRÃOS S.A.;Liderança;0;1;4;14;0;0
18.483.666/0001-03;2024-12-31;2;139849;HUMBERG AGRIBRASIL COMÉRCIO E EXPORTAÇÃO DE GRÃOS S.A.;Não-liderança;0;0;8;23;0;0
18.593.815/0001-97;2024-12-31;6;141938;PRINER SERVIÇOS INDUSTRIAIS S.A.;Liderança;0;160;0;343;9;0
18.593.815/0001-97;2024-12-31;6;141938;PRINER SERVIÇOS INDUSTRIAIS S.A.;Não-liderança;45;1679;5;3222;104;0
19.014.221/0001-47;2024-12-31;1;138393;CHINA THREE GORGES BRASIL ENERGIA S.A.;Liderança;0;0;21;111;16;0
19.014.221/0001-47;2024-12-31;1;138393;CHINA THREE GORGES BRASIL ENERGIA S.A.;Não-liderança;0;0;170;559;74;0
19.403.252/0001-90;2024-12-31;4;142135;EMCCAMP RESIDENCIAL S.A.;Liderança;0;0;0;196;0;0
19.403.252/0001-90;2024-12-31;4;142135;EMCCAMP RESIDENCIAL S.A.;Não-liderança;0;0;0;945;0;0
19.521.322/0001-04;2024-12-31;2;141016;CONCESSIONÁRIA ROTA DO OESTE S.A.;Liderança;0;0;62;0;0;0
19.521.322/0001-04;2024-12-31;2;141016;CONCESSIONÁRIA ROTA DO OESTE S.A.;Não-liderança;0;0;766;0;0;0
19.526.748/0001-50;2024-12-31;1;138597;CIA INDUSTRIAL CATAGUASES;Liderança;0;0;0;59;0;0
19.526.748/0001-50;2024-12-31;1;138597;CIA INDUSTRIAL CATAGUASES;Não-liderança;0;0;0;1009;0;0
19.796.586/0001-70;2024-12-31;4;141567;BRISANET PARTICIPAÇÕES S.A.;Liderança;0;734;0;0;0;0
19.796.586/0001-70;2024-12-31;4;141567;BRISANET PARTICIPAÇÕES S.A.;Não-liderança;0;6850;0;0;0;0
20.247.322/0001-47;2024-12-31;4;140565;ALLIED TECNOLOGIA S.A.;Liderança;0;0;1;232;11;0
20.247.322/0001-47;2024-12-31;4;140565;ALLIED TECNOLOGIA S.A.;Não-liderança;0;0;5;796;61;0
20.258.278/0001-70;2024-12-31;2;139805;OUROFINO S.A.;Liderança;2;2;4;98;8;7
20.258.278/0001-70;2024-12-31;2;139805;OUROFINO S.A.;Não-liderança;16;14;32;681;38;58
20.512.706/0001-40;2024-12-31;10;142123;VITRU BRASIL EMPREENDIMENTOS, PARTICIPAÇÕES E COMÉRCIO S.A.;Liderança;1;26;55;63;746;0
20.512.706/0001-40;2024-12-31;10;142123;VITRU BRASIL EMPREENDIMENTOS, PARTICIPAÇÕES E COMÉRCIO S.A.;Não-liderança;519;1133;713;741;6866;0
21.110.778/0001-23;2024-12-31;1;138521;OLIVEIRA TRUST S.A.;Liderança;0;0;0;38;0;0
21.110.778/0001-23;2024-12-31;1;138521;OLIVEIRA TRUST S.A.;Não-liderança;0;6;1;285;10;0
21.254.073/0001-80;2024-12-31;2;141367;COMPANHIA ITAUNENSE ENERGIA E PARTICIPAÇÕES;Liderança;0;0;0;3;0;0
21.254.073/0001-80;2024-12-31;2;141367;COMPANHIA ITAUNENSE ENERGIA E PARTICIPAÇÕES;Não-liderança;0;0;0;9;0;0
21.314.559/0001-66;2024-12-31;8;141731;MOVIDA PARTICIPACOES SA;Liderança;22;77;39;575;54;36
21.314.559/0001-66;2024-12-31;8;141731;MOVIDA PARTICIPACOES SA;Não-liderança;186;729;339;3776;434;156
21.389.501/0001-81;2024-12-31;3;141710;COMPASS GÁS E ENERGIA S.A.;Liderança;0;0;0;31;0;0
21.389.501/0001-81;2024-12-31;3;141710;COMPASS GÁS E ENERGIA S.A.;Não-liderança;0;0;0;39;0;0
21.948.105/0001-47;2024-12-31;1;138601;BTGI QUARTZO PARTICIPAÇÕES S/A;Liderança;0;0;0;5;0;0
21.948.105/0001-47;2024-12-31;1;138601;BTGI QUARTZO PARTICIPAÇÕES S/A;Não-liderança;0;0;0;1;0;0
21.976.510/0001-79;2024-12-31;1;138662;BTGI SAFIRA PARTICIPAÇÕES S/A;Liderança;0;0;0;5;0;0
21.976.510/0001-79;2024-12-31;1;138662;BTGI SAFIRA PARTICIPAÇÕES S/A;Não-liderança;0;0;0;1;0;0
22.261.473/0001-85;2024-12-31;5;141411;COMPANHIA DE GÁS DE MINAS GERAIS - GASMIG;Liderança;0;0;0;41;0;0
22.261.473/0001-85;2024-12-31;5;141411;COMPANHIA DE GÁS DE MINAS GERAIS - GASMIG;Não-liderança;0;0;0;115;0;0
22.266.175/0001-88;2024-12-31;3;141917;FERTILIZANTES HERINGER S.A.;Liderança;0;25;27;110;15;0
22.266.175/0001-88;2024-12-31;3;141917;FERTILIZANTES HERINGER S.A.;Não-liderança;0;265;176;844;59;0
22.543.331/0001-00;2024-12-31;3;142144;CAIXA SEGURIDADE PARTICIPAÇÕES S.A.;Liderança;0;0;59;4;0;0
22.543.331/0001-00;2024-12-31;3;142144;CAIXA SEGURIDADE PARTICIPAÇÕES S.A.;Não-liderança;0;0;66;2;0;0
23.041.875/0001-37;2024-12-31;3;142005;ALMACENES ÉXITO S.A.;Liderança;0;0;0;0;0;738
23.041.875/0001-37;2024-12-31;3;142005;ALMACENES ÉXITO S.A.;Não-liderança;0;0;0;0;0;32660
23.236.821/0001-27;2024-12-31;2;141498;PATRIMAR ENGENHARIA S.A.;Liderança;0;0;0;86;0;0
23.236.821/0001-27;2024-12-31;2;141498;PATRIMAR ENGENHARIA S.A.;Não-liderança;0;0;0;1175;0;0
23.373.000/0001-32;2024-12-31;6;141467;VAMOS LOCAÇÃO DE CAMINHÕES, MÁQUINAS E EQUIPAMENTOS S.A.;Liderança;6;5;80;263;42;7
23.373.000/0001-32;2024-12-31;6;141467;VAMOS LOCAÇÃO DE CAMINHÕES, MÁQUINAS E EQUIPAMENTOS S.A.;Não-liderança;61;60;543;2071;315;12
23.438.929/0001-00;2024-12-31;4;139522;TRIPLE PLAY BRASIL PARTICIPAÇÕES S.A.;Liderança;0;101;0;156;0;0
23.438.929/0001-00;2024-12-31;4;139522;TRIPLE PLAY BRASIL PARTICIPAÇÕES S.A.;Não-liderança;0;947;0;1044;0;0
24.230.275/0001-80;2024-12-31;4;141595;PLANO & PLANO DESENVOLVIMENTO IMOBILIÁRIO S.A.;Liderança;0;0;0;211;0;0
24.230.275/0001-80;2024-12-31;4;141595;PLANO & PLANO DESENVOLVIMENTO IMOBILIÁRIO S.A.;Não-liderança;0;0;0;658;0;0
24.396.489/0001-20;2024-12-31;4;141480;BRK AMBIENTAL PARTICIPAÇÕES S.A.;Liderança;145;254;49;337;46;0
24.396.489/0001-20;2024-12-31;4;141480;BRK AMBIENTAL PARTICIPAÇÕES S.A.;Não-liderança;962;1586;395;1894;259;0
24.921.465/0001-43;2024-12-31;2;138339;BLUEFIT ACADEMIAS DE GINÁSTICA E PARTICIPAÇÕES S.A.;Liderança;0;0;11;34;0;0
24.921.465/0001-43;2024-12-31;2;138339;BLUEFIT ACADEMIAS DE GINÁSTICA E PARTICIPAÇÕES S.A.;Não-liderança;22;93;550;828;116;0
24.962.466/0001-36;2024-12-31;2;139365;RUMO MALHA NORTE S.A.;Liderança;0;0;26;120;137;0
24.962.466/0001-36;2024-12-31;2;139365;RUMO MALHA NORTE S.A.;Não-liderança;0;0;832;674;467;0
24.990.777/0001-09;2024-12-31;3;141096;GRUPO MATEUS S.A.;Liderança;820;3281;0;0;0;0
24.990.777/0001-09;2024-12-31;3;141096;GRUPO MATEUS S.A.;Não-liderança;10776;43246;0;0;0;0
25.249.439/0001-83;2024-12-31;1;138605;HOSPITAL CARE CALEDONIA S.A.;Liderança;0;0;0;137;64;0
25.249.439/0001-83;2024-12-31;1;138605;HOSPITAL CARE CALEDONIA S.A.;Não-liderança;0;0;0;3813;2977;0
25.369.840/0001-57;2024-12-31;4;141606;COMERC ENERGIA S.A.;Liderança;0;7;0;114;16;0
25.369.840/0001-57;2024-12-31;4;141606;COMERC ENERGIA S.A.;Não-liderança;3;27;5;542;51;0
26.072.786/0001-46;2024-12-31;2;141423;QESTRA TECNOLOGIA ADMINISTRAÇÃO E PARTICIPAÇÕES S.A.;Liderança;0;0;0;0;0;29
26.072.786/0001-46;2024-12-31;2;141423;QESTRA TECNOLOGIA ADMINISTRAÇÃO E PARTICIPAÇÕES S.A.;Não-liderança;0;0;0;0;0;1050
26.345.998/0001-50;2024-12-31;4;141706;TC S.A.;Liderança;1;0;1;30;11;0
26.345.998/0001-50;2024-12-31;4;141706;TC S.A.;Não-liderança;6;4;10;73;31;2
26.462.693/0001-28;2024-12-31;1;138281;LAVVI EMPREENDIMENTOS IMOBILIÁRIOS S.A.;Liderança;0;0;0;89;0;0
26.462.693/0001-28;2024-12-31;1;138281;LAVVI EMPREENDIMENTOS IMOBILIÁRIOS S.A.;Não-liderança;0;0;0;310;0;0
26.659.061/0001-59;2024-12-31;6;142157;MPM CORPÓREOS S.A.;Liderança;27;89;32;480;99;0
26.659.061/0001-59;2024-12-31;6;142157;MPM CORPÓREOS S.A.;Não-liderança;159;506;183;2548;536;0
27.093.558/0001-15;2024-12-31;7;142012;MILLS LOCAÇÃO, SERVIÇOS E LOGÍSTICA S.A.;Liderança;4;24;17;159;21;0
27.093.558/0001-15;2024-12-31;7;142012;MILLS LOCAÇÃO, SERVIÇOS E LOGÍSTICA S.A.;Não-liderança;57;249;156;1207;190;0
27.743.642/0001-37;2024-12-31;3;141818;CONSTRUTORA METROCASA S.A.;Liderança;0;0;0;1;0;0
27.743.642/0001-37;2024-12-31;3;141818;CONSTRUTORA METROCASA S.A.;Não-liderança;0;0;0;3;0;0
28.127.603/0001-78;2024-12-31;4;140465;BANESTES S.A. - BCO EST ESPIRITO SANTO;Liderança;0;0;0;526;0;0
28.127.603/0001-78;2024-12-31;4;140465;BANESTES S.A. - BCO EST ESPIRITO SANTO;Não-liderança;0;0;0;1564;0;0
28.195.667/0001-06;2024-12-31;6;141948;BCO ABC BRASIL S.A.;Liderança;0;2;3;202;7;0
28.195.667/0001-06;2024-12-31;6;141948;BCO ABC BRASIL S.A.;Não-liderança;0;13;16;816;46;0
28.594.234/0001-23;2024-12-31;7;141751;AUREN ENERGIA S.A.;Liderança;0;4;0;82;0;0
28.594.234/0001-23;2024-12-31;7;141751;AUREN ENERGIA S.A.;Não-liderança;0;35;0;231;0;0
29.780.061/0001-09;2024-12-31;2;141540;SAO CARLOS EMPREEND E PARTICIPACOES S.A.;Liderança;0;0;0;25;0;0
29.780.061/0001-09;2024-12-31;2;141540;SAO CARLOS EMPREEND E PARTICIPACOES S.A.;Não-liderança;0;0;0;41;0;0
29.950.060/0001-57;2024-12-31;2;139810;NORTEC QUÍMICA S.A.;Liderança;0;0;0;30;0;0
29.950.060/0001-57;2024-12-31;2;139810;NORTEC QUÍMICA S.A.;Não-liderança;0;0;0;283;0;0
29.980.141/0001-08;2024-12-31;2;139425;OCEÂNICA ENGENHARIA E CONSULTORIA S.A.;Liderança;0;0;0;87;0;0
29.980.141/0001-08;2024-12-31;2;139425;OCEÂNICA ENGENHARIA E CONSULTORIA S.A.;Não-liderança;23;63;2;1926;21;0
30.213.493/0001-09;2024-12-31;3;142154;TEGRA INCORPORADORA S.A.;Liderança;0;0;0;194;0;0
30.213.493/0001-09;2024-12-31;3;142154;TEGRA INCORPORADORA S.A.;Não-liderança;0;0;53;833;0;0
30.306.294/0001-45;2024-12-31;4;141596;BCO BTG PACTUAL S.A.;Liderança;0;12;14;1535;24;454
30.306.294/0001-45;2024-12-31;4;141596;BCO BTG PACTUAL S.A.;Não-liderança;0;34;62;3812;63;565
30.540.991/0001-66;2024-12-31;1;136172;HAGA S.A. INDUSTRIA E COMERCIO;Liderança;0;0;0;23;0;0
30.540.991/0001-66;2024-12-31;1;136172;HAGA S.A. INDUSTRIA E COMERCIO;Não-liderança;0;0;0;133;0;0
31.553.627/0001-01;2024-12-31;3;141862;MOBLY S.A.;Liderança;0;4;2;177;7;1
31.553.627/0001-01;2024-12-31;3;141862;MOBLY S.A.;Não-liderança;22;9;8;558;19;4
31.748.174/0001-60;2024-12-31;2;141849;VERO S.A.;Liderança;0;0;22;361;106;0
31.748.174/0001-60;2024-12-31;2;141849;VERO S.A.;Não-liderança;0;0;180;1672;953;0
32.021.201/0001-61;2024-12-31;1;138807;ORIGEM ENERGIA S.A.;Liderança;0;150;0;86;0;0
32.021.201/0001-61;2024-12-31;1;138807;ORIGEM ENERGIA S.A.;Não-liderança;0;601;0;137;0;0
32.681.371/0001-72;2024-12-31;3;141755;VIX LOGÍSTICA S.A.;Liderança;12;110;2;635;15;0
32.681.371/0001-72;2024-12-31;3;141755;VIX LOGÍSTICA S.A.;Não-liderança;730;2576;45;6960;494;0
32.785.497/0001-97;2024-12-31;8;142139;NATURA &CO HOLDING S.A.;Liderança;13;19;6;574;7;0
32.785.497/0001-97;2024-12-31;8;142139;NATURA &CO HOLDING S.A.;Não-liderança;419;621;102;5759;165;0
33.000.167/0001-01;2024-12-31;12;142082;PETROLEO BRASILEIRO S.A. PETROBRAS;Liderança;40;240;28;4190;126;0
33.000.167/0001-01;2024-12-31;12;142082;PETROLEO BRASILEIRO S.A. PETROBRAS;Não-liderança;533;3238;133;30173;1512;0
33.035.536/0001-00;2024-12-31;3;139959;JOAO FORTES ENGENHARIA S.A. - EM RECUPERAÇÃO JUDICIAL;Liderança;0;0;0;20;0;0
33.035.536/0001-00;2024-12-31;3;139959;JOAO FORTES ENGENHARIA S.A. - EM RECUPERAÇÃO JUDICIAL;Não-liderança;0;0;7;75;0;0
33.040.601/0001-87;2024-12-31;3;141841;MERCANTIL FINANCEIRA S.A. - CRÉDITO, FINANCIAMENTO E INVESTI;Liderança;0;0;0;0;0;0
33.040.601/0001-87;2024-12-31;3;141841;MERCANTIL FINANCEIRA S.A. - CRÉDITO, FINANCIAMENTO E INVESTI;Não-liderança;0;0;0;0;0;0
33.041.260/0652-90;2024-12-31;6;141702;GRUPO CASAS BAHIA S.A.;Liderança;58;212;98;1006;110;0
33.041.260/0652-90;2024-12-31;6;141702;GRUPO CASAS BAHIA S.A.;Não-liderança;1167;5149;2447;25487;2224;0
33.042.730/0001-04;2024-12-31;3;141349;CIA SIDERURGICA NACIONAL;Liderança;28;157;4;1358;23;0
33.042.730/0001-04;2024-12-31;3;141349;CIA SIDERURGICA NACIONAL;Não-liderança;374;2104;56;24248;682;0
33.050.071/0001-58;2024-12-31;4;142029;AMPLA ENERGIA E SERVICOS S.A.;Liderança;0;2;0;119;0;0
33.050.071/0001-58;2024-12-31;4;142029;AMPLA ENERGIA E SERVICOS S.A.;Não-liderança;0;9;0;1521;0;0
33.050.196/0001-88;2024-12-31;3;141684;CIA PAULISTA DE FORCA E LUZ;Liderança;0;0;0;232;0;0
33.050.196/0001-88;2024-12-31;3;141684;CIA PAULISTA DE FORCA E LUZ;Não-liderança;0;0;1;3407;0;0
33.102.476/0001-92;2024-12-31;2;140723;MONTEIRO ARANHA S.A.;Liderança;0;0;0;2;0;0
33.102.476/0001-92;2024-12-31;2;140723;MONTEIRO ARANHA S.A.;Não-liderança;0;0;0;21;0;0
33.113.309/0001-47;2024-12-31;5;141753;VALID SOLUÇÕES S.A.;Liderança;0;13;14;184;10;0
33.113.309/0001-47;2024-12-31;5;141753;VALID SOLUÇÕES S.A.;Não-liderança;3;500;211;1532;62;0
33.130.691/0001-05;2024-12-31;5;141648;WILSON SONS S.A.;Liderança;5;68;0;219;58;0
33.130.691/0001-05;2024-12-31;5;141648;WILSON SONS S.A.;Não-liderança;88;975;0;1478;1029;0
33.200.049/0001-47;2024-12-31;3;141565;HOTEIS OTHON S.A. - EM RECUPERAÇÃO JUDICIAL;Liderança;0;0;0;53;0;0
33.200.049/0001-47;2024-12-31;3;141565;HOTEIS OTHON S.A. - EM RECUPERAÇÃO JUDICIAL;Não-liderança;0;2;0;377;0;0
33.228.024/0001-51;2024-12-31;3;141608;WLM PART. E COMÉRCIO DE MÁQUINAS E VEÍCULOS S.A.;Liderança;31;0;0;102;0;0
33.228.024/0001-51;2024-12-31;3;141608;WLM PART. E COMÉRCIO DE MÁQUINAS E VEÍCULOS S.A.;Não-liderança;213;0;0;600;0;0
33.256.439/0001-39;2024-12-31;2;141230;ULTRAPAR PARTICIPACOES S.A.;Liderança;15;93;23;1054;104;0
33.256.439/0001-39;2024-12-31;2;141230;ULTRAPAR PARTICIPACOES S.A.;Não-liderança;206;1086;490;5596;1062;0
33.352.394/0001-04;2024-12-31;3;141295;CIA ESTADUAL DE ÁGUAS E ESGOTOS - CEDAE;Liderança;0;0;0;552;0;0
33.352.394/0001-04;2024-12-31;3;141295;CIA ESTADUAL DE ÁGUAS E ESGOTOS - CEDAE;Não-liderança;0;0;0;2503;0;0
33.376.989/0001-91;2024-12-31;10;141942;IRB - BRASIL RESSEGUROS S.A.;Liderança;0;0;0;50;0;4
33.376.989/0001-91;2024-12-31;10;141942;IRB - BRASIL RESSEGUROS S.A.;Não-liderança;0;0;0;319;0;7
33.386.210/0001-19;2024-12-31;1;138487;SONDOTECNICA ENGENHARIA SOLOS S.A.;Liderança;0;0;0;11;0;0
33.386.210/0001-19;2024-12-31;1;138487;SONDOTECNICA ENGENHARIA SOLOS S.A.;Não-liderança;0;0;0;293;0;0
33.453.598/0001-23;2024-03-31;21;141260;RAÍZEN S.A.;Liderança;46;93;118;1939;52;0
33.453.598/0001-23;2024-03-31;21;141260;RAÍZEN S.A.;Não-liderança;153;328;5449;35226;217;0
33.467.572/0001-34;2024-12-31;1;138305;TEKNO S.A. - INDUSTRIA E COMERCIO;Liderança;0;1;0;41;1;0
33.467.572/0001-34;2024-12-31;1;138305;TEKNO S.A. - INDUSTRIA E COMERCIO;Não-liderança;0;0;0;305;1;0
33.541.368/0001-16;2024-12-31;4;141872;CIA HIDRO ELÉTRICA DO SÃO FRANCISCO;Liderança;0;154;0;0;0;0
33.541.368/0001-16;2024-12-31;4;141872;CIA HIDRO ELÉTRICA DO SÃO FRANCISCO;Não-liderança;0;2189;0;0;0;0
33.572.408/0001-97;2024-12-31;3;139642;RUMO MALHA CENTRAL S.A.;Liderança;0;0;39;192;254;0
33.572.408/0001-97;2024-12-31;3;139642;RUMO MALHA CENTRAL S.A.;Não-liderança;6;0;1222;3263;3338;0
33.592.510/0001-54;2024-12-31;8;142079;VALE S.A.;Liderança;1095;386;10;2141;0;1732
33.592.510/0001-54;2024-12-31;8;142079;VALE S.A.;Não-liderança;16860;6327;59;28369;0;9828
33.611.500/0001-19;2024-12-31;4;142120;GERDAU S.A.;Liderança;8;181;22;1979;400;1961
33.611.500/0001-19;2024-12-31;4;142120;GERDAU S.A.;Não-liderança;37;1398;149;11356;2572;10113
33.839.910/0001-11;2024-12-31;5;142050;VIVARA PARTICIPAÇÕES S.A.;Liderança;95;72;35;381;75;0
33.839.910/0001-11;2024-12-31;5;142050;VIVARA PARTICIPAÇÕES S.A.;Não-liderança;932;530;339;2124;482;0
33.938.119/0001-69;2024-12-31;2;141267;CIA DISTRIB DE GAS DO RIO DE JANEIRO-CEG;Liderança;1;1;0;82;0;0
33.938.119/0001-69;2024-12-31;2;141267;CIA DISTRIB DE GAS DO RIO DE JANEIRO-CEG;Não-liderança;0;5;4;200;0;2
33.958.695/0001-78;2024-12-31;4;141660;UNIPAR CARBOCLORO S.A.;Liderança;0;0;0;131;0;80
33.958.695/0001-78;2024-12-31;4;141660;UNIPAR CARBOCLORO S.A.;Não-liderança;0;0;0;707;0;487
34.169.557/0001-72;2024-12-31;1;138626;BCO MERCANTIL DE INVESTIMENTOS S.A.;Liderança;0;0;0;3;0;0
34.169.557/0001-72;2024-12-31;1;138626;BCO MERCANTIL DE INVESTIMENTOS S.A.;Não-liderança;0;0;0;3;0;0
34.274.233/0001-02;2024-12-31;7;141509;VIBRA ENERGIA S/A;Liderança;11;20;13;231;11;1
34.274.233/0001-02;2024-12-31;7;141509;VIBRA ENERGIA S/A;Não-liderança;210;488;215;2128;193;0
35.727.157/0001-06;2024-12-31;2;139116;EZ INC INCORPORAÇÕES COMERCIAIS S.A.;Liderança;0;0;0;1;0;0
35.727.157/0001-06;2024-12-31;2;139116;EZ INC INCORPORAÇÕES COMERCIAIS S.A.;Não-liderança;0;0;0;46;0;0
35.791.391/0001-94;2024-12-31;2;138913;QUALITY SOFTWARE S.A.;Liderança;1;7;3;101;41;1
35.791.391/0001-94;2024-12-31;2;138913;QUALITY SOFTWARE S.A.;Não-liderança;35;156;44;1044;578;15
36.542.025/0001-64;2024-12-31;3;139728;BRQ SOLUCOES EM INFORMATICA S.A.;Liderança;0;1;1;153;12;2
36.542.025/0001-64;2024-12-31;3;139728;BRQ SOLUCOES EM INFORMATICA S.A.;Não-liderança;12;162;65;1697;218;3
37.663.076/0001-07;2024-12-31;9;142049;AES BRASIL ENERGIA S.A.;Liderança;0;11;0;96;1;0
37.663.076/0001-07;2024-12-31;9;142049;AES BRASIL ENERGIA S.A.;Não-liderança;0;114;0;447;1;0
37.702.340/0001-74;2024-12-31;1;138788;MONTE RODOVIAS S.A.;Liderança;0;82;0;7;0;0
37.702.340/0001-74;2024-12-31;1;138788;MONTE RODOVIAS S.A.;Não-liderança;0;500;0;0;0;0
38.199.406/0001-18;2024-12-31;4;141736;RIO ALTO ENERGIAS RENOVÁVEIS S.A.;Liderança;0;23;0;1;0;0
38.199.406/0001-18;2024-12-31;4;141736;RIO ALTO ENERGIAS RENOVÁVEIS S.A.;Não-liderança;0;418;0;15;0;0
38.307.135/0001-77;2024-12-31;3;140951;G2D INVESTMENTS, LTD.;Liderança;0;0;0;0;0;0
38.307.135/0001-77;2024-12-31;3;140951;G2D INVESTMENTS, LTD.;Não-liderança;0;0;0;0;0;0
38.456.921/0001-36;2024-12-31;3;139851;INFRACOMMERCE CXAAS S.A.;Liderança;0;1;1;232;0;0
38.456.921/0001-36;2024-12-31;3;139851;INFRACOMMERCE CXAAS S.A.;Não-liderança;0;18;17;2038;0;0
39.115.514/0001-28;2024-12-31;2;141357;RUMO MALHA OESTE S.A.;Liderança;0;0;39;192;254;0
39.115.514/0001-28;2024-12-31;2;141357;RUMO MALHA OESTE S.A.;Não-liderança;6;0;1222;3263;3338;0
39.346.861/0350-38;2024-12-31;2;139295;CENCOSUD BRASIL COMERCIAL S.A.;Liderança;0;478;84;315;0;0
39.346.861/0350-38;2024-12-31;2;139295;CENCOSUD BRASIL COMERCIAL S.A.;Não-liderança;0;7698;1437;9142;0;0
39.580.673/0001-01;2024-12-31;1;138717;BRK AMBIENTAL - REGIÃO METROPOLITANA DE MACEIÓ S.A.;Liderança;0;92;0;0;0;0
39.580.673/0001-01;2024-12-31;1;138717;BRK AMBIENTAL - REGIÃO METROPOLITANA DE MACEIÓ S.A.;Não-liderança;0;542;0;0;0;0
40.159.947/0001-64;2024-12-31;5;142090;HMOBI PARTICIPAÇÕES S.A.;Liderança;0;0;0;188;0;0
40.159.947/0001-64;2024-12-31;5;142090;HMOBI PARTICIPAÇÕES S.A.;Não-liderança;0;0;0;2021;0;0
40.263.170/0001-83;2024-12-31;2;139542;SOLVI ESSENCIS AMBIENTAL S.A.;Liderança;10;53;7;406;71;0
40.263.170/0001-83;2024-12-31;2;139542;SOLVI ESSENCIS AMBIENTAL S.A.;Não-liderança;139;2666;45;6775;483;0
40.337.136/0001-06;2024-12-31;4;142077;TERRA SANTA PROPRIEDADES AGRÍCOLAS S.A.;Liderança;0;0;0;8;0;0
40.337.136/0001-06;2024-12-31;4;142077;TERRA SANTA PROPRIEDADES AGRÍCOLAS S.A.;Não-liderança;0;0;4;12;0;0
40.593.395/0001-06;2024-12-31;2;139167;IFIN PARTICIPAÇÕES S.A.;Liderança;0;0;0;3;0;0
40.593.395/0001-06;2024-12-31;2;139167;IFIN PARTICIPAÇÕES S.A.;Não-liderança;0;0;0;0;0;1
41.052.420/0001-07;2024-12-31;1;138750;SOLAR BEBIDAS S.A.;Liderança;248;1020;109;0;0;0
41.052.420/0001-07;2024-12-31;1;138750;SOLAR BEBIDAS S.A.;Não-liderança;3247;12529;1414;0;0;0
41.096.674/0001-19;2024-12-31;3;138944;CANTU STORE S.A.;Liderança;2;26;9;72;99;3
41.096.674/0001-19;2024-12-31;3;138944;CANTU STORE S.A.;Não-liderança;24;205;67;435;629;10
41.886.692/0001-02;2024-12-31;3;139416;CONCESSIONARIA ROTA DE SANTA MARIA S.A;Liderança;0;0;0;0;10;0
41.886.692/0001-02;2024-12-31;3;139416;CONCESSIONARIA ROTA DE SANTA MARIA S.A;Não-liderança;0;0;0;0;309;0
42.150.391/0001-70;2024-12-31;3;141456;BRASKEM S.A.;Liderança;0;155;0;406;91;333
42.150.391/0001-70;2024-12-31;3;141456;BRASKEM S.A.;Não-liderança;0;2115;0;2170;1482;1817
42.233.757/0001-75;2024-12-31;1;138530;ALVAREZ & MARSAL INVESTIMENTOS I S.A.;Liderança;0;0;0;2;0;0
42.233.757/0001-75;2024-12-31;1;138530;ALVAREZ & MARSAL INVESTIMENTOS I S.A.;Não-liderança;0;0;0;0;0;1
42.278.291/0001-24;2024-12-31;5;141857;LOG-IN LOGISTICA INTERMODAL S.A.;Liderança;1;3;0;98;8;4
42.278.291/0001-24;2024-12-31;5;141857;LOG-IN LOGISTICA INTERMODAL S.A.;Não-liderança;15;23;0;932;21;8
42.278.473/0001-03;2024-12-31;2;139201;WIZ CO PARTICIPAÇÕES E CORRETAGEM DE SEGUROS S.A.;Liderança;0;6;133;73;13;0
42.278.473/0001-03;2024-12-31;2;139201;WIZ CO PARTICIPAÇÕES E CORRETAGEM DE SEGUROS S.A.;Não-liderança;6;38;971;212;71;0
42.331.462/0001-31;2024-12-31;2;138877;EMBPAR PARTICIPAÇÕES S/A;Liderança;0;0;0;0;6;0
42.331.462/0001-31;2024-12-31;2;138877;EMBPAR PARTICIPAÇÕES S/A;Não-liderança;0;0;0;0;45;0
42.500.384/0001-51;2024-12-31;11;141618;SERENA ENERGIA S.A.;Liderança;0;9;1;90;2;3
42.500.384/0001-51;2024-12-31;11;141618;SERENA ENERGIA S.A.;Não-liderança;0;23;1;238;7;8
42.737.954/0001-21;2024-12-31;7;141666;INTER & CO, INC.;Liderança;0;22;3;574;5;24
42.737.954/0001-21;2024-12-31;7;141666;INTER & CO, INC.;Não-liderança;6;251;37;3042;91;16
42.771.949/0001-35;2024-12-31;5;139889;ALLIANÇA SAÚDE E PARTICIPAÇÕES S.A.;Liderança;14;58;16;320;8;0
42.771.949/0001-35;2024-12-31;5;139889;ALLIANÇA SAÚDE E PARTICIPAÇÕES S.A.;Não-liderança;185;1001;154;3217;73;0
43.283.811/0001-50;2024-12-31;1;137921;KALUNGA S.A;Liderança;5;57;23;394;42;0
43.283.811/0001-50;2024-12-31;1;137921;KALUNGA S.A;Não-liderança;43;437;164;3314;321;0
43.470.988/0001-65;2024-12-31;4;142131;EVEN CONSTRUTORA E INCORPORADORA S.A.;Liderança;0;0;0;96;0;0
43.470.988/0001-65;2024-12-31;4;142131;EVEN CONSTRUTORA E INCORPORADORA S.A.;Não-liderança;0;0;0;553;0;0
43.513.237/0001-89;2024-12-31;7;142084;AUTOMOB S.A.;Liderança;0;49;0;303;31;0
43.513.237/0001-89;2024-12-31;7;142084;AUTOMOB S.A.;Não-liderança;0;435;0;2203;195;0
43.776.517/0001-80;2024-12-31;10;142147;CIA SANEAMENTO BASICO EST SAO PAULO;Liderança;0;0;0;573;0;0
43.776.517/0001-80;2024-12-31;10;142147;CIA SANEAMENTO BASICO EST SAO PAULO;Não-liderança;0;0;0;10597;0;0
43.948.405/0001-69;2024-12-31;1;138278;LUPO S.A.;Liderança;0;162;0;276;0;0
43.948.405/0001-69;2024-12-31;1;138278;LUPO S.A.;Não-liderança;0;3444;0;4994;0;0
45.242.914/0001-05;2024-12-31;3;141338;C&A MODAS S.A.;Liderança;31;101;28;957;28;0
45.242.914/0001-05;2024-12-31;3;141338;C&A MODAS S.A.;Não-liderança;1069;3538;888;8249;1116;0
45.365.558/0001-09;2024-12-31;3;141541;VITTIA S.A.;Liderança;5;9;38;203;18;0
45.365.558/0001-09;2024-12-31;3;141541;VITTIA S.A.;Não-liderança;7;16;53;942;31;0
45.453.214/0001-51;2024-12-31;2;139214;PROFARMA DISTRIB PROD FARMACEUTICOS S.A.;Liderança;0;40;28;283;29;0
45.453.214/0001-51;2024-12-31;2;139214;PROFARMA DISTRIB PROD FARMACEUTICOS S.A.;Não-liderança;0;414;305;2498;321;0
45.987.245/0001-92;2024-12-31;2;139465;BAHEMA EDUCAÇÃO S.A.;Liderança;0;14;0;170;17;0
45.987.245/0001-92;2024-12-31;2;139465;BAHEMA EDUCAÇÃO S.A.;Não-liderança;0;293;1;1884;243;0
46.119.855/0001-37;2024-12-31;3;142041;SOCIEDADE ABASTECIMENTO DE ÁGUA E SANEAMENTO S.A - SANASA;Liderança;0;0;0;134;0;0
46.119.855/0001-37;2024-12-31;3;142041;SOCIEDADE ABASTECIMENTO DE ÁGUA E SANEAMENTO S.A - SANASA;Não-liderança;0;0;0;1924;0;0
46.573.272/0001-81;2024-12-31;1;137359;PORTO SAÚDE PARTICIPAÇÕES S.A.;Liderança;0;0;0;69;0;0
46.573.272/0001-81;2024-12-31;1;137359;PORTO SAÚDE PARTICIPAÇÕES S.A.;Não-liderança;0;12;1;753;3;0
47.508.411/0001-56;2024-12-31;16;141737;CIA BRASILEIRA DE DISTRIBUICAO;Liderança;0;55;22;989;0;0
47.508.411/0001-56;2024-12-31;16;141737;CIA BRASILEIRA DE DISTRIBUICAO;Não-liderança;0;3364;1722;33826;0;0
47.960.950/0001-21;2024-12-31;3;141146;MAGAZINE LUIZA S.A.;Liderança;65;406;111;1571;307;0
47.960.950/0001-21;2024-12-31;3;141146;MAGAZINE LUIZA S.A.;Não-liderança;1330;7242;1803;19256;5004;0
49.263.189/0001-02;2024-12-31;1;138799;HELBOR EMPREENDIMENTOS S.A.;Liderança;0;0;0;68;0;0
49.263.189/0001-02;2024-12-31;1;138799;HELBOR EMPREENDIMENTOS S.A.;Não-liderança;0;0;0;217;0;0
49.669.856/0001-43;2024-12-31;1;138690;VESTE S.A. ESTILO;Liderança;5;43;27;307;50;0
49.669.856/0001-43;2024-12-31;1;138690;VESTE S.A. ESTILO;Não-liderança;24;295;418;1721;880;0
50.564.053/0001-03;2024-12-31;5;141843;BOMBRIL S.A.;Liderança;5;23;4;93;6;0
50.564.053/0001-03;2024-12-31;5;141843;BOMBRIL S.A.;Não-liderança;65;461;65;1547;113;0
50.746.577/0001-15;2024-12-31;5;141352;COSAN S.A.;Liderança;0;0;0;46;0;0
50.746.577/0001-15;2024-12-31;5;141352;COSAN S.A.;Não-liderança;0;0;0;96;0;0
50.926.955/0001-42;2024-12-31;2;140852;VULCABRAS S.A.;Liderança;0;769;0;118;88;11
50.926.955/0001-42;2024-12-31;2;140852;VULCABRAS S.A.;Não-liderança;0;15423;0;433;936;221
51.128.999/0001-90;2024-12-31;2;141768;NUTRIPLANT INDUSTRIA E COMERCIO S.A.;Liderança;0;0;0;20;0;0
51.128.999/0001-90;2024-12-31;2;141768;NUTRIPLANT INDUSTRIA E COMERCIO S.A.;Não-liderança;0;0;0;191;0;0
51.430.503/0001-38;2024-12-31;1;137352;PORTO SERVIÇO S.A;Liderança;0;0;0;75;0;0
51.430.503/0001-38;2024-12-31;1;137352;PORTO SERVIÇO S.A;Não-liderança;0;0;0;553;0;0
51.466.860/0001-56;2024-03-31;10;140392;SAO MARTINHO S.A.;Liderança;0;0;134;423;0;0
51.466.860/0001-56;2024-03-31;10;140392;SAO MARTINHO S.A.;Não-liderança;0;0;2381;9704;0;0
51.928.174/0001-50;2024-12-31;3;139433;PLASCAR PARTICIPACOES INDUSTRIAIS S.A.;Liderança;0;0;0;211;0;0
51.928.174/0001-50;2024-12-31;3;139433;PLASCAR PARTICIPACOES INDUSTRIAIS S.A.;Não-liderança;0;0;0;2342;0;0
52.548.435/0001-79;2024-12-31;9;141858;JSL S.A.;Liderança;45;186;80;947;131;2
52.548.435/0001-79;2024-12-31;9;141858;JSL S.A.;Não-liderança;1700;5304;1536;18130;3786;4
53.113.791/0001-22;2024-12-31;5;141276;TOTVS S.A.;Liderança;0;42;39;990;427;44
53.113.791/0001-22;2024-12-31;5;141276;TOTVS S.A.;Não-liderança;0;304;293;6310;2937;263
56.643.018/0001-66;2024-12-31;2;140417;EUCATEX S.A. INDUSTRIA E COMERCIO;Liderança;0;10;2;196;11;0
56.643.018/0001-66;2024-12-31;2;140417;EUCATEX S.A. INDUSTRIA E COMERCIO;Não-liderança;3;142;18;2568;141;0
56.720.428/0001-63;2024-12-31;2;142036;ROMI S.A.;Liderança;0;1;0;92;2;8
56.720.428/0001-63;2024-12-31;2;142036;ROMI S.A.;Não-liderança;0;6;2;1535;21;55
56.992.423/0001-90;2024-12-31;1;137883;BICICLETAS MONARK S.A.;Liderança;0;0;0;6;0;0
56.992.423/0001-90;2024-12-31;1;137883;BICICLETAS MONARK S.A.;Não-liderança;0;1;0;23;0;0
58.119.199/0001-51;2024-12-31;4;141495;ODONTOPREV S.A.;Liderança;0;23;0;151;1;12
58.119.199/0001-51;2024-12-31;4;141495;ODONTOPREV S.A.;Não-liderança;16;411;9;1201;27;55
58.430.828/0001-60;2024-12-31;3;139654;BLAU FARMACÊUTICA S.A.;Liderança;0;0;5;124;1;0
58.430.828/0001-60;2024-12-31;3;139654;BLAU FARMACÊUTICA S.A.;Não-liderança;1;5;117;1438;11;0
59.105.999/0001-86;2024-12-31;5;141929;WHIRLPOOL S.A.;Liderança;1;0;0;124;35;0
59.105.999/0001-86;2024-12-31;5;141929;WHIRLPOOL S.A.;Não-liderança;643;0;0;4221;6283;0
59.285.411/0001-13;2024-12-31;10;141997;BCO PAN S.A.;Liderança;3;10;5;439;15;0
59.285.411/0001-13;2024-12-31;10;141997;BCO PAN S.A.;Não-liderança;27;101;76;1793;140;0
59.418.806/0001-47;2024-12-31;3;141815;TRACK & FIELD CO S.A.;Liderança;0;3;3;157;6;0
59.418.806/0001-47;2024-12-31;3;141815;TRACK & FIELD CO S.A.;Não-liderança;0;20;40;1221;157;0
59.717.553/0001-02;2024-12-31;4;142000;GRUPO MULTI S.A.;Liderança;28;21;2;335;9;10
59.717.553/0001-02;2024-12-31;4;142000;GRUPO MULTI S.A.;Não-liderança;671;811;36;2549;64;57
59.789.545/0001-71;2024-12-31;1;137459;POLPAR S.A.;Liderança;0;0;0;0;0;0
59.789.545/0001-71;2024-12-31;1;137459;POLPAR S.A.;Não-liderança;0;0;0;0;0;0
59.981.829/0001-65;2024-12-31;1;138535;RODOBENS SA;Liderança;36;32;55;243;3;0
59.981.829/0001-65;2024-12-31;1;138535;RODOBENS SA;Não-liderança;365;323;481;1566;24;0
60.444.437/0001-46;2024-12-31;4;141773;LIGHT SERVICOS DE ELETRICIDADE S.A.;Liderança;0;0;0;146;0;0
60.444.437/0001-46;2024-12-31;4;141773;LIGHT SERVICOS DE ELETRICIDADE S.A.;Não-liderança;0;0;0;4181;0;0
60.476.884/0001-87;2024-12-31;1;138391;MAHLE-METAL LEVE S.A.;Liderança;0;0;0;341;0;0
60.476.884/0001-87;2024-12-31;1;138391;MAHLE-METAL LEVE S.A.;Não-liderança;0;0;0;6253;0;0
60.537.263/0001-66;2024-12-31;2;138945;ALLPARK EMPREENDIMENTOS, PARTICIPAÇÕES E SERVIÇOS S.A.;Liderança;0;30;4;197;24;0
60.537.263/0001-66;2024-12-31;2;138945;ALLPARK EMPREENDIMENTOS, PARTICIPAÇÕES E SERVIÇOS S.A.;Não-liderança;5;505;156;4517;629;0
60.543.816/0001-93;2024-12-31;5;141473;IGUATEMI S.A.;Liderança;0;0;0;138;0;0
60.543.816/0001-93;2024-12-31;5;141473;IGUATEMI S.A.;Não-liderança;0;0;0;292;0;0
60.651.809/0001-05;2024-12-31;1;137841;SUZANO HOLDING S.A.;Liderança;0;0;0;8;0;0
60.651.809/0001-05;2024-12-31;1;137841;SUZANO HOLDING S.A.;Não-liderança;0;0;0;18;0;0
60.730.348/0001-66;2024-12-31;2;141353;CIA MELHORAMENTOS DE SAO PAULO;Liderança;0;0;0;56;0;0
60.730.348/0001-66;2024-12-31;2;141353;CIA MELHORAMENTOS DE SAO PAULO;Não-liderança;0;0;0;337;0;0
60.746.948/0001-12;2024-12-31;12;141861;BCO BRADESCO S.A.;Liderança;497;1709;663;6933;1336;0
60.746.948/0001-12;2024-12-31;12;141861;BCO BRADESCO S.A.;Não-liderança;2844;10598;3702;48062;9248;0
60.840.055/0001-31;2024-12-31;3;141727;FLEURY S.A.;Liderança;56;82;59;1410;48;0
60.840.055/0001-31;2024-12-31;3;141727;FLEURY S.A.;Não-liderança;478;1564;425;17496;782;0
60.851.615/0001-53;2024-12-31;1;138362;BARDELLA S.A. INDUSTRIAS MECANICAS EM RECUPERAÇÃO JUDICIAL;Liderança;0;0;0;10;0;0
60.851.615/0001-53;2024-12-31;1;138362;BARDELLA S.A. INDUSTRIAS MECANICAS EM RECUPERAÇÃO JUDICIAL;Não-liderança;0;0;0;92;0;0
60.872.504/0001-23;2024-12-31;10;142022;ITAU UNIBANCO HOLDING S.A.;Liderança;126;487;373;11805;800;11
60.872.504/0001-23;2024-12-31;10;142022;ITAU UNIBANCO HOLDING S.A.;Não-liderança;1131;4046;2733;63020;5357;0
60.884.319/0001-59;2024-12-31;1;137162;NORDON INDUSTRIAS METALURGICAS S.A.;Liderança;0;0;0;1;0;0
60.884.319/0001-59;2024-12-31;1;137162;NORDON INDUSTRIAS METALURGICAS S.A.;Não-liderança;0;0;0;1;0;0
60.894.730/0001-05;2024-12-31;8;141939;USINAS SID DE MINAS GERAIS S.A.-USIMINAS;Liderança;0;2;0;289;6;0
60.894.730/0001-05;2024-12-31;8;141939;USINAS SID DE MINAS GERAIS S.A.-USIMINAS;Não-liderança;0;117;0;13340;174;0
61.022.042/0001-18;2024-12-31;2;141999;CONSTRUTORA ADOLPHO LINDENBERG S.A.;Liderança;0;0;0;34;0;0
61.022.042/0001-18;2024-12-31;2;141999;CONSTRUTORA ADOLPHO LINDENBERG S.A.;Não-liderança;0;0;0;99;0;0
61.065.298/0001-02;2024-12-31;1;138242;MANGELS INDUSTRIAL S.A.;Liderança;1;0;0;60;1;0
61.065.298/0001-02;2024-12-31;1;138242;MANGELS INDUSTRIAL S.A.;Não-liderança;17;0;0;1710;56;0
61.065.751/0001-80;2024-12-31;7;141670;ROSSI RESIDENCIAL S.A. - EM RECUPERAÇÃO JUDICIAL;Liderança;0;0;0;18;0;0
61.065.751/0001-80;2024-12-31;7;141670;ROSSI RESIDENCIAL S.A. - EM RECUPERAÇÃO JUDICIAL;Não-liderança;1;3;2;66;6;0
61.079.117/0001-05;2024-12-31;4;139694;ALPARGATAS S.A.;Liderança;0;11;0;77;0;19
61.079.117/0001-05;2024-12-31;4;139694;ALPARGATAS S.A.;Não-liderança;0;8224;0;3430;0;214
61.080.313/0001-91;2024-12-31;1;135983;COBRASMA S.A.;Liderança;0;0;1;0;0;0
61.080.313/0001-91;2024-12-31;1;135983;COBRASMA S.A.;Não-liderança;0;0;1;0;0;0
61.082.004/0001-50;2024-12-31;2;137248;MANUFATURA DE BRINQUEDOS ESTRELA S.A.;Liderança;0;0;0;26;0;0
61.082.004/0001-50;2024-12-31;2;137248;MANUFATURA DE BRINQUEDOS ESTRELA S.A.;Não-liderança;4;12;6;709;16;0
61.088.894/0001-08;2024-12-31;1;138091;CAMBUCI S.A.;Liderança;0;99;0;50;0;0
61.088.894/0001-08;2024-12-31;1;138091;CAMBUCI S.A.;Não-liderança;0;2879;0;83;0;0
61.156.113/0001-75;2024-12-31;4;142100;IOCHPE MAXION S.A.;Liderança;0;0;0;284;0;0
61.156.113/0001-75;2024-12-31;4;142100;IOCHPE MAXION S.A.;Não-liderança;0;0;0;8037;0;0
61.156.931/0001-78;2024-12-31;1;137062;SIDERURGICA J. L. ALIPERTI S.A.;Liderança;0;0;0;3;0;0
61.156.931/0001-78;2024-12-31;1;137062;SIDERURGICA J. L. ALIPERTI S.A.;Não-liderança;1;14;0;34;0;1
61.186.680/0001-74;2024-12-31;7;142127;BANCO BMG S/A;Liderança;1;4;0;247;2;0
61.186.680/0001-74;2024-12-31;7;142127;BANCO BMG S/A;Não-liderança;20;58;18;911;21;0
61.189.288/0001-89;2024-12-31;3;140567;MARISA LOJAS S.A.;Liderança;81;133;64;559;111;0
61.189.288/0001-89;2024-12-31;3;140567;MARISA LOJAS S.A.;Não-liderança;421;766;336;2618;542;0
61.190.096/0001-92;2024-12-31;5;141812;EUROFARMA LABORATÓRIOS S.A.;Liderança;11;70;30;534;54;0
61.190.096/0001-92;2024-12-31;5;141812;EUROFARMA LABORATÓRIOS S.A.;Não-liderança;145;609;219;4410;480;0
61.351.532/0001-68;2024-12-31;8;142017;AZEVEDO E TRAVASSOS S.A.;Liderança;0;2;0;9;0;0
61.351.532/0001-68;2024-12-31;8;142017;AZEVEDO E TRAVASSOS S.A.;Não-liderança;0;0;0;71;0;0
61.374.161/0001-30;2024-12-31;1;138436;BAUMER S.A.;Liderança;0;0;0;39;0;0
61.374.161/0001-30;2024-12-31;1;138436;BAUMER S.A.;Não-liderança;0;2;1;352;0;0
61.409.892/0001-73;2024-12-31;5;142073;COMPANHIA BRASILEIRA DE ALUMÍNIO;Liderança;0;0;20;383;2;0
61.409.892/0001-73;2024-12-31;5;142073;COMPANHIA BRASILEIRA DE ALUMÍNIO;Não-liderança;0;0;105;5024;13;0
61.486.650/0001-83;2024-12-31;5;141355;DIAGNOSTICOS DA AMERICA S.A.;Liderança;52;362;200;1922;204;1
61.486.650/0001-83;2024-12-31;5;141355;DIAGNOSTICOS DA AMERICA S.A.;Não-liderança;790;7809;4262;30488;3094;0
61.532.644/0001-15;2024-12-31;3;141275;ITAÚSA S.A.;Liderança;0;0;0;16;0;0
61.532.644/0001-15;2024-12-31;3;141275;ITAÚSA S.A.;Não-liderança;0;0;0;69;0;0
61.584.140/0001-49;2024-12-31;1;138212;REDE ENERGIA PARTICIPAÇÕES S.A.;Liderança;0;0;1;0;0;0
61.584.140/0001-49;2024-12-31;1;138212;REDE ENERGIA PARTICIPAÇÕES S.A.;Não-liderança;0;0;1;0;0;0
61.585.865/0001-51;2024-12-31;1;138773;RAIA DROGASIL S.A.;Liderança;131;490;336;2643;411;0
61.585.865/0001-51;2024-12-31;1;138773;RAIA DROGASIL S.A.;Não-liderança;1839;7853;5376;32561;5576;0
61.856.571/0001-17;2024-12-31;5;141897;CIA GAS DE SAO PAULO - COMGAS;Liderança;0;0;0;131;0;0
61.856.571/0001-17;2024-12-31;5;141897;CIA GAS DE SAO PAULO - COMGAS;Não-liderança;0;0;0;952;0;0
62.002.886/0001-60;2024-12-31;2;142125;SAO PAULO TURISMO S.A.;Liderança;0;1;0;29;0;0
62.002.886/0001-60;2024-12-31;2;142125;SAO PAULO TURISMO S.A.;Não-liderança;1;9;2;111;4;1
62.144.175/0001-20;2024-12-31;13;142074;BCO PINE S.A;Liderança;0;0;0;79;1;0
62.144.175/0001-20;2024-12-31;13;142074;BCO PINE S.A;Não-liderança;0;0;0;242;2;0
62.232.889/0001-90;2024-12-31;1;138602;BCO DAYCOVAL S.A.;Liderança;6;30;15;493;34;0
62.232.889/0001-90;2024-12-31;1;138602;BCO DAYCOVAL S.A.;Não-liderança;34;123;84;2575;150;0
62.258.884/0001-36;2024-12-31;3;141371;INTERCEMENT BRASIL S.A.;Liderança;0;24;32;194;22;0
62.258.884/0001-36;2024-12-31;3;141371;INTERCEMENT BRASIL S.A.;Não-liderança;0;212;221;829;169;0
62.984.091/0001-02;2024-12-31;6;141816;CRUZEIRO DO SUL EDUCACIONAL S.A.;Liderança;0;7;4;207;30;0
62.984.091/0001-02;2024-12-31;6;141816;CRUZEIRO DO SUL EDUCACIONAL S.A.;Não-liderança;0;725;609;4700;1460;0
64.904.295/0001-03;2024-02-28;5;139520;CAMIL ALIMENTOS S.A.;Liderança;4;26;26;189;76;0
64.904.295/0001-03;2024-02-28;5;139520;CAMIL ALIMENTOS S.A.;Não-liderança;61;432;669;1782;2592;0
64.904.295/0001-03;2024-02-29;2;133838;CAMIL ALIMENTOS S.A.;Liderança;4;26;26;189;76;0
64.904.295/0001-03;2024-02-29;2;133838;CAMIL ALIMENTOS S.A.;Não-liderança;61;432;669;1782;2592;0
67.010.660/0001-24;2024-12-31;4;142013;RNI NEGÓCIOS IMOBILIÁRIOS S.A.;Liderança;0;5;17;64;22;0
67.010.660/0001-24;2024-12-31;4;142013;RNI NEGÓCIOS IMOBILIÁRIOS S.A.;Não-liderança;0;21;108;260;91;0
67.571.414/0001-41;2024-12-31;6;142018;VIVER INCORPORADORA E CONSTRUTORA S.A.;Liderança;0;0;1;24;0;0
67.571.414/0001-41;2024-12-31;6;142018;VIVER INCORPORADORA E CONSTRUTORA S.A.;Não-liderança;0;1;4;51;0;0
67.620.377/0001-14;2024-12-31;2;140354;MINERVA S.A.;Liderança;136;6;227;642;0;696
67.620.377/0001-14;2024-12-31;2;140354;MINERVA S.A.;Não-liderança;2731;43;4061;5026;0;10315
68.400.225/0001-79;2024-06-30;5;139657;CLARANET TECHNOLOGY S.A.;Liderança;0;0;0;29;0;0
68.400.225/0001-79;2024-06-30;5;139657;CLARANET TECHNOLOGY S.A.;Não-liderança;1;1;0;185;3;0
71.208.516/0001-74;2024-12-31;5;141440;ALGAR TELECOM S/A;Liderança;0;18;6;241;23;0
71.208.516/0001-74;2024-12-31;5;141440;ALGAR TELECOM S/A;Não-liderança;0;195;134;3255;357;0
71.476.527/0001-35;2024-12-31;1;138501;CONSTRUTORA TENDA S.A.;Liderança;0;45;11;208;18;0
71.476.527/0001-35;2024-12-31;1;138501;CONSTRUTORA TENDA S.A.;Não-liderança;0;841;194;2020;246;0
73.178.600/0001-18;2024-12-31;3;141700;CYRELA BRAZIL REALTY S.A.EMPREEND E PART;Liderança;1;1;0;360;26;0
73.178.600/0001-18;2024-12-31;3;141700;CYRELA BRAZIL REALTY S.A.EMPREEND E PART;Não-liderança;8;75;1;5317;389;0
75.315.333/0001-09;2024-12-31;3;141793;ATACADÃO S.A.;Liderança;60;542;197;4163;506;0
75.315.333/0001-09;2024-12-31;3;141793;ATACADÃO S.A.;Não-liderança;6963;36059;11696;67404;22763;0
75.609.123/0001-23;2024-12-31;4;138498;UNIDAS LOCAÇÕES E SERVIÇOS S.A.;Liderança;0;25;12;20;109;0
75.609.123/0001-23;2024-12-31;4;138498;UNIDAS LOCAÇÕES E SERVIÇOS S.A.;Não-liderança;19;799;614;178;524;0
76.483.817/0001-20;2024-12-31;7;142113;CIA PARANAENSE DE ENERGIA - COPEL;Liderança;0;2;0;1;397;0
76.483.817/0001-20;2024-12-31;7;142113;CIA PARANAENSE DE ENERGIA - COPEL;Não-liderança;0;5;7;11;5381;0
76.484.013/0001-45;2024-12-31;7;142046;CIA SANEAMENTO DO PARANA - SANEPAR;Liderança;0;0;0;0;253;0
76.484.013/0001-45;2024-12-31;7;142046;CIA SANEAMENTO DO PARANA - SANEPAR;Não-liderança;0;0;0;0;4470;0
76.535.764/0001-43;2024-12-31;9;142020;OI S.A. - EM RECUPERAÇÃO JUDICIAL;Liderança;50;174;383;434;183;0
76.535.764/0001-43;2024-12-31;9;142020;OI S.A. - EM RECUPERAÇÃO JUDICIAL;Não-liderança;824;2833;6299;4514;3001;0
79.430.682/0001-22;2024-12-31;4;139377;FARMÁCIA E DROGARIA NISSEI S.A.;Liderança;0;0;0;62;415;0
79.430.682/0001-22;2024-12-31;4;139377;FARMÁCIA E DROGARIA NISSEI S.A.;Não-liderança;0;0;0;794;5545;0
80.680.093/0001-81;2024-12-31;2;141428;SENIOR SISTEMAS S.A.;Liderança;0;4;14;56;130;17
80.680.093/0001-81;2024-12-31;2;141428;SENIOR SISTEMAS S.A.;Não-liderança;1;35;154;679;1548;172
81.243.735/0001-48;2024-12-31;11;142048;POSITIVO TECNOLOGIA S.A.;Liderança;27;7;0;19;201;0
81.243.735/0001-48;2024-12-31;11;142048;POSITIVO TECNOLOGIA S.A.;Não-liderança;857;331;0;374;1180;4
81.616.807/0001-55;2024-12-31;1;138413;GRANJA FARIA S.A.;Liderança;19;0;51;102;24;0
81.616.807/0001-55;2024-12-31;1;138413;GRANJA FARIA S.A.;Não-liderança;270;0;132;945;669;0
82.120.676/0001-83;2024-12-31;1;138483;ALMEIDA JUNIOR SHOPPING CENTERS S.A.;Liderança;0;0;0;5;84;0
82.120.676/0001-83;2024-12-31;1;138483;ALMEIDA JUNIOR SHOPPING CENTERS S.A.;Não-liderança;0;0;0;5;803;0
82.508.433/0001-17;2024-12-31;5;142015;CIA CATARINENSE DE AGUAS E SANEAM.-CASAN;Liderança;0;0;0;0;303;0
82.508.433/0001-17;2024-12-31;5;142015;CIA CATARINENSE DE AGUAS E SANEAM.-CASAN;Não-liderança;0;0;0;0;2393;0
82.640.558/0001-04;2024-12-31;2;138142;KARSTEN S.A.;Liderança;0;0;0;1;85;0
82.640.558/0001-04;2024-12-31;2;138142;KARSTEN S.A.;Não-liderança;0;2;0;5;2332;1
82.643.537/0001-34;2024-12-31;2;138167;ELECTRO ACO ALTONA S.A.;Liderança;0;0;0;0;91;1
82.643.537/0001-34;2024-12-31;2;138167;ELECTRO ACO ALTONA S.A.;Não-liderança;0;0;0;0;1270;0
82.901.000/0001-27;2024-12-31;1;138561;INTELBRAS S.A. IND. DE TELECOMUNICAÇÃO ELETRÔNICA BRASILEIRA;Liderança;31;3;0;17;262;3
82.901.000/0001-27;2024-12-31;1;138561;INTELBRAS S.A. IND. DE TELECOMUNICAÇÃO ELETRÔNICA BRASILEIRA;Não-liderança;994;32;0;342;3291;0
82.982.075/0001-80;2024-12-31;2;137679;TEXTIL RENAUXVIEW S.A.;Liderança;0;0;0;0;42;0
82.982.075/0001-80;2024-12-31;2;137679;TEXTIL RENAUXVIEW S.A.;Não-liderança;0;0;0;0;408;0
83.475.913/0001-91;2024-12-31;3;139857;PBG S/A;Liderança;0;29;7;54;188;0
83.475.913/0001-91;2024-12-31;3;139857;PBG S/A;Não-liderança;2;521;65;540;2561;0
83.878.892/0001-55;2024-12-31;7;142150;CENTRAIS ELET DE SANTA CATARINA S.A.;Liderança;0;0;0;0;562;0
83.878.892/0001-55;2024-12-31;7;142150;CENTRAIS ELET DE SANTA CATARINA S.A.;Não-liderança;0;0;0;0;3204;0
84.429.695/0001-11;2024-12-31;3;141392;WEG S.A.;Liderança;6;1;0;210;789;955
84.429.695/0001-11;2024-12-31;3;141392;WEG S.A.;Não-liderança;386;6;0;6154;20766;10232
84.683.374/0001-49;2024-12-31;5;141764;TUPY S.A.;Liderança;0;0;0;187;264;259
84.683.374/0001-49;2024-12-31;5;141764;TUPY S.A.;Não-liderança;0;0;0;4665;9211;5223
84.683.408/0001-03;2024-12-31;4;142129;DOHLER S.A.;Liderança;0;0;0;0;265;0
84.683.408/0001-03;2024-12-31;4;142129;DOHLER S.A.;Não-liderança;0;1;0;0;2668;30
84.683.671/0001-94;2024-12-31;2;141224;WETZEL S.A.;Liderança;0;0;0;1;35;0
84.683.671/0001-94;2024-12-31;2;141224;WETZEL S.A.;Não-liderança;0;0;0;2;900;0
84.693.183/0001-68;2024-12-31;3;139230;SCHULZ S.A.;Liderança;1;2;2;4;122;2
84.693.183/0001-68;2024-12-31;3;139230;SCHULZ S.A.;Não-liderança;0;0;0;0;3325;1
85.041.333/0001-11;2024-12-31;1;138558;PORTO PONTA DO FELIX S/A;Liderança;0;0;0;0;10;0
85.041.333/0001-11;2024-12-31;1;138558;PORTO PONTA DO FELIX S/A;Não-liderança;0;0;0;0;254;0
85.778.074/0001-06;2024-12-31;3;138108;METALURGICA RIOSULENSE S.A.;Liderança;0;0;0;0;50;0
85.778.074/0001-06;2024-12-31;3;138108;METALURGICA RIOSULENSE S.A.;Não-liderança;0;0;0;3;750;0
86.375.425/0001-09;2024-12-31;3;141384;METISA METALURGICA TIMBOENSE S.A.;Liderança;0;1;0;0;27;0
86.375.425/0001-09;2024-12-31;3;141384;METISA METALURGICA TIMBOENSE S.A.;Não-liderança;0;6;0;0;1046;0
87.043.832/0001-73;2024-12-31;3;140596;SEIVA S.A. - FLORESTAS E INDÚSTRIAS;Liderança;0;0;0;3;0;0
87.043.832/0001-73;2024-12-31;3;140596;SEIVA S.A. - FLORESTAS E INDÚSTRIAS;Não-liderança;0;0;0;1;0;0
87.456.562/0001-22;2024-12-31;1;138655;JOSAPAR-JOAQUIM OLIVEIRA S.A. - PARTICIP;Liderança;0;2;0;0;21;0
87.456.562/0001-22;2024-12-31;1;138655;JOSAPAR-JOAQUIM OLIVEIRA S.A. - PARTICIP;Não-liderança;3;83;10;0;1292;0
87.762.563/0001-03;2024-12-31;2;139353;CIA HABITASUL DE PARTICIPACOES;Liderança;0;0;0;0;35;0
87.762.563/0001-03;2024-12-31;2;139353;CIA HABITASUL DE PARTICIPACOES;Não-liderança;0;2;0;0;205;0
87.870.952/0001-44;2024-12-31;2;140065;BORRACHAS VIPAL S.A.;Liderança;0;30;0;0;84;0
87.870.952/0001-44;2024-12-31;2;140065;BORRACHAS VIPAL S.A.;Não-liderança;0;947;0;0;1579;0
88.610.126/0001-29;2024-12-31;5;141922;FRAS-LE S.A.;Liderança;0;0;0;50;91;22
88.610.126/0001-29;2024-12-31;5;141922;FRAS-LE S.A.;Não-liderança;0;0;0;771;3169;1072
88.610.191/0001-54;2024-12-31;2;141694;MUNDIAL S.A. - PRODUTOS DE CONSUMO;Liderança;0;1;1;32;74;0
88.610.191/0001-54;2024-12-31;2;141694;MUNDIAL S.A. - PRODUTOS DE CONSUMO;Não-liderança;0;0;0;586;1509;0
88.611.835/0001-29;2024-12-31;3;141385;MARCOPOLO S.A.;Liderança;0;0;0;45;620;0
88.611.835/0001-29;2024-12-31;3;141385;MARCOPOLO S.A.;Não-liderança;0;0;0;2258;8648;0
88.613.658/0001-10;2024-06-30;5;139863;PETTENATI S.A. INDUSTRIA TEXTIL;Liderança;0;0;0;2;76;0
88.613.658/0001-10;2024-06-30;5;139863;PETTENATI S.A. INDUSTRIA TEXTIL;Não-liderança;0;0;0;1;1298;0
89.086.144/0001-16;2024-12-31;3;141604;RANDON S.A. IMPLEMENTOS E PARTICIPACOES;Liderança;0;1;0;24;475;53
89.086.144/0001-16;2024-12-31;3;141604;RANDON S.A. IMPLEMENTOS E PARTICIPACOES;Não-liderança;0;3;0;2244;11287;1370
89.096.457/0001-55;2024-12-31;4;141989;SLC AGRICOLA S.A.;Liderança;0;140;164;0;113;0
89.096.457/0001-55;2024-12-31;4;141989;SLC AGRICOLA S.A.;Não-liderança;0;2154;2721;0;465;0
89.463.822/0001-12;2024-12-31;9;141693;LUPATECH S.A;Liderança;0;0;0;11;22;0
89.463.822/0001-12;2024-12-31;9;141693;LUPATECH S.A;Não-liderança;0;0;0;117;270;1
89.637.490/0001-45;2024-12-31;4;142114;KLABIN S.A.;Liderança;23;82;14;361;1093;18
89.637.490/0001-45;2024-12-31;4;142114;KLABIN S.A.;Não-liderança;437;1411;296;3618;10029;143
89.850.341/0001-60;2024-12-31;3;141998;GRENDENE S.A.;Liderança;0;273;0;4;295;0
89.850.341/0001-60;2024-12-31;3;141998;GRENDENE S.A.;Não-liderança;0;14808;0;33;1676;0
90.076.886/0001-40;2024-12-31;2;139398;MINUPAR PARTICIPACOES S.A.;Liderança;0;0;0;1;47;0
90.076.886/0001-40;2024-12-31;2;139398;MINUPAR PARTICIPACOES S.A.;Não-liderança;0;0;0;0;2579;0
90.400.888/0001-42;2024-12-31;6;141520;BCO SANTANDER (BRASIL) S.A.;Liderança;30;167;53;999;116;0
90.400.888/0001-42;2024-12-31;6;141520;BCO SANTANDER (BRASIL) S.A.;Não-liderança;1172;6668;2084;39690;4632;0
90.441.460/0001-48;2024-12-31;2;141584;UNICASA INDÚSTRIA DE MÓVEIS S.A.;Liderança;0;0;0;3;37;4
90.441.460/0001-48;2024-12-31;2;141584;UNICASA INDÚSTRIA DE MÓVEIS S.A.;Não-liderança;0;2;1;12;462;11
91.333.666/0001-17;2024-12-31;2;141243;RECRUSUL S.A.;Liderança;0;0;0;0;10;0
91.333.666/0001-17;2024-12-31;2;141243;RECRUSUL S.A.;Não-liderança;0;0;0;0;106;0
91.669.747/0001-92;2024-12-31;1;138220;DM FINANCEIRA S.A. - CRÉDITO, FINANCIAMENTO E INVESTIMENTO;Liderança;0;0;0;0;0;0
91.669.747/0001-92;2024-12-31;1;138220;DM FINANCEIRA S.A. - CRÉDITO, FINANCIAMENTO E INVESTIMENTO;Não-liderança;0;0;0;0;0;0
91.983.056/0001-69;2024-12-31;6;142078;KEPLER WEBER S.A.;Liderança;0;0;23;8;105;0
91.983.056/0001-69;2024-12-31;6;142078;KEPLER WEBER S.A.;Não-liderança;0;0;315;11;1215;0
92.012.467/0001-70;2024-12-31;4;139700;GRAZZIOTIN S.A.;Liderança;0;0;0;0;438;0
92.012.467/0001-70;2024-12-31;4;139700;GRAZZIOTIN S.A.;Não-liderança;0;0;0;0;2291;0
92.660.570/0001-26;2024-12-31;2;139769;TREVISA INVESTIMENTOS S.A.;Liderança;0;0;0;0;49;0
92.660.570/0001-26;2024-12-31;2;139769;TREVISA INVESTIMENTOS S.A.;Não-liderança;0;0;0;0;267;0
92.665.611/0001-77;2024-12-31;3;141597;DIMED S.A. DISTRIBUIDORA DE MEDICAMENTOS;Liderança;0;0;0;5;677;0
92.665.611/0001-77;2024-12-31;3;141597;DIMED S.A. DISTRIBUIDORA DE MEDICAMENTOS;Não-liderança;0;0;0;121;8144;0
92.690.783/0001-09;2024-12-31;4;142119;METALURGICA GERDAU S.A.;Liderança;8;181;22;1979;400;1961
92.690.783/0001-09;2024-12-31;4;142119;METALURGICA GERDAU S.A.;Não-liderança;37;1398;149;11356;2572;10113
92.693.019/0001-89;2024-12-31;2;141701;PANATLANTICA S.A.;Liderança;0;0;0;6;47;0
92.693.019/0001-89;2024-12-31;2;141701;PANATLANTICA S.A.;Não-liderança;0;0;0;56;449;0
92.702.067/0001-96;2024-12-31;8;142092;BCO ESTADO DO RIO GRANDE DO SUL S.A.;Liderança;0;0;2;4;1053;0
92.702.067/0001-96;2024-12-31;8;142092;BCO ESTADO DO RIO GRANDE DO SUL S.A.;Não-liderança;0;0;5;46;7979;0
92.715.812/0001-31;2024-12-31;5;141677;CPFL TRANSMISSÃO S.A.;Liderança;0;0;0;0;55;0
92.715.812/0001-31;2024-12-31;5;141677;CPFL TRANSMISSÃO S.A.;Não-liderança;0;0;0;0;494;0
92.721.232/0001-57;2024-12-31;3;139024;BANRISUL ARMAZENS GERAIS SA;Liderança;0;0;0;0;35;0
92.721.232/0001-57;2024-12-31;3;139024;BANRISUL ARMAZENS GERAIS SA;Não-liderança;0;0;0;0;32;0
92.749.225/0001-63;2024-12-31;1;138798;HERCULES S.A. FABRICA DE TALHERES;Liderança;0;1;0;5;2;0
92.749.225/0001-63;2024-12-31;1;138798;HERCULES S.A. FABRICA DE TALHERES;Não-liderança;0;1;0;0;0;0
92.754.738/0001-62;2024-12-31;4;142088;LOJAS RENNER S.A.;Liderança;98;260;174;1329;988;63
92.754.738/0001-62;2024-12-31;4;142088;LOJAS RENNER S.A.;Não-liderança;744;2227;1240;10161;6424;656
92.781.335/0001-02;2024-12-31;5;141956;TAURUS ARMAS S.A.;Liderança;0;0;0;0;196;0
92.781.335/0001-02;2024-12-31;5;141956;TAURUS ARMAS S.A.;Não-liderança;0;0;0;0;2216;0
92.791.243/0001-03;2024-12-31;2;139334;IRANI PAPEL E EMBALAGEM S.A.;Liderança;0;0;0;46;144;0
92.791.243/0001-03;2024-12-31;2;139334;IRANI PAPEL E EMBALAGEM S.A.;Não-liderança;0;0;0;558;1600;0
93.828.986/0001-73;2024-12-31;1;137868;CEMEPE INVESTIMENTOS S.A.;Liderança;0;0;0;2;0;0
93.828.986/0001-73;2024-12-31;1;137868;CEMEPE INVESTIMENTOS S.A.;Não-liderança;0;0;0;2;0;0
94.813.102/0001-70;2024-12-31;2;141339;TRÊS TENTOS AGROINDUSTRIAL S/A;Liderança;0;0;88;6;422;0
94.813.102/0001-70;2024-12-31;2;141339;TRÊS TENTOS AGROINDUSTRIAL S/A;Não-liderança;0;0;314;0;1401;0
95.426.862/0001-97;2024-12-31;2;138871;EXCELSIOR ALIMENTOS S.A.;Liderança;0;0;0;2;26;0
95.426.862/0001-97;2024-12-31;2;138871;EXCELSIOR ALIMENTOS S.A.;Não-liderança;0;0;0;0;544;0
96.298.013/0001-68;2024-12-31;4;142024;PACAEMBU CONSTRUTORA S.A.;Liderança;0;0;5;106;11;0
96.298.013/0001-68;2024-12-31;4;142024;PACAEMBU CONSTRUTORA S.A.;Não-liderança;0;0;8;647;99;0
96.418.264/0218-02;2024-12-31;4;142027;LOJAS QUERO QUERO S.A.;Liderança;0;0;12;16;857;0
96.418.264/0218-02;2024-12-31;4;142027;LOJAS QUERO QUERO S.A.;Não-liderança;0;0;107;146;7258;0
97.191.902/0001-94;2024-12-31;3;141611;CONSERVAS ODERICH S.A.;Liderança;0;0;22;0;113;0
97.191.902/0001-94;2024-12-31;3;141611;CONSERVAS ODERICH S.A.;Não-liderança;0;0;408;0;1599;0
97.837.181/0001-47;2024-12-31;9;142007;DEXCO S.A.;Liderança;0;64;0;718;60;0
97.837.181/0001-47;2024-12-31;9;142007;DEXCO S.A.;Não-liderança;0;2264;0;7254;1337;0
