CNPJ_Companhia;Data_Referencia;Versao;ID_Documento;Nome_Companhia;Posicao;Quantidade_Ate30Anos;Quantidade_30a50Anos;Quantidade_Acima50Anos
00.000.000/0001-91;2024-12-31;8;142110;BCO BRASIL S.A.;Liderança;213;25250;6130
00.000.000/0001-91;2024-12-31;8;142110;BCO BRASIL S.A.;Não-liderança;3283;37575;13769
00.000.208/0001-00;2024-12-31;5;142124;BRB BANCO DE BRASILIA S.A.;Liderança;11;613;109
00.000.208/0001-00;2024-12-31;5;142124;BRB BANCO DE BRASILIA S.A.;Não-liderança;271;1944;428
00.001.180/0001-26;2024-12-31;9;141946;CENTRAIS ELET BRAS S.A. - ELETROBRAS;Liderança;2;559;135
00.001.180/0001-26;2024-12-31;9;141946;CENTRAIS ELET BRAS S.A. - ELETROBRAS;Não-liderança;270;4845;2517
00.070.698/0001-11;2024-12-31;4;141717;COMPANHIA ENERGÉTICA DE BRASÍLIA - CEB;Liderança;0;18;12
00.070.698/0001-11;2024-12-31;4;141717;COMPANHIA ENERGÉTICA DE BRASÍLIA - CEB;Não-liderança;3;41;8
00.080.671/0001-00;2024-12-31;3;141893;CARAMURU ALIMENTOS S.A.;Liderança;22;141;53
00.080.671/0001-00;2024-12-31;3;141893;CARAMURU ALIMENTOS S.A.;Não-liderança;753;1200;262
00.194.724/0001-13;2024-12-31;3;141581;AES BRASIL OPERAÇÕES S.A.;Liderança;2;90;13
00.194.724/0001-13;2024-12-31;3;141581;AES BRASIL OPERAÇÕES S.A.;Não-liderança;121;384;57
00.242.184/0001-04;2024-12-31;3;141796;ARMAC LOCAÇÃO, LOGÍSTICA E SERVIÇOS S.A.;Liderança;84;389;74
00.242.184/0001-04;2024-12-31;3;141796;ARMAC LOCAÇÃO, LOGÍSTICA E SERVIÇOS S.A.;Não-liderança;1456;3101;797
00.272.185/0001-93;2024-12-31;1;138318;CIMS S.A.;Liderança;1;0;0
00.272.185/0001-93;2024-12-31;1;138318;CIMS S.A.;Não-liderança;1;0;0
00.336.701/0001-04;2024-12-31;1;138306;TELEC BRASILEIRAS S.A. TELEBRAS;Liderança;1;27;19
00.336.701/0001-04;2024-12-31;1;138306;TELEC BRASILEIRAS S.A. TELEBRAS;Não-liderança;14;219;113
00.359.742/0001-08;2024-12-31;1;138789;ATOM EMPREENDIMENTOS E PARTICIPAÇÕES S.A.;Liderança;2;2;0
00.359.742/0001-08;2024-12-31;1;138789;ATOM EMPREENDIMENTOS E PARTICIPAÇÕES S.A.;Não-liderança;17;2;0
00.383.281/0001-09;2024-12-31;3;141735;BNDES PARTICIPACOES S.A. - BNDESPAR;Liderança;0;53;4
00.383.281/0001-09;2024-12-31;3;141735;BNDES PARTICIPACOES S.A. - BNDESPAR;Não-liderança;0;75;40
00.545.378/0001-70;2024-12-31;1;136101;SERRA AZUL WATER PARK SA;Liderança;14;30;14
00.545.378/0001-70;2024-12-31;1;136101;SERRA AZUL WATER PARK SA;Não-liderança;297;114;36
00.622.416/0001-41;2024-12-31;1;138614;STATKRAFT ENERGIAS RENOVAVEIS S.A.;Liderança;1;49;5
00.622.416/0001-41;2024-12-31;1;138614;STATKRAFT ENERGIAS RENOVAVEIS S.A.;Não-liderança;32;139;7
00.644.907/0001-93;2024-12-31;2;140017;INVESTCO S.A.;Liderança;0;2;3
00.644.907/0001-93;2024-12-31;2;140017;INVESTCO S.A.;Não-liderança;8;43;10
00.743.065/0001-27;2024-12-31;2;137996;LITEL PARTICIPACOES S.A.;Liderança;0;0;0
00.743.065/0001-27;2024-12-31;2;137996;LITEL PARTICIPACOES S.A.;Não-liderança;0;0;0
00.776.574/0001-56;2024-12-31;10;142023;AMERICANAS S.A. - EM RECUPERAÇÃO JUDICIAL;Liderança;4126;2750;317
00.776.574/0001-56;2024-12-31;10;142023;AMERICANAS S.A. - EM RECUPERAÇÃO JUDICIAL;Não-liderança;18946;6798;1024
00.864.214/0001-06;2024-12-31;7;141912;ENERGISA S.A.;Liderança;106;1006;103
00.864.214/0001-06;2024-12-31;7;141912;ENERGISA S.A.;Não-liderança;4322;10484;627
00.924.429/0001-75;2024-12-31;2;140568;FERROVIA CENTRO-ATLANTICA S.A.;Liderança;4;208;8
00.924.429/0001-75;2024-12-31;2;140568;FERROVIA CENTRO-ATLANTICA S.A.;Não-liderança;898;3508;413
00.938.574/0001-05;2024-12-31;3;141383;CONC RIO-TERESOPOLIS S.A.;Liderança;0;3;3
00.938.574/0001-05;2024-12-31;3;141383;CONC RIO-TERESOPOLIS S.A.;Não-liderança;0;8;17
01.027.058/0001-91;2024-12-31;10;142161;CIELO S.A. -  INSTITUIÇÃO DE PAGAMENTO;Liderança;32;684;52
01.027.058/0001-91;2024-12-31;10;142161;CIELO S.A. -  INSTITUIÇÃO DE PAGAMENTO;Não-liderança;1281;4024;295
01.083.200/0001-18;2024-12-31;5;141823;NEOENERGIA S.A.;Liderança;39;1027;129
01.083.200/0001-18;2024-12-31;5;141823;NEOENERGIA S.A.;Não-liderança;3085;10656;757
01.104.937/0001-70;2024-12-31;3;139871;ELETROBRÁS PARTICIPAÇÕES S.A. - ELETROPAR;Liderança;0;1;0
01.104.937/0001-70;2024-12-31;3;139871;ELETROBRÁS PARTICIPAÇÕES S.A. - ELETROPAR;Não-liderança;2;0;0
01.107.327/0001-20;2024-12-31;4;142006;BBM LOGÍSTICA S.A.;Liderança;35;324;40
01.107.327/0001-20;2024-12-31;4;142006;BBM LOGÍSTICA S.A.;Não-liderança;1585;2632;767
01.258.944/0001-26;2024-12-31;2;139644;RUMO MALHA SUL S.A.;Liderança;37;420;28
01.258.944/0001-26;2024-12-31;2;139644;RUMO MALHA SUL S.A.;Não-liderança;1706;5439;684
01.417.222/0001-77;2024-12-31;3;141908;MRS LOGISTICA S.A.;Liderança;18;329;32
01.417.222/0001-77;2024-12-31;3;141908;MRS LOGISTICA S.A.;Não-liderança;1793;4167;576
01.545.826/0001-07;2024-12-31;5;141958;GAFISA S.A.;Liderança;4;101;7
01.545.826/0001-07;2024-12-31;5;141958;GAFISA S.A.;Não-liderança;95;152;33
01.548.981/0001-79;2024-12-31;4;141788;INVESTIMENTOS BEMGE S.A.;Liderança;0;0;0
01.548.981/0001-79;2024-12-31;4;141788;INVESTIMENTOS BEMGE S.A.;Não-liderança;0;0;0
01.599.101/0001-93;2024-12-31;7;141720;SEQUOIA LOGÍSTICA E TRANSPORTES S.A.;Liderança;62;256;40
01.599.101/0001-93;2024-12-31;7;141720;SEQUOIA LOGÍSTICA E TRANSPORTES S.A.;Não-liderança;1319;965;221
01.637.895/0001-32;2024-12-31;4;142116;VOTORANTIM CIMENTOS S.A.;Liderança;40;776;120
01.637.895/0001-32;2024-12-31;4;142116;VOTORANTIM CIMENTOS S.A.;Não-liderança;1381;4947;1190
01.838.723/0001-27;2024-12-31;4;141516;BRF S.A.;Liderança;198;2510;320
01.838.723/0001-27;2024-12-31;4;141516;BRF S.A.;Não-liderança;29032;51738;12874
01.851.771/0001-55;2024-12-31;1;138018;524 PARTICIPACOES S.A.;Liderança;0;0;0
01.851.771/0001-55;2024-12-31;1;138018;524 PARTICIPACOES S.A.;Não-liderança;0;0;0
01.896.779/0001-38;2024-12-31;2;140772;CSU DIGITAL S.A.;Liderança;64;235;65
01.896.779/0001-38;2024-12-31;2;140772;CSU DIGITAL S.A.;Não-liderança;2625;1372;384
01.917.818/0001-36;2024-12-31;3;139427;LIGHT ENERGIA S.A.;Liderança;0;5;1
01.917.818/0001-36;2024-12-31;3;139427;LIGHT ENERGIA S.A.;Não-liderança;27;122;41
01.938.783/0001-11;2024-12-31;3;141907;CIA PARTICIPACOES ALIANCA DA BAHIA;Liderança;0;4;3
01.938.783/0001-11;2024-12-31;3;141907;CIA PARTICIPACOES ALIANCA DA BAHIA;Não-liderança;7;13;11
01.957.772/0001-89;2024-12-31;1;138563;SUL 116 PARTICIPACOES S.A.;Liderança;0;1;1
01.957.772/0001-89;2024-12-31;1;138563;SUL 116 PARTICIPACOES S.A.;Não-liderança;0;3;0
01.989.044/0001-59;2024-12-31;2;138603;WTC RIO EMPREEND. E PARTICIPAÇÕES S.A.;Liderança;0;1;1
01.989.044/0001-59;2024-12-31;2;138603;WTC RIO EMPREEND. E PARTICIPAÇÕES S.A.;Não-liderança;0;1;0
02.016.440/0001-62;2024-12-31;3;141686;RGE SUL DISTRIBUIDORA DE ENERGIA S.A.;Liderança;5;134;27
02.016.440/0001-62;2024-12-31;3;141686;RGE SUL DISTRIBUIDORA DE ENERGIA S.A.;Não-liderança;785;2838;259
02.062.747/0001-08;2024-12-31;2;139763;SUDESTE S.A.;Liderança;0;0;0
02.062.747/0001-08;2024-12-31;2;139763;SUDESTE S.A.;Não-liderança;0;0;0
02.149.205/0001-69;2024-12-31;3;142159;PORTO SEGURO S.A.;Liderança;33;1160;154
02.149.205/0001-69;2024-12-31;3;142159;PORTO SEGURO S.A.;Não-liderança;3451;7816;772
02.162.616/0001-94;2024-12-31;1;138211;UPTICK PARTICIPACOES S.A.;Liderança;0;0;0
02.162.616/0001-94;2024-12-31;1;138211;UPTICK PARTICIPACOES S.A.;Não-liderança;0;0;0
02.193.750/0001-52;2024-12-31;3;140684;DEXXOS PARTICIPAÇÕES S.A.;Liderança;0;49;33
02.193.750/0001-52;2024-12-31;3;140684;DEXXOS PARTICIPAÇÕES S.A.;Não-liderança;145;398;150
02.217.319/0001-07;2024-12-31;6;141884;YBYRÁ CAPITAL S.A.;Liderança;0;2;3
02.217.319/0001-07;2024-12-31;6;141884;YBYRÁ CAPITAL S.A.;Não-liderança;0;1;0
02.255.187/0001-08;2024-12-31;4;141971;UNIFIQUE TELECOMUNICAÇÕES S.A.;Liderança;65;188;3
02.255.187/0001-08;2024-12-31;4;141971;UNIFIQUE TELECOMUNICAÇÕES S.A.;Não-liderança;976;630;47
02.258.422/0001-97;2024-12-31;1;137781;INEPAR EQUIPAMENTOS E MONTAGENS S/A - EM RECUPERACAO JUDICIA;Liderança;0;1;0
02.258.422/0001-97;2024-12-31;1;137781;INEPAR EQUIPAMENTOS E MONTAGENS S/A - EM RECUPERACAO JUDICIA;Não-liderança;0;5;0
02.291.077/0001-93;2024-12-31;1;138226;PRODUTORES ENERGET.DE MANSO S.A.- PROMAN;Liderança;0;0;0
02.291.077/0001-93;2024-12-31;1;138226;PRODUTORES ENERGET.DE MANSO S.A.- PROMAN;Não-liderança;0;0;0
02.302.101/0001-42;2024-12-31;7;142148;EMAE - EMPRESA METROP.AGUAS ENERGIA S.A.;Liderança;0;15;44
02.302.101/0001-42;2024-12-31;7;142148;EMAE - EMPRESA METROP.AGUAS ENERGIA S.A.;Não-liderança;29;142;146
02.328.280/0001-97;2024-12-31;2;140925;ELEKTRO REDES S.A.;Liderança;10;238;29
02.328.280/0001-97;2024-12-31;2;140925;ELEKTRO REDES S.A.;Não-liderança;885;2437;320
02.338.534/0001-58;2024-12-31;2;139125;LONGDIS S.A.;Liderança;0;0;0
02.338.534/0001-58;2024-12-31;2;139125;LONGDIS S.A.;Não-liderança;0;0;0
02.351.144/0001-18;2024-12-31;4;142003;TEGMA GESTAO LOGISTICA S.A.;Liderança;8;165;50
02.351.144/0001-18;2024-12-31;4;142003;TEGMA GESTAO LOGISTICA S.A.;Não-liderança;536;835;166
02.351.877/0001-52;2024-12-31;3;141645;LWSA S/A;Liderança;98;472;27
02.351.877/0001-52;2024-12-31;3;141645;LWSA S/A;Não-liderança;1755;1456;38
02.357.251/0001-53;2024-12-31;1;138502;LIFEMED INDUSTRIAL DE EQUIP. E ART. MEDICOS E HOSP. S.A;Liderança;3;29;8
02.357.251/0001-53;2024-12-31;1;138502;LIFEMED INDUSTRIAL DE EQUIP. E ART. MEDICOS E HOSP. S.A;Não-liderança;126;228;27
02.365.069/0001-44;2024-12-31;2;140760;PADTEC HOLDING S.A.;Liderança;0;0;0
02.365.069/0001-44;2024-12-31;2;140760;PADTEC HOLDING S.A.;Não-liderança;0;0;0
02.387.241/0001-60;2024-12-31;7;142056;RUMO S.A.;Liderança;39;462;31
02.387.241/0001-60;2024-12-31;7;142056;RUMO S.A.;Não-liderança;1460;5207;1026
02.397.080/0001-96;2024-12-31;2;141431;ITAPEBI GERACAO DE ENERGIA S.A.;Liderança;0;35;7
02.397.080/0001-96;2024-12-31;2;141431;ITAPEBI GERACAO DE ENERGIA S.A.;Não-liderança;22;41;3
02.421.421/0001-11;2024-12-31;3;141896;TIM S.A.;Liderança;0;732;143
02.421.421/0001-11;2024-12-31;3;141896;TIM S.A.;Não-liderança;1858;6243;654
02.429.144/0001-93;2024-12-31;2;141286;CPFL ENERGIA S.A.;Liderança;39;756;160
02.429.144/0001-93;2024-12-31;2;141286;CPFL ENERGIA S.A.;Não-liderança;3601;10272;1379
02.474.103/0001-19;2024-12-31;6;142134;ENGIE BRASIL ENERGIA S.A.;Liderança;1;189;51
02.474.103/0001-19;2024-12-31;6;142134;ENGIE BRASIL ENERGIA S.A.;Não-liderança;165;644;49
02.502.844/0001-66;2024-12-31;4;139645;RUMO MALHA PAULISTA S.A.;Liderança;37;420;28
02.502.844/0001-66;2024-12-31;4;139645;RUMO MALHA PAULISTA S.A.;Não-liderança;1706;5439;684
02.536.066/0001-26;2024-12-31;3;140393;VITAL ENGENHARIA AMBIENTAL S.A.;Liderança;6;111;55
02.536.066/0001-26;2024-12-31;3;140393;VITAL ENGENHARIA AMBIENTAL S.A.;Não-liderança;2691;6825;2609
02.558.157/0001-62;2024-12-31;1;138285;TELEFÔNICA BRASIL S.A;Liderança;189;3494;536
02.558.157/0001-62;2024-12-31;1;138285;TELEFÔNICA BRASIL S.A;Não-liderança;6693;19466;2875
02.591.787/0001-39;2024-12-31;2;137932;CAPITALPART PARTICIPACOES S.A.;Liderança;0;1;0
02.591.787/0001-39;2024-12-31;2;137932;CAPITALPART PARTICIPACOES S.A.;Não-liderança;0;1;0
02.635.522/0001-95;2024-03-31;14;139950;JALLES MACHADO S.A.;Liderança;72;321;77
02.635.522/0001-95;2024-03-31;14;139950;JALLES MACHADO S.A.;Não-liderança;1730;2444;795
02.664.042/0001-52;2024-12-31;1;137918;TERMINAL GARAGEM MENEZES CORTES S.A.;Liderança;0;3;2
02.664.042/0001-52;2024-12-31;1;137918;TERMINAL GARAGEM MENEZES CORTES S.A.;Não-liderança;5;35;2
02.762.121/0001-04;2024-12-31;7;141703;SANTOS BRASIL PARTICIPACOES S.A.;Liderança;3;227;70
02.762.121/0001-04;2024-12-31;7;141703;SANTOS BRASIL PARTICIPACOES S.A.;Não-liderança;549;1816;607
02.762.124/0001-30;2024-12-31;1;138019;BETAPART PARTICIPACOES S.A.;Liderança;0;0;0
02.762.124/0001-30;2024-12-31;1;138019;BETAPART PARTICIPACOES S.A.;Não-liderança;0;0;0
02.796.775/0001-40;2024-12-31;1;138021;GAMA PARTICIPACOES S.A.;Liderança;0;0;0
02.796.775/0001-40;2024-12-31;1;138021;GAMA PARTICIPACOES S.A.;Não-liderança;0;0;0
02.800.026/0001-40;2024-12-31;6;141393;COGNA EDUCAÇÃO S.A.;Liderança;163;1544;188
02.800.026/0001-40;2024-12-31;6;141393;COGNA EDUCAÇÃO S.A.;Não-liderança;5319;14065;2274
02.846.056/0001-97;2024-12-31;9;141095;CCR S.A.;Liderança;204;1650;208
02.846.056/0001-97;2024-12-31;9;141095;CCR S.A.;Não-liderança;4771;9500;1396
02.860.694/0001-62;2024-12-31;2;139212;T4F ENTRETENIMENTO S.A.;Liderança;0;10;4
02.860.694/0001-62;2024-12-31;2;139212;T4F ENTRETENIMENTO S.A.;Não-liderança;31;34;9
02.916.265/0001-60;2024-12-31;6;142151;JBS S.A.;Liderança;6307;6027;3213
02.916.265/0001-60;2024-12-31;6;142151;JBS S.A.;Não-liderança;98615;72877;86844
02.932.074/0001-91;2024-12-31;4;142160;HYPERA S.A.;Liderança;111;1058;123
02.932.074/0001-91;2024-12-31;4;142160;HYPERA S.A.;Não-liderança;3016;5307;686
02.950.811/0001-89;2024-12-31;9;142086;PDG REALTY S.A. EMPREEND E PARTICIPACOES;Liderança;3;41;3
02.950.811/0001-89;2024-12-31;9;142086;PDG REALTY S.A. EMPREEND E PARTICIPACOES;Não-liderança;37;59;2
02.992.449/0001-09;2024-12-31;1;138026;PROMPT PARTICIPACOES S.A.;Liderança;0;0;0
02.992.449/0001-09;2024-12-31;1;138026;PROMPT PARTICIPACOES S.A.;Não-liderança;0;0;0
02.998.301/0001-81;2024-12-31;3;140404;RIO PARANAPANEMA ENERGIA S.A.;Liderança;0;17;8
02.998.301/0001-81;2024-12-31;3;140404;RIO PARANAPANEMA ENERGIA S.A.;Não-liderança;53;155;31
02.998.611/0001-04;2024-12-31;9;141770;CTEEP - CIA TRANSMISSÃO ENERGIA ELÉTRICA PAULISTA;Liderança;2;99;20
02.998.611/0001-04;2024-12-31;9;141770;CTEEP - CIA TRANSMISSÃO ENERGIA ELÉTRICA PAULISTA;Não-liderança;264;1036;185
03.014.553/0001-91;2024-12-31;2;138912;TPI - TRIUNFO PARTICIP. E INVEST. S.A.;Liderança;0;12;15
03.014.553/0001-91;2024-12-31;2;138912;TPI - TRIUNFO PARTICIP. E INVEST. S.A.;Não-liderança;3;24;3
03.025.305/0001-46;2024-12-31;2;138967;RODOVIAS DAS COLINAS S.A.;Liderança;0;0;0
03.025.305/0001-46;2024-12-31;2;138967;RODOVIAS DAS COLINAS S.A.;Não-liderança;0;0;0
03.220.438/0001-73;2024-12-31;16;142011;EQUATORIAL S.A.;Liderança;49;596;78
03.220.438/0001-73;2024-12-31;16;142011;EQUATORIAL S.A.;Não-liderança;1787;4591;792
03.303.999/0001-36;2024-12-31;1;138440;DTCOM - DIRECT TO COMPANY S.A.;Liderança;0;4;1
03.303.999/0001-36;2024-12-31;1;138440;DTCOM - DIRECT TO COMPANY S.A.;Não-liderança;12;21;2
03.342.704/0001-30;2024-12-31;8;141562;PETRORECÔNCAVO S.A.;Liderança;11;163;27
03.342.704/0001-30;2024-12-31;8;141562;PETRORECÔNCAVO S.A.;Não-liderança;277;1000;86
03.378.521/0001-75;2024-12-31;6;141833;LIGHT S.A. - EM RECUPERAÇÃO JUDICIAL;Liderança;2;132;28
03.378.521/0001-75;2024-12-31;6;141833;LIGHT S.A. - EM RECUPERAÇÃO JUDICIAL;Não-liderança;756;3067;554
03.467.321/0001-99;2024-12-31;2;141824;ENERGISA MATO GROSSO-DISTRIBUIDORA DE ENERGIA S/A;Liderança;15;117;10
03.467.321/0001-99;2024-12-31;2;141824;ENERGISA MATO GROSSO-DISTRIBUIDORA DE ENERGIA S/A;Não-liderança;579;1680;103
03.758.318/0001-24;2024-12-31;3;139526;INVESTIMENTOS E PARTICIP. EM INFRA S.A. - INVEPAR;Liderança;2;157;33
03.758.318/0001-24;2024-12-31;3;139526;INVESTIMENTOS E PARTICIP. EM INFRA S.A. - INVEPAR;Não-liderança;545;1282;199
03.795.050/0001-09;2024-12-31;1;137713;TERMOPERNAMBUCO S.A.;Liderança;0;8;2
03.795.050/0001-09;2024-12-31;1;137713;TERMOPERNAMBUCO S.A.;Não-liderança;6;46;3
03.802.115/0001-98;2024-12-31;3;141996;CLEAR SALE S.A.;Liderança;28;254;9
03.802.115/0001-98;2024-12-31;3;141996;CLEAR SALE S.A.;Não-liderança;803;1002;37
03.847.461/0001-92;2024-12-31;5;141860;BRADESPAR S.A.;Liderança;0;0;0
03.847.461/0001-92;2024-12-31;5;141860;BRADESPAR S.A.;Não-liderança;0;0;0
03.853.896/0001-40;2024-12-31;6;142136;MARFRIG GLOBAL FOODS S.A.;Liderança;278;1643;747
03.853.896/0001-40;2024-12-31;6;142136;MARFRIG GLOBAL FOODS S.A.;Não-liderança;10175;14700;5368
03.953.509/0001-47;2024-12-31;3;141760;CPFL GERACAO DE ENERGIA S.A.;Liderança;1;105;26
03.953.509/0001-47;2024-12-31;3;141760;CPFL GERACAO DE ENERGIA S.A.;Não-liderança;104;434;48
03.983.431/0001-03;2024-12-31;2;140468;EDP - ENERGIAS DO BRASIL S.A.;Liderança;0;0;0
03.983.431/0001-03;2024-12-31;2;140468;EDP - ENERGIAS DO BRASIL S.A.;Não-liderança;0;0;0
04.030.182/0001-02;2024-12-31;1;138590;CABINDA PARTICIPACOES S.A.;Liderança;0;0;0
04.030.182/0001-02;2024-12-31;1;138590;CABINDA PARTICIPACOES S.A.;Não-liderança;0;0;0
04.031.213/0001-31;2024-12-31;1;138591;CACONDE PARTICIPACOES S.A.;Liderança;0;0;0
04.031.213/0001-31;2024-12-31;1;138591;CACONDE PARTICIPACOES S.A.;Não-liderança;0;0;0
04.032.433/0001-80;2024-12-31;2;139747;ATMA PARTICIPAÇÕES S.A. - EM RECUPERAÇÃO JUDICIAL;Liderança;132;320;45
04.032.433/0001-80;2024-12-31;2;139747;ATMA PARTICIPAÇÕES S.A. - EM RECUPERAÇÃO JUDICIAL;Não-liderança;4441;3593;576
04.038.763/0001-82;2024-12-31;1;138593;CAIANDA PARTICIPACOES S.A.;Liderança;0;0;0
04.038.763/0001-82;2024-12-31;1;138593;CAIANDA PARTICIPACOES S.A.;Não-liderança;0;0;0
04.065.053/0001-41;2024-12-31;2;140256;BRZ EMPREENDIMENTOS E CONSTRUÇÕES S.A.;Liderança;3;92;7
04.065.053/0001-41;2024-12-31;2;140256;BRZ EMPREENDIMENTOS E CONSTRUÇÕES S.A.;Não-liderança;226;561;20
04.069.709/0001-02;2024-12-31;2;139006;BIONEXO S.A.;Liderança;8;50;8
04.069.709/0001-02;2024-12-31;2;139006;BIONEXO S.A.;Não-liderança;133;251;16
04.149.454/0001-80;2024-12-31;2;139025;ECORODOVIAS INFRAESTRUTURA E LOGÍSTICA S.A.;Liderança;12;311;42
04.149.454/0001-80;2024-12-31;2;139025;ECORODOVIAS INFRAESTRUTURA E LOGÍSTICA S.A.;Não-liderança;1553;3012;520
04.172.213/0001-51;2024-12-31;3;141685;CIA PIRATININGA DE FORCA E LUZ;Liderança;4;84;24
04.172.213/0001-51;2024-12-31;3;141685;CIA PIRATININGA DE FORCA E LUZ;Não-liderança;278;961;128
04.212.396/0001-91;2024-12-31;4;141992;AGASUS S.A.;Liderança;34;137;5
04.212.396/0001-91;2024-12-31;4;141992;AGASUS S.A.;Não-liderança;226;287;13
04.368.898/0001-06;2024-12-31;7;142071;COPEL DISTRIBUIÇÃO S.A.;Liderança;1;188;53
04.368.898/0001-06;2024-12-31;7;142071;COPEL DISTRIBUIÇÃO S.A.;Não-liderança;9;2823;1129
04.423.567/0001-21;2024-12-31;6;142149;ENEVA S.A;Liderança;5;254;46
04.423.567/0001-21;2024-12-31;6;142149;ENEVA S.A;Não-liderança;230;910;106
04.752.991/0001-10;2024-12-31;2;139288;BIOMM S.A.;Liderança;0;29;8
04.752.991/0001-10;2024-12-31;2;139288;BIOMM S.A.;Não-liderança;20;73;18
04.821.041/0001-08;2024-12-31;2;139576;METALFRIO SOLUTIONS S.A.;Liderança;32;64;23
04.821.041/0001-08;2024-12-31;2;139576;METALFRIO SOLUTIONS S.A.;Não-liderança;429;465;153
04.895.728/0001-80;2024-12-31;4;141930;EQUATORIAL PARÁ DISTRIBUIDORA DE ENERGIA S.A.;Liderança;10;109;16
04.895.728/0001-80;2024-12-31;4;141930;EQUATORIAL PARÁ DISTRIBUIDORA DE ENERGIA S.A.;Não-liderança;189;750;236
04.902.979/0001-44;2024-12-31;4;141716;BCO AMAZONIA S.A.;Liderança;10;426;160
04.902.979/0001-44;2024-12-31;4;141716;BCO AMAZONIA S.A.;Não-liderança;155;1099;985
04.912.242/0001-02;2024-12-31;1;137786;PORTUENSE FERRAGENS S/A;Liderança;0;3;0
04.912.242/0001-02;2024-12-31;1;137786;PORTUENSE FERRAGENS S/A;Não-liderança;0;8;0
04.913.711/0001-08;2024-12-31;3;141268;BCO ESTADO DO PARA S.A.;Liderança;52;614;135
04.913.711/0001-08;2024-12-31;3;141268;BCO ESTADO DO PARA S.A.;Não-liderança;110;1191;479
04.972.092/0001-22;2024-12-31;2;141601;GRUPO FARTURA DE HORTIFRUT S.A.;Liderança;139;452;54
04.972.092/0001-22;2024-12-31;2;141601;GRUPO FARTURA DE HORTIFRUT S.A.;Não-liderança;4055;3033;551
04.986.320/0001-13;2024-12-31;9;141699;SER EDUCACIONAL S.A.;Liderança;216;829;148
04.986.320/0001-13;2024-12-31;9;141699;SER EDUCACIONAL S.A.;Não-liderança;1942;3906;721
04.992.714/0001-84;2024-12-31;6;141723;NOVA TRANSPORTADORA DO SUDESTE S.A. - NTS;Liderança;0;41;6
04.992.714/0001-84;2024-12-31;6;141723;NOVA TRANSPORTADORA DO SUDESTE S.A. - NTS;Não-liderança;27;174;15
05.197.443/0001-38;2024-12-31;5;141626;HAPVIDA PARTICIPAÇÕES E INVESTIMENTOS S.A.;Liderança;549;2946;415
05.197.443/0001-38;2024-12-31;5;141626;HAPVIDA PARTICIPAÇÕES E INVESTIMENTOS S.A.;Não-liderança;23416;36558;6306
05.347.060/0001-07;2024-12-31;2;138730;INTERPLAYERS SOLUÇÕES INTEGRADAS S.A.;Liderança;23;143;17
05.347.060/0001-07;2024-12-31;2;138730;INTERPLAYERS SOLUÇÕES INTEGRADAS S.A.;Não-liderança;378;425;41
05.878.397/0001-32;2024-12-31;6;141918;ALLOS S.A.;Liderança;27;277;50
05.878.397/0001-32;2024-12-31;6;141918;ALLOS S.A.;Não-liderança;688;1354;213
05.917.486/0001-40;2024-12-31;2;141650;LIVETECH DA BAHIA INDÚSTRIA E COMÉRCIO S.A.;Liderança;6;32;4
05.917.486/0001-40;2024-12-31;2;141650;LIVETECH DA BAHIA INDÚSTRIA E COMÉRCIO S.A.;Não-liderança;79;145;11
06.047.087/0001-39;2024-12-31;6;142126;REDE D'OR SÃO LUIZ S.A.;Liderança;2;217;87
06.047.087/0001-39;2024-12-31;6;142126;REDE D'OR SÃO LUIZ S.A.;Não-liderança;18248;45036;8260
06.057.223/0001-71;2024-12-31;10;141979;SENDAS DISTRIBUIDORA S.A.;Liderança;1375;5593;596
06.057.223/0001-71;2024-12-31;10;141979;SENDAS DISTRIBUIDORA S.A.;Não-liderança;31529;35110;6174
06.164.253/0001-87;2024-12-31;8;142138;GOL LINHAS AEREAS INTELIGENTES S.A.;Liderança;17;389;50
06.164.253/0001-87;2024-12-31;8;142138;GOL LINHAS AEREAS INTELIGENTES S.A.;Não-liderança;2932;9101;1822
06.272.793/0001-84;2024-12-31;9;142010;EQUATORIAL MARANHÃO DISTRIBUIDORA DE ENERGIA S.A.;Liderança;4;177;28
06.272.793/0001-84;2024-12-31;9;142010;EQUATORIAL MARANHÃO DISTRIBUIDORA DE ENERGIA S.A.;Não-liderança;199;975;116
06.626.253/0001-51;2024-12-31;4;141765;EMPREENDIMENTOS PAGUE MENOS S.A.;Liderança;399;2011;100
06.626.253/0001-51;2024-12-31;4;141765;EMPREENDIMENTOS PAGUE MENOS S.A.;Não-liderança;8771;12949;1400
06.981.176/0001-58;2024-12-31;2;138774;CEMIG GERACAO E TRANSMISSAO S.A.;Liderança;0;0;0
06.981.176/0001-58;2024-12-31;2;138774;CEMIG GERACAO E TRANSMISSAO S.A.;Não-liderança;0;0;0
06.981.180/0001-16;2024-12-31;7;141959;CEMIG DISTRIBUICAO S.A.;Liderança;0;0;0
06.981.180/0001-16;2024-12-31;7;141959;CEMIG DISTRIBUICAO S.A.;Não-liderança;0;0;0
06.981.381/0001-13;2024-03-31;11;141302;CTC - CENTRO DE TECNOLOGIA CANAVIEIRA S.A.;Liderança;1;70;12
06.981.381/0001-13;2024-03-31;11;141302;CTC - CENTRO DE TECNOLOGIA CANAVIEIRA S.A.;Não-liderança;100;236;51
07.040.108/0001-57;2024-12-31;3;139580;CAGECE - CIA DE AGUA E ESGOTO DO CEARA;Liderança;3;63;350
07.040.108/0001-57;2024-12-31;3;139580;CAGECE - CIA DE AGUA E ESGOTO DO CEARA;Não-liderança;4;402;340
07.043.628/0001-13;2024-12-31;2;139220;CLARO TELECOM PARTICIPAÇÕES S.A.;Liderança;0;0;1
07.043.628/0001-13;2024-12-31;2;139220;CLARO TELECOM PARTICIPAÇÕES S.A.;Não-liderança;0;0;1
07.047.251/0001-70;2024-12-31;7;141507;CIA ENERGETICA DO CEARA - COELCE;Liderança;4;81;17
07.047.251/0001-70;2024-12-31;7;141507;CIA ENERGETICA DO CEARA - COELCE;Não-liderança;142;1048;186
07.206.816/0001-15;2024-12-31;2;141531;M.DIAS BRANCO S.A. IND COM DE ALIMENTOS;Liderança;106;1220;186
07.206.816/0001-15;2024-12-31;2;141531;M.DIAS BRANCO S.A. IND COM DE ALIMENTOS;Não-liderança;3694;9875;1599
07.237.373/0001-20;2024-12-31;8;141801;BCO NORDESTE DO BRASIL S.A.;Liderança;42;2084;699
07.237.373/0001-20;2024-12-31;8;141801;BCO NORDESTE DO BRASIL S.A.;Não-liderança;165;2448;1241
07.253.321/0001-47;2024-12-31;1;138042;CARBOMIL SA MINER. E INDUSTRIA;Liderança;0;0;4
07.253.321/0001-47;2024-12-31;1;138042;CARBOMIL SA MINER. E INDUSTRIA;Não-liderança;0;10;0
07.275.159/0001-68;2024-12-31;1;137398;PETROLEO LUB DO NORDESTE SA;Liderança;0;1;0
07.275.159/0001-68;2024-12-31;1;137398;PETROLEO LUB DO NORDESTE SA;Não-liderança;0;1;0
07.334.600/0001-35;2024-12-31;1;137748;MARINA DE IRACEMA PARK SA;Liderança;0;0;2
07.334.600/0001-35;2024-12-31;1;137748;MARINA DE IRACEMA PARK SA;Não-liderança;50;132;20
07.415.333/0001-20;2024-12-31;2;139545;SIMPAR S.A.;Liderança;371;2073;321
07.415.333/0001-20;2024-12-31;2;139545;SIMPAR S.A.;Não-liderança;13294;21768;5039
07.526.557/0001-00;2024-12-31;2;141587;AMBEV S.A.;Liderança;2184;4085;279
07.526.557/0001-00;2024-12-31;2;141587;AMBEV S.A.;Não-liderança;5444;11450;1581
07.594.978/0001-78;2024-12-31;3;140811;SMARTFIT ESCOLA DE GINÁSTICA E DANÇA S.A.;Liderança;128;595;13
07.594.978/0001-78;2024-12-31;3;140811;SMARTFIT ESCOLA DE GINÁSTICA E DANÇA S.A.;Não-liderança;3530;3931;141
07.628.528/0001-59;2024-06-30;5;141689;BRASILAGRO - CIA BRAS DE PROP AGRICOLAS;Liderança;1;46;10
07.628.528/0001-59;2024-06-30;5;141689;BRASILAGRO - CIA BRAS DE PROP AGRICOLAS;Não-liderança;46;62;1
07.689.002/0001-89;2024-12-31;5;142133;EMBRAER S.A.;Liderança;7;714;270
07.689.002/0001-89;2024-12-31;5;142133;EMBRAER S.A.;Não-liderança;3297;11742;2542
07.704.246/0001-93;2024-12-31;1;138537;DATORA PARTICIPAÇÕES E SERVIÇOS S.A.;Liderança;5;67;10
07.704.246/0001-93;2024-12-31;1;138537;DATORA PARTICIPAÇÕES E SERVIÇOS S.A.;Não-liderança;69;112;14
07.714.104/0001-07;2024-12-31;7;141457;GIGA MAIS FIBRA TELECOMUNICAÇÕES S.A.;Liderança;40;334;38
07.714.104/0001-07;2024-12-31;7;141457;GIGA MAIS FIBRA TELECOMUNICAÇÕES S.A.;Não-liderança;2385;2104;139
07.816.890/0001-53;2024-12-31;5;141974;MULTIPLAN - EMPREEND IMOBILIARIOS S.A.;Liderança;0;33;16
07.816.890/0001-53;2024-12-31;5;141974;MULTIPLAN - EMPREEND IMOBILIARIOS S.A.;Não-liderança;82;208;36
07.820.907/0001-46;2024-12-31;4;139445;FICA EMPREENDIMENTOS IMOBILIÁRIOS S.A.;Liderança;2;0;0
07.820.907/0001-46;2024-12-31;4;139445;FICA EMPREENDIMENTOS IMOBILIÁRIOS S.A.;Não-liderança;1;0;0
07.857.093/0001-14;2024-12-31;5;141589;AURA MINERALS INC.;Liderança;5;235;25
07.857.093/0001-14;2024-12-31;5;141589;AURA MINERALS INC.;Não-liderança;284;623;86
07.857.850/0001-50;2024-12-31;4;139390;GP INVESTMENTS, LTD.;Liderança;0;7;3
07.857.850/0001-50;2024-12-31;4;139390;GP INVESTMENTS, LTD.;Não-liderança;15;9;2
07.859.971/0001-30;2024-12-31;6;141952;TRANSMISSORA ALIANÇA DE ENERGIA ELÉTRICA S.A.;Liderança;0;68;22
07.859.971/0001-30;2024-12-31;6;141952;TRANSMISSORA ALIANÇA DE ENERGIA ELÉTRICA S.A.;Não-liderança;126;566;69
07.882.930/0001-65;2024-12-31;1;138111;MITRE REALTY EMPREENDIMENTOS E PARTICIPAÇÕES S.A.;Liderança;5;59;3
07.882.930/0001-65;2024-12-31;1;138111;MITRE REALTY EMPREENDIMENTOS E PARTICIPAÇÕES S.A.;Não-liderança;161;243;71
07.976.147/0001-60;2024-12-31;6;141890;MOVIDA LOCAÇÃO DE VEÍCULOS S.A.;Liderança;108;478;32
07.976.147/0001-60;2024-12-31;6;141890;MOVIDA LOCAÇÃO DE VEÍCULOS S.A.;Não-liderança;2140;2221;267
08.065.557/0001-12;2024-12-31;8;142032;TECNISA S.A.;Liderança;0;35;7
08.065.557/0001-12;2024-12-31;8;142032;TECNISA S.A.;Não-liderança;90;260;68
08.078.847/0001-09;2024-12-31;2;139086;LPS BRASIL - CONSULTORIA DE IMOVEIS S.A.;Liderança;2;64;25
08.078.847/0001-09;2024-12-31;2;139086;LPS BRASIL - CONSULTORIA DE IMOVEIS S.A.;Não-liderança;111;133;22
08.159.965/0001-33;2024-12-31;5;141762;IGUA SANEAMENTO S.A.;Liderança;50;274;19
08.159.965/0001-33;2024-12-31;5;141762;IGUA SANEAMENTO S.A.;Não-liderança;638;1388;143
08.170.849/0001-15;2024-12-31;9;142021;DESKTOP S.A.;Liderança;100;354;33
08.170.849/0001-15;2024-12-31;9;142021;DESKTOP S.A.;Não-liderança;2121;1291;105
08.262.121/0001-13;2024-12-31;3;139558;ALUBAR METAIS E CABOS S.A.;Liderança;2;42;11
08.262.121/0001-13;2024-12-31;3;139558;ALUBAR METAIS E CABOS S.A.;Não-liderança;230;501;47
08.294.224/0001-65;2024-12-31;3;140566;JHSF PARTICIPACOES S.A.;Liderança;39;271;45
08.294.224/0001-65;2024-12-31;3;140566;JHSF PARTICIPACOES S.A.;Não-liderança;834;1232;283
08.312.229/0001-73;2024-12-31;5;141140;EZ TEC EMPREEND. E PARTICIPACOES S.A.;Liderança;1;42;3
08.312.229/0001-73;2024-12-31;5;141140;EZ TEC EMPREEND. E PARTICIPACOES S.A.;Não-liderança;206;463;162
08.322.396/0001-03;2024-03-31;4;139076;CERRADINHO BIOENERGIA S.A.;Liderança;1;47;7
08.322.396/0001-03;2024-03-31;4;139076;CERRADINHO BIOENERGIA S.A.;Não-liderança;398;1234;146
08.324.196/0001-81;2024-12-31;6;141947;CIA ENERGETICA DO RIO GDE NORTE - COSERN;Liderança;6;63;14
08.324.196/0001-81;2024-12-31;6;141947;CIA ENERGETICA DO RIO GDE NORTE - COSERN;Não-liderança;212;702;64
08.343.492/0001-20;2024-12-31;6;141617;MRV ENGENHARIA E PARTICIPACOES S.A.;Liderança;231;1182;83
08.343.492/0001-20;2024-12-31;6;141617;MRV ENGENHARIA E PARTICIPACOES S.A.;Não-liderança;4731;9014;2567
08.364.948/0001-38;2024-12-31;6;141683;ALUPAR INVESTIMENTO S/A;Liderança;1;12;1
08.364.948/0001-38;2024-12-31;6;141683;ALUPAR INVESTIMENTO S/A;Não-liderança;7;30;1
08.397.078/0001-01;2024-12-31;2;139376;GSH CORP PARTICIPAÇÕES S.A.;Liderança;36;162;10
08.397.078/0001-01;2024-12-31;2;139376;GSH CORP PARTICIPAÇÕES S.A.;Não-liderança;500;962;94
08.402.943/0001-52;2024-12-31;1;138089;GUARARAPES CONFECCOES S.A.;Liderança;316;1431;77
08.402.943/0001-52;2024-12-31;1;138089;GUARARAPES CONFECCOES S.A.;Não-liderança;13980;11561;882
08.424.178/0001-71;2024-12-31;1;137890;TECBLU TECELAGEM BLUMENAU S.A.;Liderança;0;0;1
08.424.178/0001-71;2024-12-31;1;137890;TECBLU TECELAGEM BLUMENAU S.A.;Não-liderança;0;0;1
08.439.659/0001-50;2024-12-31;5;141238;CPFL ENERGIAS RENOVÁVEIS S.A.;Liderança;1;90;18
08.439.659/0001-50;2024-12-31;5;141238;CPFL ENERGIAS RENOVÁVEIS S.A.;Não-liderança;90;377;43
08.467.115/0001-00;2024-12-31;5;141923;CIA ESTADUAL DE DISTRIB ENER ELET-CEEE-D;Liderança;0;61;7
08.467.115/0001-00;2024-12-31;5;141923;CIA ESTADUAL DE DISTRIB ENER ELET-CEEE-D;Não-liderança;69;555;154
08.560.444/0001-93;2024-12-31;1;137654;CIA CELG DE PARTICIPACOES - CELGPAR;Liderança;2;12;4
08.560.444/0001-93;2024-12-31;1;137654;CIA CELG DE PARTICIPACOES - CELGPAR;Não-liderança;12;58;24
08.574.411/0001-00;2024-12-31;2;139904;PRÁTICA PRODUTOS S.A.;Liderança;8;62;15
08.574.411/0001-00;2024-12-31;2;139904;PRÁTICA PRODUTOS S.A.;Não-liderança;216;275;22
08.764.621/0001-53;2024-12-31;2;141273;GENERAL SHOPPING E OUTLETS DO BRASIL BRASIL S.A.;Liderança;0;7;9
08.764.621/0001-53;2024-12-31;2;141273;GENERAL SHOPPING E OUTLETS DO BRASIL BRASIL S.A.;Não-liderança;24;40;3
08.773.135/0001-00;2024-12-31;5;142093;2W ECOBANK S.A.;Liderança;2;20;3
08.773.135/0001-00;2024-12-31;5;142093;2W ECOBANK S.A.;Não-liderança;36;77;3
08.773.191/0001-36;2024-12-31;1;138411;BRASILIANA PARTICIPAÇÕES S/A;Liderança;0;1;0
08.773.191/0001-36;2024-12-31;1;138411;BRASILIANA PARTICIPAÇÕES S/A;Não-liderança;0;1;0
08.795.211/0001-70;2024-12-31;4;141995;MAESTRO LOCADORA DE VEICULOS S.A.;Liderança;2;13;4
08.795.211/0001-70;2024-12-31;4;141995;MAESTRO LOCADORA DE VEICULOS S.A.;Não-liderança;21;39;7
08.797.760/0001-83;2024-12-31;6;141449;CURY CONSTRUTORA E INCORPORADORA S.A.;Liderança;23;176;33
08.797.760/0001-83;2024-12-31;6;141449;CURY CONSTRUTORA E INCORPORADORA S.A.;Não-liderança;834;1186;301
08.801.621/0001-86;2024-12-31;10;142152;SYN PROP & TECH S.A.;Liderança;8;79;7
08.801.621/0001-86;2024-12-31;10;142152;SYN PROP & TECH S.A.;Não-liderança;97;136;20
08.807.432/0001-10;2024-12-31;3;141766;YDUQS PARTICIPACOES S.A.;Liderança;141;1132;191
08.807.432/0001-10;2024-12-31;3;141766;YDUQS PARTICIPACOES S.A.;Não-liderança;3053;9439;3216
08.811.643/0001-27;2024-12-31;4;141390;TRISUL S.A.;Liderança;6;69;25
08.811.643/0001-27;2024-12-31;4;141390;TRISUL S.A.;Não-liderança;100;140;32
08.902.291/0001-15;2024-12-31;4;141455;CSN MINERAÇÃO S.A.;Liderança;13;252;65
08.902.291/0001-15;2024-12-31;4;141455;CSN MINERAÇÃO S.A.;Não-liderança;2523;4329;836
08.935.054/0001-50;2024-12-31;2;141534;MULTINER S/A;Liderança;0;6;8
08.935.054/0001-50;2024-12-31;2;141534;MULTINER S/A;Não-liderança;2;4;0
09.041.168/0001-10;2024-12-31;7;141993;LOG COMMERCIAL PROPERTIES E PARTICIPAÇÕES;Liderança;6;62;10
09.041.168/0001-10;2024-12-31;7;141993;LOG COMMERCIAL PROPERTIES E PARTICIPAÇÕES;Não-liderança;207;391;138
09.042.817/0001-05;2024-12-31;6;141829;BEMOBI MOBILE TECH S.A.;Liderança;17;136;10
09.042.817/0001-05;2024-12-31;6;141829;BEMOBI MOBILE TECH S.A.;Não-liderança;292;388;26
09.053.134/0001-45;2024-12-31;2;141379;ELFA MEDICAMENTOS S.A.;Liderança;13;225;35
09.053.134/0001-45;2024-12-31;2;141379;ELFA MEDICAMENTOS S.A.;Não-liderança;831;1319;141
09.054.385/0001-44;2024-12-31;1;138861;INBRANDS S.A.;Liderança;21;209;30
09.054.385/0001-44;2024-12-31;1;138861;INBRANDS S.A.;Não-liderança;647;785;175
09.074.183/0001-64;2024-12-31;1;138781;TRANSBRASILIANA CONCESSIONÁRIA DE RODOVIA S.A;Liderança;1;25;3
09.074.183/0001-64;2024-12-31;1;138781;TRANSBRASILIANA CONCESSIONÁRIA DE RODOVIA S.A;Não-liderança;93;205;59
09.112.685/0001-32;2024-12-31;2;138958;OSX BRASIL S.A. - EM RECUPERAÇÃO JUDICIAL;Liderança;0;2;0
09.112.685/0001-32;2024-12-31;2;138958;OSX BRASIL S.A. - EM RECUPERAÇÃO JUDICIAL;Não-liderança;1;4;0
09.114.805/0001-30;2024-12-31;3;140413;OCEANPACT SERVIÇOS MARITIMOS S.A.;Liderança;95;343;112
09.114.805/0001-30;2024-12-31;3;140413;OCEANPACT SERVIÇOS MARITIMOS S.A.;Não-liderança;263;959;138
09.146.451/0001-06;2024-12-31;4;141532;KALLAS INCORPORAÇÕES E CONSTRUÇÕES S.A.;Liderança;0;3;0
09.146.451/0001-06;2024-12-31;4;141532;KALLAS INCORPORAÇÕES E CONSTRUÇÕES S.A.;Não-liderança;344;607;155
09.229.201/0001-30;2024-12-31;2;142001;GPS PARTICIPAÇÕES E EMPREENDIMENTOS S.A.;Liderança;108;1573;299
09.229.201/0001-30;2024-12-31;2;142001;GPS PARTICIPAÇÕES E EMPREENDIMENTOS S.A.;Não-liderança;35361;84270;25119
09.257.877/0001-37;2024-12-31;2;140569;FERROVIA NORTE SUL S/A;Liderança;2;33;1
09.257.877/0001-37;2024-12-31;2;140569;FERROVIA NORTE SUL S/A;Não-liderança;170;508;32
09.267.996/0001-70;2024-12-31;2;139356;YUNY INCORPORADORA HOLDING S.A.;Liderança;0;28;2
09.267.996/0001-70;2024-12-31;2;139356;YUNY INCORPORADORA HOLDING S.A.;Não-liderança;15;23;2
09.288.252/0001-32;2024-12-31;5;141714;ANIMA HOLDING S.A.;Liderança;125;926;149
09.288.252/0001-32;2024-12-31;5;141714;ANIMA HOLDING S.A.;Não-liderança;3111;8801;2641
09.295.063/0001-97;2024-12-31;4;141361;TECHNOS S.A.;Liderança;2;45;8
09.295.063/0001-97;2024-12-31;4;141361;TECHNOS S.A.;Não-liderança;184;308;76
09.305.994/0001-29;2024-12-31;6;141662;AZUL S.A.;Liderança;200;2665;578
09.305.994/0001-29;2024-12-31;6;141662;AZUL S.A.;Não-liderança;4072;7773;722
09.346.601/0001-25;2024-12-31;6;141975;B3 S.A. - BRASIL, BOLSA, BALCÃO;Liderança;7;456;57
09.346.601/0001-25;2024-12-31;6;141975;B3 S.A. - BRASIL, BOLSA, BALCÃO;Não-liderança;841;1278;118
09.347.516/0001-81;2024-12-31;3;141673;ELETROMIDIA S.A.;Liderança;7;117;12
09.347.516/0001-81;2024-12-31;3;141673;ELETROMIDIA S.A.;Não-liderança;202;455;40
09.414.761/0001-64;2024-12-31;3;141468;K-INFRA RODOVIA DO AÇO S.A.;Liderança;2;28;2
09.414.761/0001-64;2024-12-31;3;141468;K-INFRA RODOVIA DO AÇO S.A.;Não-liderança;113;222;41
09.527.023/0001-23;2024-12-31;2;139424;ENVIRONMENTAL ESG PARTICIPAÇÕES S.A.;Liderança;384;513;85
09.527.023/0001-23;2024-12-31;2;139424;ENVIRONMENTAL ESG PARTICIPAÇÕES S.A.;Não-liderança;3089;4122;683
09.538.973/0001-53;2024-12-31;3;141901;PDG COMPANHIA SECURITIZADORA;Liderança;0;0;0
09.538.973/0001-53;2024-12-31;3;141901;PDG COMPANHIA SECURITIZADORA;Não-liderança;0;0;0
09.611.768/0001-76;2024-12-31;4;139312;INC EMPREENDIMENTOS IMOBILIÁRIOS S.A.;Liderança;8;21;5
09.611.768/0001-76;2024-12-31;4;139312;INC EMPREENDIMENTOS IMOBILIÁRIOS S.A.;Não-liderança;301;393;95
09.813.204/0001-16;2024-12-31;1;138763;W2W E-COMMERCE DE VINHOS S.A.;Liderança;7;72;2
09.813.204/0001-16;2024-12-31;1;138763;W2W E-COMMERCE DE VINHOS S.A.;Não-liderança;218;166;10
10.139.870/0001-08;2024-12-31;6;141742;NEOGRID PARTICIPAÇÕES S.A.;Liderança;21;138;7
10.139.870/0001-08;2024-12-31;6;141742;NEOGRID PARTICIPAÇÕES S.A.;Não-liderança;316;408;21
10.285.590/0001-08;2024-12-31;1;138827;GRUPO DE MODA SOMA S.A.;Liderança;183;970;58
10.285.590/0001-08;2024-12-31;1;138827;GRUPO DE MODA SOMA S.A.;Não-liderança;6470;4677;923
10.324.624/0001-18;2024-12-31;2;138909;CONCESSÃO METROVIÁRIA DO RIO DE JANEIRO S.A.;Liderança;2;150;16
10.324.624/0001-18;2024-12-31;2;138909;CONCESSÃO METROVIÁRIA DO RIO DE JANEIRO S.A.;Não-liderança;314;1431;243
10.338.320/0001-00;2024-12-31;1;137716;AFLUENTE TRANSMISSÃO DE ENERGIA ELÉTRICA S/A;Liderança;0;2;0
10.338.320/0001-00;2024-12-31;1;137716;AFLUENTE TRANSMISSÃO DE ENERGIA ELÉTRICA S/A;Não-liderança;1;2;0
10.488.244/0001-19;2024-12-31;1;138293;INFRASEC SECURITIZADORA S.A.;Liderança;0;0;1
10.488.244/0001-19;2024-12-31;1;138293;INFRASEC SECURITIZADORA S.A.;Não-liderança;0;0;1
10.502.676/0001-37;2024-12-31;3;141444;TERMELÉTRICA PERNAMBUCO III S.A.;Liderança;0;7;5
10.502.676/0001-37;2024-12-31;3;141444;TERMELÉTRICA PERNAMBUCO III S.A.;Não-liderança;3;24;3
10.571.175/0001-02;2024-12-31;3;140587;URBA DESENVOLVIMENTO URBANO S.A.;Liderança;3;50;6
10.571.175/0001-02;2024-12-31;3;140587;URBA DESENVOLVIMENTO URBANO S.A.;Não-liderança;73;99;33
10.629.105/0001-68;2024-12-31;2;139065;PRIO S.A.;Liderança;5;123;17
10.629.105/0001-68;2024-12-31;2;139065;PRIO S.A.;Não-liderança;102;435;60
10.635.691/0001-53;2024-12-31;2;138986;VIARONDON CONCESSIONÁRIA DE RODOVIA S.A.;Liderança;19;66;6
10.635.691/0001-53;2024-12-31;2;138986;VIARONDON CONCESSIONÁRIA DE RODOVIA S.A.;Não-liderança;229;282;79
10.739.356/0001-03;2024-12-31;3;141965;BR ADVISORY PARTNERS PARTICIPAÇÕES S.A.;Liderança;2;40;15
10.739.356/0001-03;2024-12-31;3;141965;BR ADVISORY PARTNERS PARTICIPAÇÕES S.A.;Não-liderança;74;25;2
10.760.260/0001-19;2024-12-31;8;141733;CVC BRASIL OPERADORA E AGÊNCIA DE VIAGENS S.A.;Liderança;8;280;32
10.760.260/0001-19;2024-12-31;8;141733;CVC BRASIL OPERADORA E AGÊNCIA DE VIAGENS S.A.;Não-liderança;374;1334;100
10.807.374/0001-77;2024-12-31;6;141920;BOA SAFRA SEMENTES S.A.;Liderança;7;57;2
10.807.374/0001-77;2024-12-31;6;141920;BOA SAFRA SEMENTES S.A.;Não-liderança;290;263;27
10.835.932/0001-08;2024-12-31;1;137848;CIA ENERGETICA DE PERNAMBUCO - CELPE;Liderança;5;190;17
10.835.932/0001-08;2024-12-31;1;137848;CIA ENERGETICA DE PERNAMBUCO - CELPE;Não-liderança;683;2421;110
11.284.204/0001-18;2024-12-31;1;138527;YOU INC INCORPORADORA E PARTICIPAÇÃO S.A;Liderança;3;25;7
11.284.204/0001-18;2024-12-31;1;138527;YOU INC INCORPORADORA E PARTICIPAÇÃO S.A;Não-liderança;25;34;2
11.421.994/0001-36;2024-12-31;6;141758;ORIZON VALORIZAÇÃO DE RESÍDUOS S.A.;Liderança;14;169;49
11.421.994/0001-36;2024-12-31;6;141758;ORIZON VALORIZAÇÃO DE RESÍDUOS S.A.;Não-liderança;525;914;285
11.669.021/0001-10;2024-12-31;4;142083;ENAUTA PARTICIPAÇÕES S.A.;Liderança;0;39;26
11.669.021/0001-10;2024-12-31;4;142083;ENAUTA PARTICIPAÇÕES S.A.;Não-liderança;16;67;15
11.721.921/0001-60;2024-12-31;4;141141;ALPER CONSULTORIA E CORRETORA DE SEGUROS S.A.;Liderança;7;159;29
11.721.921/0001-60;2024-12-31;4;141141;ALPER CONSULTORIA E CORRETORA DE SEGUROS S.A.;Não-liderança;251;511;55
11.992.680/0001-93;2024-12-31;4;142044;QUALICORP CONSULTORIA E CORRETORA DE SEGUROS S.A.;Liderança;10;177;29
11.992.680/0001-93;2024-12-31;4;142044;QUALICORP CONSULTORIA E CORRETORA DE SEGUROS S.A.;Não-liderança;449;1022;89
12.049.631/0001-84;2024-12-31;4;139918;MOURA DUBEUX ENGENHARIA S/A;Liderança;10;120;15
12.049.631/0001-84;2024-12-31;4;139918;MOURA DUBEUX ENGENHARIA S/A;Não-liderança;964;3103;872
12.091.809/0001-55;2024-12-31;7;141817;3R PETROLEUM ÓLEO E GÁS S.A.;Liderança;7;116;71
12.091.809/0001-55;2024-12-31;7;141817;3R PETROLEUM ÓLEO E GÁS S.A.;Não-liderança;75;426;85
12.104.241/0004-02;2024-12-31;11;141882;ONCOCLÍNICAS DO BRASIL SERVIÇOS MÉDICOS S.A.;Liderança;45;580;62
12.104.241/0004-02;2024-12-31;11;141882;ONCOCLÍNICAS DO BRASIL SERVIÇOS MÉDICOS S.A.;Não-liderança;2481;4825;565
12.108.897/0001-50;2024-12-31;4;140378;D1000 VAREJO FARMA PARTICIPAÇÕES S.A.;Liderança;128;596;60
12.108.897/0001-50;2024-12-31;4;140378;D1000 VAREJO FARMA PARTICIPAÇÕES S.A.;Não-liderança;1543;1658;176
12.181.987/0001-77;2024-12-31;6;141712;MELNICK DESENVOLVIMENTO IMOBILIÁRIO S.A.;Liderança;1;93;17
12.181.987/0001-77;2024-12-31;6;141712;MELNICK DESENVOLVIMENTO IMOBILIÁRIO S.A.;Não-liderança;258;338;60
12.300.288/0001-07;2024-12-31;5;141513;NORTE ENERGIA S.A.;Liderança;0;8;15
12.300.288/0001-07;2024-12-31;5;141513;NORTE ENERGIA S.A.;Não-liderança;82;305;55
12.420.164/0001-57;2024-12-31;6;141967;CM HOSPITALAR S.A;Liderança;88;573;46
12.420.164/0001-57;2024-12-31;6;141967;CM HOSPITALAR S.A;Não-liderança;2296;3117;548
12.528.708/0001-07;2024-12-31;3;141667;AERIS IND. E COM. DE EQUIP. PARA GER. DE ENG. S.A.;Liderança;67;248;9
12.528.708/0001-07;2024-12-31;3;141667;AERIS IND. E COM. DE EQUIP. PARA GER. DE ENG. S.A.;Não-liderança;3171;2556;93
12.648.266/0001-24;2024-12-31;6;142019;AMBIPAR PARTICIPAÇÕES E EMPREENDIMENTOS S.A.;Liderança;800;1119;181
12.648.266/0001-24;2024-12-31;6;142019;AMBIPAR PARTICIPAÇÕES E EMPREENDIMENTOS S.A.;Não-liderança;4753;6650;1073
12.648.327/0001-53;2024-12-31;9;142156;HIDROVIAS DO BRASIL S.A.;Liderança;4;62;6
12.648.327/0001-53;2024-12-31;9;142156;HIDROVIAS DO BRASIL S.A.;Não-liderança;31;78;7
13.009.717/0001-46;2024-12-31;5;142035;BCO ESTADO DE SERGIPE S.A. - BANESE;Liderança;0;302;68
13.009.717/0001-46;2024-12-31;5;142035;BCO ESTADO DE SERGIPE S.A. - BANESE;Não-liderança;108;339;88
13.217.485/0001-11;2024-12-31;3;141452;GRUPO SBF S.A.;Liderança;258;773;11
13.217.485/0001-11;2024-12-31;3;141452;GRUPO SBF S.A.;Não-liderança;5342;2730;124
13.270.520/0001-66;2024-12-31;3;141688;KORA SAÚDE PARTICIPAÇÕES S.A.;Liderança;45;293;26
13.270.520/0001-66;2024-12-31;3;141688;KORA SAÚDE PARTICIPAÇÕES S.A.;Não-liderança;3463;5412;781
13.444.994/0001-87;2024-12-31;2;139037;MLOG S.A.;Liderança;15;71;50
13.444.994/0001-87;2024-12-31;2;139037;MLOG S.A.;Não-liderança;38;194;75
13.522.948/0001-59;2024-12-31;2;139860;SAFIRA HOLDING S.A.;Liderança;0;16;3
13.522.948/0001-59;2024-12-31;2;139860;SAFIRA HOLDING S.A.;Não-liderança;24;98;0
13.574.594/0001-96;2024-12-31;7;142143;ZAMP SA;Liderança;2391;771;54
13.574.594/0001-96;2024-12-31;7;142143;ZAMP SA;Não-liderança;12421;917;17
13.783.221/0004-78;2024-12-31;2;139757;MADERO INDÚSTRIA E COMÉRCIO S.A.;Liderança;1422;324;14
13.783.221/0004-78;2024-12-31;2;139757;MADERO INDÚSTRIA E COMÉRCIO S.A.;Não-liderança;4881;741;39
14.110.585/0001-07;2024-12-31;5;141806;MÉLIUZ S.A.;Liderança;22;48;1
14.110.585/0001-07;2024-12-31;5;141806;MÉLIUZ S.A.;Não-liderança;104;58;0
14.127.813/0001-51;2024-12-31;4;142094;GETNINJAS S.A.;Liderança;3;21;2
14.127.813/0001-51;2024-12-31;4;142094;GETNINJAS S.A.;Não-liderança;33;84;4
14.191.427/0001-29;2024-12-31;1;137779;GRANBIO INVESTIMENTOS S.A.;Liderança;0;5;2
14.191.427/0001-29;2024-12-31;1;137779;GRANBIO INVESTIMENTOS S.A.;Não-liderança;8;17;3
14.388.334/0001-99;2024-12-31;8;142132;PARANA BCO S.A.;Liderança;3;62;10
14.388.334/0001-99;2024-12-31;8;142132;PARANA BCO S.A.;Não-liderança;94;214;9
14.776.142/0001-50;2024-12-31;1;138697;WESTWING COMÉRCIO VAREJISTA S.A.;Liderança;22;60;7
14.776.142/0001-50;2024-12-31;1;138697;WESTWING COMÉRCIO VAREJISTA S.A.;Não-liderança;267;162;7
14.785.152/0001-51;2024-12-31;3;142095;HBR REALTY EMPREENDIMENTOS IMOBILIÁRIOS S.A.;Liderança;7;18;3
14.785.152/0001-51;2024-12-31;3;142095;HBR REALTY EMPREENDIMENTOS IMOBILIÁRIOS S.A.;Não-liderança;28;33;0
14.796.754/0001-04;2024-12-31;3;140776;ENGELHART CTP (BRASIL) S.A.;Liderança;0;0;0
14.796.754/0001-04;2024-12-31;3;140776;ENGELHART CTP (BRASIL) S.A.;Não-liderança;0;0;0
14.807.945/0001-24;2024-12-31;1;138712;SANSUY S.A. INDUSTRIA DE PLASTICOS;Liderança;0;14;39
14.807.945/0001-24;2024-12-31;1;138712;SANSUY S.A. INDUSTRIA DE PLASTICOS;Não-liderança;448;660;256
14.882.295/0001-81;2024-12-31;2;142130;CBO HOLDING S.A.;Liderança;74;480;130
14.882.295/0001-81;2024-12-31;2;142130;CBO HOLDING S.A.;Não-liderança;175;797;235
14.998.371/0001-19;2024-12-31;2;139436;J. MACEDO S.A.;Liderança;7;202;64
14.998.371/0001-19;2024-12-31;2;139436;J. MACEDO S.A.;Não-liderança;410;1462;490
15.073.274/0001-88;2024-12-31;1;138753;PPLA PARTICIPATIONS LTD.;Liderança;0;1;1
15.073.274/0001-88;2024-12-31;1;138753;PPLA PARTICIPATIONS LTD.;Não-liderança;0;0;1
15.115.504/0001-24;2024-12-31;1;138505;TRONOX PIGMENTOS DO BRASIL S.A.;Liderança;2;26;20
15.115.504/0001-24;2024-12-31;1;138505;TRONOX PIGMENTOS DO BRASIL S.A.;Não-liderança;54;147;93
15.139.629/0001-94;2024-12-31;2;138988;CIA ELETRICIDADE EST. DA BAHIA - COELBA;Liderança;14;272;40
15.139.629/0001-94;2024-12-31;2;138988;CIA ELETRICIDADE EST. DA BAHIA - COELBA;Não-liderança;930;3978;176
15.141.799/0001-03;2024-12-31;1;138639;CIA FERRO LIGAS DA BAHIA - FERBASA;Liderança;2;103;51
15.141.799/0001-03;2024-12-31;1;138639;CIA FERRO LIGAS DA BAHIA - FERBASA;Não-liderança;525;2029;488
16.233.389/0001-55;2024-12-31;4;141891;CVLB BRASIL S.A;Liderança;221;742;62
16.233.389/0001-55;2024-12-31;4;141891;CVLB BRASIL S.A;Não-liderança;1470;1924;215
16.234.171/0001-15;2024-12-31;5;142091;METANOR SA METANOL DO NE;Liderança;0;2;5
16.234.171/0001-15;2024-12-31;5;142091;METANOR SA METANOL DO NE;Não-liderança;1;28;34
16.404.287/0001-55;2024-12-31;3;141333;SUZANO S.A.;Liderança;80;1234;254
16.404.287/0001-55;2024-12-31;3;141333;SUZANO S.A.;Não-liderança;4482;12416;2441
16.590.234/0001-76;2024-12-31;15;142145;AZZAS 2154 S.A.;Liderança;132;643;57
16.590.234/0001-76;2024-12-31;15;142145;AZZAS 2154 S.A.;Não-liderança;3480;2709;551
16.614.075/0001-00;2024-12-31;2;139564;DIRECIONAL ENGENHARIA S.A.;Liderança;17;230;10
16.614.075/0001-00;2024-12-31;2;139564;DIRECIONAL ENGENHARIA S.A.;Não-liderança;2195;3835;1064
16.670.085/0001-55;2024-12-31;6;141976;LOCALIZA RENT A CAR S.A.;Liderança;137;1620;140
16.670.085/0001-55;2024-12-31;6;141976;LOCALIZA RENT A CAR S.A.;Não-liderança;6437;11204;1123
16.676.520/0001-59;2024-12-31;5;142146;HOSPITAL MATER DEI S.A.;Liderança;74;337;45
16.676.520/0001-59;2024-12-31;5;142146;HOSPITAL MATER DEI S.A.;Não-liderança;2925;5112;802
16.811.931/0001-00;2024-12-31;6;139891;ALPHAVILLE S.A.;Liderança;91;102;9
16.811.931/0001-00;2024-12-31;6;139891;ALPHAVILLE S.A.;Não-liderança;1;89;10
16.922.038/0001-51;2024-12-31;4;139861;ENJOEI S.A.;Liderança;12;78;1
16.922.038/0001-51;2024-12-31;4;139861;ENJOEI S.A.;Não-liderança;161;138;4
17.155.730/0001-64;2024-12-31;3;141300;CIA ENERGETICA DE MINAS GERAIS - CEMIG;Liderança;0;136;72
17.155.730/0001-64;2024-12-31;3;141300;CIA ENERGETICA DE MINAS GERAIS - CEMIG;Não-liderança;368;2912;1436
17.159.229/0001-76;2024-12-31;1;137952;LABORATÓRIO TEUTO BRASILEIRO S.A.;Liderança;3;163;30
17.159.229/0001-76;2024-12-31;1;137952;LABORATÓRIO TEUTO BRASILEIRO S.A.;Não-liderança;1374;1772;182
17.161.241/0001-15;2024-12-31;3;141526;MINASMAQUINAS S.A.;Liderança;3;28;14
17.161.241/0001-15;2024-12-31;3;141526;MINASMAQUINAS S.A.;Não-liderança;237;181;59
17.162.082/0001-73;2024-12-31;1;138104;MENDES JUNIOR ENGENHARIA S.A.;Liderança;0;0;3
17.162.082/0001-73;2024-12-31;1;138104;MENDES JUNIOR ENGENHARIA S.A.;Não-liderança;0;1;5
17.167.396/0001-69;2024-12-31;4;142108;ALFA HOLDINGS S.A.;Liderança;0;0;0
17.167.396/0001-69;2024-12-31;4;142108;ALFA HOLDINGS S.A.;Não-liderança;0;0;0
17.184.037/0001-10;2024-12-31;6;141592;BCO MERCANTIL DO BRASIL S.A.;Liderança;342;234;95
17.184.037/0001-10;2024-12-31;6;141592;BCO MERCANTIL DO BRASIL S.A.;Não-liderança;1477;713;144
17.245.234/0001-00;2024-12-31;4;141308;CIA FIACAO TECIDOS CEDRO CACHOEIRA;Liderança;3;128;45
17.245.234/0001-00;2024-12-31;4;141308;CIA FIACAO TECIDOS CEDRO CACHOEIRA;Não-liderança;1027;1692;472
17.281.106/0001-03;2024-12-31;7;142097;CIA SANEAMENTO DE MINAS GERAIS-COPASA MG;Liderança;13;732;540
17.281.106/0001-03;2024-12-31;7;142097;CIA SANEAMENTO DE MINAS GERAIS-COPASA MG;Não-liderança;272;5067;2918
17.314.329/0001-20;2024-12-31;5;141310;INTERNATIONAL MEAL COMPANY ALIMENTACAO S.A.;Liderança;99;274;20
17.314.329/0001-20;2024-12-31;5;141310;INTERNATIONAL MEAL COMPANY ALIMENTACAO S.A.;Não-liderança;4234;2589;501
17.344.597/0001-94;2024-12-31;5;142047;BB SEGURIDADE PARTICIPAÇÕES S.A.;Liderança;0;35;2
17.344.597/0001-94;2024-12-31;5;142047;BB SEGURIDADE PARTICIPAÇÕES S.A.;Não-liderança;4;136;10
17.359.233/0001-88;2024-12-31;1;137822;TECIDOS E ARMARINHOS MIGUEL BARTOLOMEU S.A.;Liderança;16;192;72
17.359.233/0001-88;2024-12-31;1;137822;TECIDOS E ARMARINHOS MIGUEL BARTOLOMEU S.A.;Não-liderança;944;1184;257
18.174.270/0001-84;2024-12-31;4;140341;DOTZ S.A.;Liderança;4;45;4
18.174.270/0001-84;2024-12-31;4;140341;DOTZ S.A.;Não-liderança;81;117;8
18.328.118/0001-09;2024-12-31;4;141803;PET CENTER COMÉRCIO E PARTICIPAÇÕES S.A.;Liderança;141;523;16
18.328.118/0001-09;2024-12-31;4;141803;PET CENTER COMÉRCIO E PARTICIPAÇÕES S.A.;Não-liderança;3913;2419;270
18.483.666/0001-03;2024-12-31;2;139849;HUMBERG AGRIBRASIL COMÉRCIO E EXPORTAÇÃO DE GRÃOS S.A.;Liderança;2;13;4
18.483.666/0001-03;2024-12-31;2;139849;HUMBERG AGRIBRASIL COMÉRCIO E EXPORTAÇÃO DE GRÃOS S.A.;Não-liderança;18;10;3
18.593.815/0001-97;2024-12-31;6;141938;PRINER SERVIÇOS INDUSTRIAIS S.A.;Liderança;22;396;94
18.593.815/0001-97;2024-12-31;6;141938;PRINER SERVIÇOS INDUSTRIAIS S.A.;Não-liderança;1388;3238;429
19.014.221/0001-47;2024-12-31;1;138393;CHINA THREE GORGES BRASIL ENERGIA S.A.;Liderança;1;117;30
19.014.221/0001-47;2024-12-31;1;138393;CHINA THREE GORGES BRASIL ENERGIA S.A.;Não-liderança;185;500;118
19.403.252/0001-90;2024-12-31;4;142135;EMCCAMP RESIDENCIAL S.A.;Liderança;17;146;33
19.403.252/0001-90;2024-12-31;4;142135;EMCCAMP RESIDENCIAL S.A.;Não-liderança;306;506;133
19.521.322/0001-04;2024-12-31;2;141016;CONCESSIONÁRIA ROTA DO OESTE S.A.;Liderança;6;50;6
19.521.322/0001-04;2024-12-31;2;141016;CONCESSIONÁRIA ROTA DO OESTE S.A.;Não-liderança;270;459;37
19.526.748/0001-50;2024-12-31;1;138597;CIA INDUSTRIAL CATAGUASES;Liderança;1;51;7
19.526.748/0001-50;2024-12-31;1;138597;CIA INDUSTRIAL CATAGUASES;Não-liderança;232;619;158
19.796.586/0001-70;2024-12-31;4;141567;BRISANET PARTICIPAÇÕES S.A.;Liderança;260;460;14
19.796.586/0001-70;2024-12-31;4;141567;BRISANET PARTICIPAÇÕES S.A.;Não-liderança;3710;3009;131
20.247.322/0001-47;2024-12-31;4;140565;ALLIED TECNOLOGIA S.A.;Liderança;14;212;18
20.247.322/0001-47;2024-12-31;4;140565;ALLIED TECNOLOGIA S.A.;Não-liderança;380;461;21
20.258.278/0001-70;2024-12-31;2;139805;OUROFINO S.A.;Liderança;1;110;10
20.258.278/0001-70;2024-12-31;2;139805;OUROFINO S.A.;Não-liderança;169;608;62
20.512.706/0001-40;2024-12-31;10;142123;VITRU BRASIL EMPREENDIMENTOS, PARTICIPAÇÕES E COMÉRCIO S.A.;Liderança;154;657;80
20.512.706/0001-40;2024-12-31;10;142123;VITRU BRASIL EMPREENDIMENTOS, PARTICIPAÇÕES E COMÉRCIO S.A.;Não-liderança;3468;5565;939
21.110.778/0001-23;2024-12-31;1;138521;OLIVEIRA TRUST S.A.;Liderança;1;33;4
21.110.778/0001-23;2024-12-31;1;138521;OLIVEIRA TRUST S.A.;Não-liderança;108;187;7
21.254.073/0001-80;2024-12-31;2;141367;COMPANHIA ITAUNENSE ENERGIA E PARTICIPAÇÕES;Liderança;0;0;3
21.254.073/0001-80;2024-12-31;2;141367;COMPANHIA ITAUNENSE ENERGIA E PARTICIPAÇÕES;Não-liderança;2;1;6
21.314.559/0001-66;2024-12-31;8;141731;MOVIDA PARTICIPACOES SA;Liderança;111;635;57
21.314.559/0001-66;2024-12-31;8;141731;MOVIDA PARTICIPACOES SA;Não-liderança;2566;2687;367
21.389.501/0001-81;2024-12-31;3;141710;COMPASS GÁS E ENERGIA S.A.;Liderança;1;27;3
21.389.501/0001-81;2024-12-31;3;141710;COMPASS GÁS E ENERGIA S.A.;Não-liderança;15;23;1
21.948.105/0001-47;2024-12-31;1;138601;BTGI QUARTZO PARTICIPAÇÕES S/A;Liderança;0;5;0
21.948.105/0001-47;2024-12-31;1;138601;BTGI QUARTZO PARTICIPAÇÕES S/A;Não-liderança;0;1;0
21.976.510/0001-79;2024-12-31;1;138662;BTGI SAFIRA PARTICIPAÇÕES S/A;Liderança;0;5;0
21.976.510/0001-79;2024-12-31;1;138662;BTGI SAFIRA PARTICIPAÇÕES S/A;Não-liderança;0;1;0
22.261.473/0001-85;2024-12-31;5;141411;COMPANHIA DE GÁS DE MINAS GERAIS - GASMIG;Liderança;1;35;5
22.261.473/0001-85;2024-12-31;5;141411;COMPANHIA DE GÁS DE MINAS GERAIS - GASMIG;Não-liderança;3;89;23
22.266.175/0001-88;2024-12-31;3;141917;FERTILIZANTES HERINGER S.A.;Liderança;29;135;13
22.266.175/0001-88;2024-12-31;3;141917;FERTILIZANTES HERINGER S.A.;Não-liderança;480;731;133
22.543.331/0001-00;2024-12-31;3;142144;CAIXA SEGURIDADE PARTICIPAÇÕES S.A.;Liderança;0;62;1
22.543.331/0001-00;2024-12-31;3;142144;CAIXA SEGURIDADE PARTICIPAÇÕES S.A.;Não-liderança;4;64;0
23.041.875/0001-37;2024-12-31;3;142005;ALMACENES ÉXITO S.A.;Liderança;34;581;123
23.041.875/0001-37;2024-12-31;3;142005;ALMACENES ÉXITO S.A.;Não-liderança;11886;17609;3165
23.236.821/0001-27;2024-12-31;2;141498;PATRIMAR ENGENHARIA S.A.;Liderança;7;65;14
23.236.821/0001-27;2024-12-31;2;141498;PATRIMAR ENGENHARIA S.A.;Não-liderança;362;607;206
23.373.000/0001-32;2024-12-31;6;141467;VAMOS LOCAÇÃO DE CAMINHÕES, MÁQUINAS E EQUIPAMENTOS S.A.;Liderança;23;311;69
23.373.000/0001-32;2024-12-31;6;141467;VAMOS LOCAÇÃO DE CAMINHÕES, MÁQUINAS E EQUIPAMENTOS S.A.;Não-liderança;1126;1545;391
23.438.929/0001-00;2024-12-31;4;139522;TRIPLE PLAY BRASIL PARTICIPAÇÕES S.A.;Liderança;64;179;14
23.438.929/0001-00;2024-12-31;4;139522;TRIPLE PLAY BRASIL PARTICIPAÇÕES S.A.;Não-liderança;1056;892;43
24.230.275/0001-80;2024-12-31;4;141595;PLANO & PLANO DESENVOLVIMENTO IMOBILIÁRIO S.A.;Liderança;16;140;55
24.230.275/0001-80;2024-12-31;4;141595;PLANO & PLANO DESENVOLVIMENTO IMOBILIÁRIO S.A.;Não-liderança;254;314;90
24.396.489/0001-20;2024-12-31;4;141480;BRK AMBIENTAL PARTICIPAÇÕES S.A.;Liderança;117;647;67
24.396.489/0001-20;2024-12-31;4;141480;BRK AMBIENTAL PARTICIPAÇÕES S.A.;Não-liderança;1316;3268;512
24.921.465/0001-43;2024-12-31;2;138339;BLUEFIT ACADEMIAS DE GINÁSTICA E PARTICIPAÇÕES S.A.;Liderança;6;38;1
24.921.465/0001-43;2024-12-31;2;138339;BLUEFIT ACADEMIAS DE GINÁSTICA E PARTICIPAÇÕES S.A.;Não-liderança;776;803;30
24.962.466/0001-36;2024-12-31;2;139365;RUMO MALHA NORTE S.A.;Liderança;9;256;18
24.962.466/0001-36;2024-12-31;2;139365;RUMO MALHA NORTE S.A.;Não-liderança;472;1374;127
24.990.777/0001-09;2024-12-31;3;141096;GRUPO MATEUS S.A.;Liderança;1043;2900;158
24.990.777/0001-09;2024-12-31;3;141096;GRUPO MATEUS S.A.;Não-liderança;27787;24567;1668
25.249.439/0001-83;2024-12-31;1;138605;HOSPITAL CARE CALEDONIA S.A.;Liderança;5;170;26
25.249.439/0001-83;2024-12-31;1;138605;HOSPITAL CARE CALEDONIA S.A.;Não-liderança;2082;4069;639
25.369.840/0001-57;2024-12-31;4;141606;COMERC ENERGIA S.A.;Liderança;14;115;8
25.369.840/0001-57;2024-12-31;4;141606;COMERC ENERGIA S.A.;Não-liderança;304;299;25
26.072.786/0001-46;2024-12-31;2;141423;QESTRA TECNOLOGIA ADMINISTRAÇÃO E PARTICIPAÇÕES S.A.;Liderança;0;0;29
26.072.786/0001-46;2024-12-31;2;141423;QESTRA TECNOLOGIA ADMINISTRAÇÃO E PARTICIPAÇÕES S.A.;Não-liderança;0;0;1050
26.345.998/0001-50;2024-12-31;4;141706;TC S.A.;Liderança;6;31;6
26.345.998/0001-50;2024-12-31;4;141706;TC S.A.;Não-liderança;53;70;3
26.462.693/0001-28;2024-12-31;1;138281;LAVVI EMPREENDIMENTOS IMOBILIÁRIOS S.A.;Liderança;6;59;24
26.462.693/0001-28;2024-12-31;1;138281;LAVVI EMPREENDIMENTOS IMOBILIÁRIOS S.A.;Não-liderança;92;144;74
26.659.061/0001-59;2024-12-31;6;142157;MPM CORPÓREOS S.A.;Liderança;141;571;15
26.659.061/0001-59;2024-12-31;6;142157;MPM CORPÓREOS S.A.;Não-liderança;2266;1644;22
27.093.558/0001-15;2024-12-31;7;142012;MILLS LOCAÇÃO, SERVIÇOS E LOGÍSTICA S.A.;Liderança;20;189;16
27.093.558/0001-15;2024-12-31;7;142012;MILLS LOCAÇÃO, SERVIÇOS E LOGÍSTICA S.A.;Não-liderança;823;911;125
27.743.642/0001-37;2024-12-31;3;141818;CONSTRUTORA METROCASA S.A.;Liderança;0;1;0
27.743.642/0001-37;2024-12-31;3;141818;CONSTRUTORA METROCASA S.A.;Não-liderança;0;3;0
28.127.603/0001-78;2024-12-31;4;140465;BANESTES S.A. - BCO EST ESPIRITO SANTO;Liderança;5;395;126
28.127.603/0001-78;2024-12-31;4;140465;BANESTES S.A. - BCO EST ESPIRITO SANTO;Não-liderança;104;1026;434
28.195.667/0001-06;2024-12-31;6;141948;BCO ABC BRASIL S.A.;Liderança;4;166;44
28.195.667/0001-06;2024-12-31;6;141948;BCO ABC BRASIL S.A.;Não-liderança;237;570;84
28.594.234/0001-23;2024-12-31;7;141751;AUREN ENERGIA S.A.;Liderança;0;77;9
28.594.234/0001-23;2024-12-31;7;141751;AUREN ENERGIA S.A.;Não-liderança;50;202;14
29.780.061/0001-09;2024-12-31;2;141540;SAO CARLOS EMPREEND E PARTICIPACOES S.A.;Liderança;1;23;1
29.780.061/0001-09;2024-12-31;2;141540;SAO CARLOS EMPREEND E PARTICIPACOES S.A.;Não-liderança;16;24;1
29.950.060/0001-57;2024-12-31;2;139810;NORTEC QUÍMICA S.A.;Liderança;1;17;12
29.950.060/0001-57;2024-12-31;2;139810;NORTEC QUÍMICA S.A.;Não-liderança;85;156;42
29.980.141/0001-08;2024-12-31;2;139425;OCEÂNICA ENGENHARIA E CONSULTORIA S.A.;Liderança;1;68;18
29.980.141/0001-08;2024-12-31;2;139425;OCEÂNICA ENGENHARIA E CONSULTORIA S.A.;Não-liderança;355;1394;286
30.213.493/0001-09;2024-12-31;3;142154;TEGRA INCORPORADORA S.A.;Liderança;20;158;16
30.213.493/0001-09;2024-12-31;3;142154;TEGRA INCORPORADORA S.A.;Não-liderança;68;474;344
30.306.294/0001-45;2024-12-31;4;141596;BCO BTG PACTUAL S.A.;Liderança;252;1548;239
30.306.294/0001-45;2024-12-31;4;141596;BCO BTG PACTUAL S.A.;Não-liderança;2513;1807;216
30.540.991/0001-66;2024-12-31;1;136172;HAGA S.A. INDUSTRIA E COMERCIO;Liderança;2;11;10
30.540.991/0001-66;2024-12-31;1;136172;HAGA S.A. INDUSTRIA E COMERCIO;Não-liderança;22;74;37
31.553.627/0001-01;2024-12-31;3;141862;MOBLY S.A.;Liderança;51;137;3
31.553.627/0001-01;2024-12-31;3;141862;MOBLY S.A.;Não-liderança;323;289;8
31.748.174/0001-60;2024-12-31;2;141849;VERO S.A.;Liderança;110;360;19
31.748.174/0001-60;2024-12-31;2;141849;VERO S.A.;Não-liderança;1617;1099;89
32.021.201/0001-61;2024-12-31;1;138807;ORIGEM ENERGIA S.A.;Liderança;11;171;54
32.021.201/0001-61;2024-12-31;1;138807;ORIGEM ENERGIA S.A.;Não-liderança;124;495;119
32.681.371/0001-72;2024-12-31;3;141755;VIX LOGÍSTICA S.A.;Liderança;81;569;124
32.681.371/0001-72;2024-12-31;3;141755;VIX LOGÍSTICA S.A.;Não-liderança;2423;6557;1825
32.785.497/0001-97;2024-12-31;8;142139;NATURA &CO HOLDING S.A.;Liderança;5;552;62
32.785.497/0001-97;2024-12-31;8;142139;NATURA &CO HOLDING S.A.;Não-liderança;1456;4797;813
33.000.167/0001-01;2024-12-31;12;142082;PETROLEO BRASILEIRO S.A. PETROBRAS;Liderança;12;3920;692
33.000.167/0001-01;2024-12-31;12;142082;PETROLEO BRASILEIRO S.A. PETROBRAS;Não-liderança;1220;25498;8871
33.035.536/0001-00;2024-12-31;3;139959;JOAO FORTES ENGENHARIA S.A. - EM RECUPERAÇÃO JUDICIAL;Liderança;0;15;5
33.035.536/0001-00;2024-12-31;3;139959;JOAO FORTES ENGENHARIA S.A. - EM RECUPERAÇÃO JUDICIAL;Não-liderança;16;41;25
33.040.601/0001-87;2024-12-31;3;141841;MERCANTIL FINANCEIRA S.A. - CRÉDITO, FINANCIAMENTO E INVESTI;Liderança;0;0;0
33.040.601/0001-87;2024-12-31;3;141841;MERCANTIL FINANCEIRA S.A. - CRÉDITO, FINANCIAMENTO E INVESTI;Não-liderança;0;0;0
33.041.260/0652-90;2024-12-31;6;141702;GRUPO CASAS BAHIA S.A.;Liderança;87;1265;132
33.041.260/0652-90;2024-12-31;6;141702;GRUPO CASAS BAHIA S.A.;Não-liderança;10855;19489;6130
33.042.730/0001-04;2024-12-31;3;141349;CIA SIDERURGICA NACIONAL;Liderança;58;1150;362
33.042.730/0001-04;2024-12-31;3;141349;CIA SIDERURGICA NACIONAL;Não-liderança;8734;15437;3293
33.050.071/0001-58;2024-12-31;4;142029;AMPLA ENERGIA E SERVICOS S.A.;Liderança;0;102;19
33.050.071/0001-58;2024-12-31;4;142029;AMPLA ENERGIA E SERVICOS S.A.;Não-liderança;166;1149;215
33.050.196/0001-88;2024-12-31;3;141684;CIA PAULISTA DE FORCA E LUZ;Liderança;9;176;47
33.050.196/0001-88;2024-12-31;3;141684;CIA PAULISTA DE FORCA E LUZ;Não-liderança;666;2386;356
33.102.476/0001-92;2024-12-31;2;140723;MONTEIRO ARANHA S.A.;Liderança;0;1;1
33.102.476/0001-92;2024-12-31;2;140723;MONTEIRO ARANHA S.A.;Não-liderança;9;6;6
33.113.309/0001-47;2024-12-31;5;141753;VALID SOLUÇÕES S.A.;Liderança;21;168;32
33.113.309/0001-47;2024-12-31;5;141753;VALID SOLUÇÕES S.A.;Não-liderança;860;1290;158
33.130.691/0001-05;2024-12-31;5;141648;WILSON SONS S.A.;Liderança;9;257;84
33.130.691/0001-05;2024-12-31;5;141648;WILSON SONS S.A.;Não-liderança;612;2227;731
33.200.049/0001-47;2024-12-31;3;141565;HOTEIS OTHON S.A. - EM RECUPERAÇÃO JUDICIAL;Liderança;1;30;22
33.200.049/0001-47;2024-12-31;3;141565;HOTEIS OTHON S.A. - EM RECUPERAÇÃO JUDICIAL;Não-liderança;111;186;82
33.228.024/0001-51;2024-12-31;3;141608;WLM PART. E COMÉRCIO DE MÁQUINAS E VEÍCULOS S.A.;Liderança;2;75;56
33.228.024/0001-51;2024-12-31;3;141608;WLM PART. E COMÉRCIO DE MÁQUINAS E VEÍCULOS S.A.;Não-liderança;259;443;111
33.256.439/0001-39;2024-12-31;2;141230;ULTRAPAR PARTICIPACOES S.A.;Liderança;82;1069;138
33.256.439/0001-39;2024-12-31;2;141230;ULTRAPAR PARTICIPACOES S.A.;Não-liderança;2309;5457;674
33.352.394/0001-04;2024-12-31;3;141295;CIA ESTADUAL DE ÁGUAS E ESGOTOS - CEDAE;Liderança;11;290;251
33.352.394/0001-04;2024-12-31;3;141295;CIA ESTADUAL DE ÁGUAS E ESGOTOS - CEDAE;Não-liderança;1;730;1772
33.376.989/0001-91;2024-12-31;10;141942;IRB - BRASIL RESSEGUROS S.A.;Liderança;0;37;17
33.376.989/0001-91;2024-12-31;10;141942;IRB - BRASIL RESSEGUROS S.A.;Não-liderança;43;234;49
33.386.210/0001-19;2024-12-31;1;138487;SONDOTECNICA ENGENHARIA SOLOS S.A.;Liderança;0;4;7
33.386.210/0001-19;2024-12-31;1;138487;SONDOTECNICA ENGENHARIA SOLOS S.A.;Não-liderança;69;148;76
33.453.598/0001-23;2024-03-31;21;141260;RAÍZEN S.A.;Liderança;264;1768;216
33.453.598/0001-23;2024-03-31;21;141260;RAÍZEN S.A.;Não-liderança;9265;23829;8279
33.467.572/0001-34;2024-12-31;1;138305;TEKNO S.A. - INDUSTRIA E COMERCIO;Liderança;0;31;12
33.467.572/0001-34;2024-12-31;1;138305;TEKNO S.A. - INDUSTRIA E COMERCIO;Não-liderança;57;175;74
33.541.368/0001-16;2024-12-31;4;141872;CIA HIDRO ELÉTRICA DO SÃO FRANCISCO;Liderança;0;136;18
33.541.368/0001-16;2024-12-31;4;141872;CIA HIDRO ELÉTRICA DO SÃO FRANCISCO;Não-liderança;77;1473;639
33.572.408/0001-97;2024-12-31;3;139642;RUMO MALHA CENTRAL S.A.;Liderança;37;420;28
33.572.408/0001-97;2024-12-31;3;139642;RUMO MALHA CENTRAL S.A.;Não-liderança;1706;5439;684
33.592.510/0001-54;2024-12-31;8;142079;VALE S.A.;Liderança;93;4355;916
33.592.510/0001-54;2024-12-31;8;142079;VALE S.A.;Não-liderança;8153;46312;6978
33.611.500/0001-19;2024-12-31;4;142120;GERDAU S.A.;Liderança;374;3298;879
33.611.500/0001-19;2024-12-31;4;142120;GERDAU S.A.;Não-liderança;5800;16076;3749
33.839.910/0001-11;2024-12-31;5;142050;VIVARA PARTICIPAÇÕES S.A.;Liderança;110;494;54
33.839.910/0001-11;2024-12-31;5;142050;VIVARA PARTICIPAÇÕES S.A.;Não-liderança;2258;1969;180
33.938.119/0001-69;2024-12-31;2;141267;CIA DISTRIB DE GAS DO RIO DE JANEIRO-CEG;Liderança;0;62;22
33.938.119/0001-69;2024-12-31;2;141267;CIA DISTRIB DE GAS DO RIO DE JANEIRO-CEG;Não-liderança;6;165;40
33.958.695/0001-78;2024-12-31;4;141660;UNIPAR CARBOCLORO S.A.;Liderança;3;125;83
33.958.695/0001-78;2024-12-31;4;141660;UNIPAR CARBOCLORO S.A.;Não-liderança;120;770;304
34.169.557/0001-72;2024-12-31;1;138626;BCO MERCANTIL DE INVESTIMENTOS S.A.;Liderança;1;2;0
34.169.557/0001-72;2024-12-31;1;138626;BCO MERCANTIL DE INVESTIMENTOS S.A.;Não-liderança;2;1;0
34.274.233/0001-02;2024-12-31;7;141509;VIBRA ENERGIA S/A;Liderança;1;213;73
34.274.233/0001-02;2024-12-31;7;141509;VIBRA ENERGIA S/A;Não-liderança;334;2471;429
35.727.157/0001-06;2024-12-31;2;139116;EZ INC INCORPORAÇÕES COMERCIAIS S.A.;Liderança;0;1;0
35.727.157/0001-06;2024-12-31;2;139116;EZ INC INCORPORAÇÕES COMERCIAIS S.A.;Não-liderança;4;32;10
35.791.391/0001-94;2024-12-31;2;138913;QUALITY SOFTWARE S.A.;Liderança;21;121;12
35.791.391/0001-94;2024-12-31;2;138913;QUALITY SOFTWARE S.A.;Não-liderança;898;903;71
36.542.025/0001-64;2024-12-31;3;139728;BRQ SOLUCOES EM INFORMATICA S.A.;Liderança;5;131;33
36.542.025/0001-64;2024-12-31;3;139728;BRQ SOLUCOES EM INFORMATICA S.A.;Não-liderança;714;1222;221
37.663.076/0001-07;2024-12-31;9;142049;AES BRASIL ENERGIA S.A.;Liderança;2;93;13
37.663.076/0001-07;2024-12-31;9;142049;AES BRASIL ENERGIA S.A.;Não-liderança;121;384;57
37.702.340/0001-74;2024-12-31;1;138788;MONTE RODOVIAS S.A.;Liderança;12;70;7
37.702.340/0001-74;2024-12-31;1;138788;MONTE RODOVIAS S.A.;Não-liderança;196;283;21
38.199.406/0001-18;2024-12-31;4;141736;RIO ALTO ENERGIAS RENOVÁVEIS S.A.;Liderança;4;18;2
38.199.406/0001-18;2024-12-31;4;141736;RIO ALTO ENERGIAS RENOVÁVEIS S.A.;Não-liderança;208;190;35
38.307.135/0001-77;2024-12-31;3;140951;G2D INVESTMENTS, LTD.;Liderança;0;0;0
38.307.135/0001-77;2024-12-31;3;140951;G2D INVESTMENTS, LTD.;Não-liderança;0;0;0
38.456.921/0001-36;2024-12-31;3;139851;INFRACOMMERCE CXAAS S.A.;Liderança;27;198;9
38.456.921/0001-36;2024-12-31;3;139851;INFRACOMMERCE CXAAS S.A.;Não-liderança;1098;937;38
39.115.514/0001-28;2024-12-31;2;141357;RUMO MALHA OESTE S.A.;Liderança;37;420;28
39.115.514/0001-28;2024-12-31;2;141357;RUMO MALHA OESTE S.A.;Não-liderança;1706;5439;684
39.346.861/0350-38;2024-12-31;2;139295;CENCOSUD BRASIL COMERCIAL S.A.;Liderança;39;681;157
39.346.861/0350-38;2024-12-31;2;139295;CENCOSUD BRASIL COMERCIAL S.A.;Não-liderança;4499;10458;3320
39.580.673/0001-01;2024-12-31;1;138717;BRK AMBIENTAL - REGIÃO METROPOLITANA DE MACEIÓ S.A.;Liderança;18;73;1
39.580.673/0001-01;2024-12-31;1;138717;BRK AMBIENTAL - REGIÃO METROPOLITANA DE MACEIÓ S.A.;Não-liderança;192;323;27
39.881.421/0001-04;2024-12-31;1;139337;COMPANHIA ESTADUAL DE GERAÇÃO DE ENERGIA ELÉTRICA - CEEE-G;Liderança;0;0;0
39.881.421/0001-04;2024-12-31;1;139337;COMPANHIA ESTADUAL DE GERAÇÃO DE ENERGIA ELÉTRICA - CEEE-G;Não-liderança;0;0;0
40.159.947/0001-64;2024-12-31;5;142090;HMOBI PARTICIPAÇÕES S.A.;Liderança;0;166;22
40.159.947/0001-64;2024-12-31;5;142090;HMOBI PARTICIPAÇÕES S.A.;Não-liderança;301;1461;259
40.263.170/0001-83;2024-12-31;2;139542;SOLVI ESSENCIS AMBIENTAL S.A.;Liderança;88;379;80
40.263.170/0001-83;2024-12-31;2;139542;SOLVI ESSENCIS AMBIENTAL S.A.;Não-liderança;2199;5526;2383
40.337.136/0001-06;2024-12-31;4;142077;TERRA SANTA PROPRIEDADES AGRÍCOLAS S.A.;Liderança;0;8;0
40.337.136/0001-06;2024-12-31;4;142077;TERRA SANTA PROPRIEDADES AGRÍCOLAS S.A.;Não-liderança;6;8;2
40.593.395/0001-06;2024-12-31;2;139167;IFIN PARTICIPAÇÕES S.A.;Liderança;0;3;0
40.593.395/0001-06;2024-12-31;2;139167;IFIN PARTICIPAÇÕES S.A.;Não-liderança;0;0;1
41.052.420/0001-07;2024-12-31;1;138750;SOLAR BEBIDAS S.A.;Liderança;129;1136;112
41.052.420/0001-07;2024-12-31;1;138750;SOLAR BEBIDAS S.A.;Não-liderança;5474;10489;1227
41.096.674/0001-19;2024-12-31;3;138944;CANTU STORE S.A.;Liderança;20;176;15
41.096.674/0001-19;2024-12-31;3;138944;CANTU STORE S.A.;Não-liderança;578;716;76
41.886.692/0001-02;2024-12-31;3;139416;CONCESSIONARIA ROTA DE SANTA MARIA S.A;Liderança;0;10;0
41.886.692/0001-02;2024-12-31;3;139416;CONCESSIONARIA ROTA DE SANTA MARIA S.A;Não-liderança;137;144;28
42.150.391/0001-70;2024-12-31;3;141456;BRASKEM S.A.;Liderança;10;747;228
42.150.391/0001-70;2024-12-31;3;141456;BRASKEM S.A.;Não-liderança;1267;4754;1563
42.233.757/0001-75;2024-12-31;1;138530;ALVAREZ & MARSAL INVESTIMENTOS I S.A.;Liderança;1;1;0
42.233.757/0001-75;2024-12-31;1;138530;ALVAREZ & MARSAL INVESTIMENTOS I S.A.;Não-liderança;0;0;1
42.278.291/0001-24;2024-12-31;5;141857;LOG-IN LOGISTICA INTERMODAL S.A.;Liderança;4;97;13
42.278.291/0001-24;2024-12-31;5;141857;LOG-IN LOGISTICA INTERMODAL S.A.;Não-liderança;175;694;130
42.278.473/0001-03;2024-12-31;2;139201;WIZ CO PARTICIPAÇÕES E CORRETAGEM DE SEGUROS S.A.;Liderança;22;187;16
42.278.473/0001-03;2024-12-31;2;139201;WIZ CO PARTICIPAÇÕES E CORRETAGEM DE SEGUROS S.A.;Não-liderança;507;748;43
42.331.462/0001-31;2024-12-31;2;138877;EMBPAR PARTICIPAÇÕES S/A;Liderança;0;5;1
42.331.462/0001-31;2024-12-31;2;138877;EMBPAR PARTICIPAÇÕES S/A;Não-liderança;10;12;23
42.500.384/0001-51;2024-12-31;11;141618;SERENA ENERGIA S.A.;Liderança;8;94;3
42.500.384/0001-51;2024-12-31;11;141618;SERENA ENERGIA S.A.;Não-liderança;138;135;4
42.737.954/0001-21;2024-12-31;7;141666;INTER & CO, INC.;Liderança;92;504;32
42.737.954/0001-21;2024-12-31;7;141666;INTER & CO, INC.;Não-liderança;1960;1418;65
42.771.949/0001-35;2024-12-31;5;139889;ALLIANÇA SAÚDE E PARTICIPAÇÕES S.A.;Liderança;31;334;51
42.771.949/0001-35;2024-12-31;5;139889;ALLIANÇA SAÚDE E PARTICIPAÇÕES S.A.;Não-liderança;1413;2811;406
43.283.811/0001-50;2024-12-31;1;137921;KALUNGA S.A;Liderança;38;405;78
43.283.811/0001-50;2024-12-31;1;137921;KALUNGA S.A;Não-liderança;2817;1280;182
43.470.988/0001-65;2024-12-31;4;142131;EVEN CONSTRUTORA E INCORPORADORA S.A.;Liderança;4;89;3
43.470.988/0001-65;2024-12-31;4;142131;EVEN CONSTRUTORA E INCORPORADORA S.A.;Não-liderança;280;231;42
43.513.237/0001-89;2024-12-31;7;142084;AUTOMOB S.A.;Liderança;21;280;82
43.513.237/0001-89;2024-12-31;7;142084;AUTOMOB S.A.;Não-liderança;927;1563;343
43.776.517/0001-80;2024-12-31;10;142147;CIA SANEAMENTO BASICO EST SAO PAULO;Liderança;2;344;227
43.776.517/0001-80;2024-12-31;10;142147;CIA SANEAMENTO BASICO EST SAO PAULO;Não-liderança;180;4385;6032
43.948.405/0001-69;2024-12-31;1;138278;LUPO S.A.;Liderança;28;313;97
43.948.405/0001-69;2024-12-31;1;138278;LUPO S.A.;Não-liderança;3216;4243;979
45.242.914/0001-05;2024-12-31;3;141338;C&A MODAS S.A.;Liderança;194;916;35
45.242.914/0001-05;2024-12-31;3;141338;C&A MODAS S.A.;Não-liderança;10219;4307;334
45.365.558/0001-09;2024-12-31;3;141541;VITTIA S.A.;Liderança;60;198;15
45.365.558/0001-09;2024-12-31;3;141541;VITTIA S.A.;Não-liderança;528;466;55
45.453.214/0001-51;2024-12-31;2;139214;PROFARMA DISTRIB PROD FARMACEUTICOS S.A.;Liderança;34;298;48
45.453.214/0001-51;2024-12-31;2;139214;PROFARMA DISTRIB PROD FARMACEUTICOS S.A.;Não-liderança;1646;1639;253
45.987.245/0001-92;2024-12-31;2;139465;BAHEMA EDUCAÇÃO S.A.;Liderança;14;103;84
45.987.245/0001-92;2024-12-31;2;139465;BAHEMA EDUCAÇÃO S.A.;Não-liderança;706;1299;416
46.119.855/0001-37;2024-12-31;3;142041;SOCIEDADE ABASTECIMENTO DE ÁGUA E SANEAMENTO S.A - SANASA;Liderança;0;43;91
46.119.855/0001-37;2024-12-31;3;142041;SOCIEDADE ABASTECIMENTO DE ÁGUA E SANEAMENTO S.A - SANASA;Não-liderança;73;1082;769
46.573.272/0001-81;2024-12-31;1;137359;PORTO SAÚDE PARTICIPAÇÕES S.A.;Liderança;2;58;9
46.573.272/0001-81;2024-12-31;1;137359;PORTO SAÚDE PARTICIPAÇÕES S.A.;Não-liderança;181;508;80
47.508.411/0001-56;2024-12-31;16;141737;CIA BRASILEIRA DE DISTRIBUICAO;Liderança;83;861;122
47.508.411/0001-56;2024-12-31;16;141737;CIA BRASILEIRA DE DISTRIBUICAO;Não-liderança;16140;18818;3954
47.960.950/0001-21;2024-12-31;3;141146;MAGAZINE LUIZA S.A.;Liderança;285;2008;167
47.960.950/0001-21;2024-12-31;3;141146;MAGAZINE LUIZA S.A.;Não-liderança;16696;16095;1844
49.263.189/0001-02;2024-12-31;1;138799;HELBOR EMPREENDIMENTOS S.A.;Liderança;1;56;11
49.263.189/0001-02;2024-12-31;1;138799;HELBOR EMPREENDIMENTOS S.A.;Não-liderança;97;107;13
49.669.856/0001-43;2024-12-31;1;138690;VESTE S.A. ESTILO;Liderança;52;338;42
49.669.856/0001-43;2024-12-31;1;138690;VESTE S.A. ESTILO;Não-liderança;1532;1598;208
50.564.053/0001-03;2024-12-31;5;141843;BOMBRIL S.A.;Liderança;2;99;30
50.564.053/0001-03;2024-12-31;5;141843;BOMBRIL S.A.;Não-liderança;515;1300;436
50.746.577/0001-15;2024-12-31;5;141352;COSAN S.A.;Liderança;2;40;4
50.746.577/0001-15;2024-12-31;5;141352;COSAN S.A.;Não-liderança;42;42;12
50.926.955/0001-42;2024-12-31;2;140852;VULCABRAS S.A.;Liderança;167;711;108
50.926.955/0001-42;2024-12-31;2;140852;VULCABRAS S.A.;Não-liderança;7931;7731;1351
51.128.999/0001-90;2024-12-31;2;141768;NUTRIPLANT INDUSTRIA E COMERCIO S.A.;Liderança;0;15;5
51.128.999/0001-90;2024-12-31;2;141768;NUTRIPLANT INDUSTRIA E COMERCIO S.A.;Não-liderança;0;119;72
51.430.503/0001-38;2024-12-31;1;137352;PORTO SERVIÇO S.A;Liderança;5;55;15
51.430.503/0001-38;2024-12-31;1;137352;PORTO SERVIÇO S.A;Não-liderança;190;321;42
51.466.860/0001-56;2024-03-31;10;140392;SAO MARTINHO S.A.;Liderança;50;414;93
51.466.860/0001-56;2024-03-31;10;140392;SAO MARTINHO S.A.;Não-liderança;2398;7393;2294
51.928.174/0001-50;2024-12-31;3;139433;PLASCAR PARTICIPACOES INDUSTRIAIS S.A.;Liderança;8;143;60
51.928.174/0001-50;2024-12-31;3;139433;PLASCAR PARTICIPACOES INDUSTRIAIS S.A.;Não-liderança;426;1540;376
52.548.435/0001-79;2024-12-31;9;141858;JSL S.A.;Liderança;211;1046;134
52.548.435/0001-79;2024-12-31;9;141858;JSL S.A.;Não-liderança;10173;16497;3790
53.113.791/0001-22;2024-12-31;5;141276;TOTVS S.A.;Liderança;89;1299;154
53.113.791/0001-22;2024-12-31;5;141276;TOTVS S.A.;Não-liderança;3082;6347;678
56.643.018/0001-66;2024-12-31;2;140417;EUCATEX S.A. INDUSTRIA E COMERCIO;Liderança;10;123;86
56.643.018/0001-66;2024-12-31;2;140417;EUCATEX S.A. INDUSTRIA E COMERCIO;Não-liderança;730;1606;536
56.720.428/0001-63;2024-12-31;2;142036;ROMI S.A.;Liderança;2;73;28
56.720.428/0001-63;2024-12-31;2;142036;ROMI S.A.;Não-liderança;460;810;349
56.992.423/0001-90;2024-12-31;1;137883;BICICLETAS MONARK S.A.;Liderança;0;1;5
56.992.423/0001-90;2024-12-31;1;137883;BICICLETAS MONARK S.A.;Não-liderança;13;4;7
58.119.199/0001-51;2024-12-31;4;141495;ODONTOPREV S.A.;Liderança;6;130;51
58.119.199/0001-51;2024-12-31;4;141495;ODONTOPREV S.A.;Não-liderança;555;1003;161
58.430.828/0001-60;2024-12-31;3;139654;BLAU FARMACÊUTICA S.A.;Liderança;3;105;22
58.430.828/0001-60;2024-12-31;3;139654;BLAU FARMACÊUTICA S.A.;Não-liderança;315;1119;138
59.105.999/0001-86;2024-12-31;5;141929;WHIRLPOOL S.A.;Liderança;0;148;12
59.105.999/0001-86;2024-12-31;5;141929;WHIRLPOOL S.A.;Não-liderança;3695;6039;1413
59.285.411/0001-13;2024-12-31;10;141997;BCO PAN S.A.;Liderança;50;399;23
59.285.411/0001-13;2024-12-31;10;141997;BCO PAN S.A.;Não-liderança;726;1331;80
59.418.806/0001-47;2024-12-31;3;141815;TRACK & FIELD CO S.A.;Liderança;47;117;5
59.418.806/0001-47;2024-12-31;3;141815;TRACK & FIELD CO S.A.;Não-liderança;934;445;59
59.717.553/0001-02;2024-12-31;4;142000;GRUPO MULTI S.A.;Liderança;43;318;44
59.717.553/0001-02;2024-12-31;4;142000;GRUPO MULTI S.A.;Não-liderança;1967;2015;206
59.789.545/0001-71;2024-12-31;1;137459;POLPAR S.A.;Liderança;0;0;0
59.789.545/0001-71;2024-12-31;1;137459;POLPAR S.A.;Não-liderança;0;0;0
59.981.829/0001-65;2024-12-31;1;138535;RODOBENS SA;Liderança;21;295;53
59.981.829/0001-65;2024-12-31;1;138535;RODOBENS SA;Não-liderança;1144;1376;239
60.444.437/0001-46;2024-12-31;4;141773;LIGHT SERVICOS DE ELETRICIDADE S.A.;Liderança;2;121;23
60.444.437/0001-46;2024-12-31;4;141773;LIGHT SERVICOS DE ELETRICIDADE S.A.;Não-liderança;727;2942;512
60.476.884/0001-87;2024-12-31;1;138391;MAHLE-METAL LEVE S.A.;Liderança;0;92;249
60.476.884/0001-87;2024-12-31;1;138391;MAHLE-METAL LEVE S.A.;Não-liderança;1622;4148;483
60.537.263/0001-66;2024-12-31;2;138945;ALLPARK EMPREENDIMENTOS, PARTICIPAÇÕES E SERVIÇOS S.A.;Liderança;7;206;42
60.537.263/0001-66;2024-12-31;2;138945;ALLPARK EMPREENDIMENTOS, PARTICIPAÇÕES E SERVIÇOS S.A.;Não-liderança;1737;3127;948
60.543.816/0001-93;2024-12-31;5;141473;IGUATEMI S.A.;Liderança;8;109;21
60.543.816/0001-93;2024-12-31;5;141473;IGUATEMI S.A.;Não-liderança;105;175;12
60.651.809/0001-05;2024-12-31;1;137841;SUZANO HOLDING S.A.;Liderança;0;7;1
60.651.809/0001-05;2024-12-31;1;137841;SUZANO HOLDING S.A.;Não-liderança;3;11;4
60.730.348/0001-66;2024-12-31;2;141353;CIA MELHORAMENTOS DE SAO PAULO;Liderança;0;40;16
60.730.348/0001-66;2024-12-31;2;141353;CIA MELHORAMENTOS DE SAO PAULO;Não-liderança;76;207;54
60.746.948/0001-12;2024-12-31;12;141861;BCO BRADESCO S.A.;Liderança;442;9078;1618
60.746.948/0001-12;2024-12-31;12;141861;BCO BRADESCO S.A.;Não-liderança;24063;43487;6904
60.840.055/0001-31;2024-12-31;3;141727;FLEURY S.A.;Liderança;214;1280;161
60.840.055/0001-31;2024-12-31;3;141727;FLEURY S.A.;Não-liderança;8432;10716;1597
60.851.615/0001-53;2024-12-31;1;138362;BARDELLA S.A. INDUSTRIAS MECANICAS EM RECUPERAÇÃO JUDICIAL;Liderança;0;5;5
60.851.615/0001-53;2024-12-31;1;138362;BARDELLA S.A. INDUSTRIAS MECANICAS EM RECUPERAÇÃO JUDICIAL;Não-liderança;1;41;50
60.872.504/0001-23;2024-12-31;10;142022;ITAU UNIBANCO HOLDING S.A.;Liderança;815;11443;1344
60.872.504/0001-23;2024-12-31;10;142022;ITAU UNIBANCO HOLDING S.A.;Não-liderança;31052;41437;3798
60.884.319/0001-59;2024-12-31;1;137162;NORDON INDUSTRIAS METALURGICAS S.A.;Liderança;0;0;1
60.884.319/0001-59;2024-12-31;1;137162;NORDON INDUSTRIAS METALURGICAS S.A.;Não-liderança;0;1;0
60.894.730/0001-05;2024-12-31;8;141939;USINAS SID DE MINAS GERAIS S.A.-USIMINAS;Liderança;3;206;88
60.894.730/0001-05;2024-12-31;8;141939;USINAS SID DE MINAS GERAIS S.A.-USIMINAS;Não-liderança;2816;8884;1931
61.022.042/0001-18;2024-12-31;2;141999;CONSTRUTORA ADOLPHO LINDENBERG S.A.;Liderança;3;28;3
61.022.042/0001-18;2024-12-31;2;141999;CONSTRUTORA ADOLPHO LINDENBERG S.A.;Não-liderança;34;37;28
61.065.298/0001-02;2024-12-31;1;138242;MANGELS INDUSTRIAL S.A.;Liderança;1;45;16
61.065.298/0001-02;2024-12-31;1;138242;MANGELS INDUSTRIAL S.A.;Não-liderança;693;859;231
61.065.751/0001-80;2024-12-31;7;141670;ROSSI RESIDENCIAL S.A. - EM RECUPERAÇÃO JUDICIAL;Liderança;0;16;2
61.065.751/0001-80;2024-12-31;7;141670;ROSSI RESIDENCIAL S.A. - EM RECUPERAÇÃO JUDICIAL;Não-liderança;15;38;25
61.079.117/0001-05;2024-12-31;4;139694;ALPARGATAS S.A.;Liderança;0;85;22
61.079.117/0001-05;2024-12-31;4;139694;ALPARGATAS S.A.;Não-liderança;4403;6899;566
61.080.313/0001-91;2024-12-31;1;135983;COBRASMA S.A.;Liderança;0;1;0
61.080.313/0001-91;2024-12-31;1;135983;COBRASMA S.A.;Não-liderança;0;1;0
61.082.004/0001-50;2024-12-31;2;137248;MANUFATURA DE BRINQUEDOS ESTRELA S.A.;Liderança;1;18;7
61.082.004/0001-50;2024-12-31;2;137248;MANUFATURA DE BRINQUEDOS ESTRELA S.A.;Não-liderança;342;265;140
61.088.894/0001-08;2024-12-31;1;138091;CAMBUCI S.A.;Liderança;14;102;33
61.088.894/0001-08;2024-12-31;1;138091;CAMBUCI S.A.;Não-liderança;1718;1140;104
61.156.113/0001-75;2024-12-31;4;142100;IOCHPE MAXION S.A.;Liderança;2;218;64
61.156.113/0001-75;2024-12-31;4;142100;IOCHPE MAXION S.A.;Não-liderança;1974;5210;853
61.156.931/0001-78;2024-12-31;1;137062;SIDERURGICA J. L. ALIPERTI S.A.;Liderança;0;1;2
61.156.931/0001-78;2024-12-31;1;137062;SIDERURGICA J. L. ALIPERTI S.A.;Não-liderança;6;29;15
61.186.680/0001-74;2024-12-31;7;142127;BANCO BMG S/A;Liderança;8;213;33
61.186.680/0001-74;2024-12-31;7;142127;BANCO BMG S/A;Não-liderança;249;723;56
61.189.288/0001-89;2024-12-31;3;140567;MARISA LOJAS S.A.;Liderança;172;747;29
61.189.288/0001-89;2024-12-31;3;140567;MARISA LOJAS S.A.;Não-liderança;2129;2314;240
61.190.096/0001-92;2024-12-31;5;141812;EUROFARMA LABORATÓRIOS S.A.;Liderança;9;587;103
61.190.096/0001-92;2024-12-31;5;141812;EUROFARMA LABORATÓRIOS S.A.;Não-liderança;1011;4354;498
61.351.532/0001-68;2024-12-31;8;142017;AZEVEDO E TRAVASSOS S.A.;Liderança;0;9;2
61.351.532/0001-68;2024-12-31;8;142017;AZEVEDO E TRAVASSOS S.A.;Não-liderança;16;33;22
61.374.161/0001-30;2024-12-31;1;138436;BAUMER S.A.;Liderança;0;24;15
61.374.161/0001-30;2024-12-31;1;138436;BAUMER S.A.;Não-liderança;148;170;37
61.409.892/0001-73;2024-12-31;5;142073;COMPANHIA BRASILEIRA DE ALUMÍNIO;Liderança;5;338;62
61.409.892/0001-73;2024-12-31;5;142073;COMPANHIA BRASILEIRA DE ALUMÍNIO;Não-liderança;1129;3589;424
61.486.650/0001-83;2024-12-31;5;141355;DIAGNOSTICOS DA AMERICA S.A.;Liderança;273;2238;230
61.486.650/0001-83;2024-12-31;5;141355;DIAGNOSTICOS DA AMERICA S.A.;Não-liderança;14791;27413;4239
61.532.644/0001-15;2024-12-31;3;141275;ITAÚSA S.A.;Liderança;0;11;5
61.532.644/0001-15;2024-12-31;3;141275;ITAÚSA S.A.;Não-liderança;18;40;11
61.584.140/0001-49;2024-12-31;1;138212;REDE ENERGIA PARTICIPAÇÕES S.A.;Liderança;0;0;1
61.584.140/0001-49;2024-12-31;1;138212;REDE ENERGIA PARTICIPAÇÕES S.A.;Não-liderança;0;0;1
61.585.865/0001-51;2024-12-31;1;138773;RAIA DROGASIL S.A.;Liderança;978;2942;91
61.585.865/0001-51;2024-12-31;1;138773;RAIA DROGASIL S.A.;Não-liderança;35972;15669;1564
61.856.571/0001-17;2024-12-31;5;141897;CIA GAS DE SAO PAULO - COMGAS;Liderança;2;120;9
61.856.571/0001-17;2024-12-31;5;141897;CIA GAS DE SAO PAULO - COMGAS;Não-liderança;137;731;84
62.002.886/0001-60;2024-12-31;2;142125;SAO PAULO TURISMO S.A.;Liderança;1;20;9
62.002.886/0001-60;2024-12-31;2;142125;SAO PAULO TURISMO S.A.;Não-liderança;5;86;37
62.144.175/0001-20;2024-12-31;13;142074;BCO PINE S.A;Liderança;5;61;14
62.144.175/0001-20;2024-12-31;13;142074;BCO PINE S.A;Não-liderança;97;134;13
62.232.889/0001-90;2024-12-31;1;138602;BCO DAYCOVAL S.A.;Liderança;22;409;147
62.232.889/0001-90;2024-12-31;1;138602;BCO DAYCOVAL S.A.;Não-liderança;839;1837;290
62.258.884/0001-36;2024-12-31;3;141371;INTERCEMENT BRASIL S.A.;Liderança;2;237;33
62.258.884/0001-36;2024-12-31;3;141371;INTERCEMENT BRASIL S.A.;Não-liderança;249;999;183
62.984.091/0001-02;2024-12-31;6;141816;CRUZEIRO DO SUL EDUCACIONAL S.A.;Liderança;6;196;46
62.984.091/0001-02;2024-12-31;6;141816;CRUZEIRO DO SUL EDUCACIONAL S.A.;Não-liderança;1635;4348;1511
64.904.295/0001-03;2024-02-28;5;139520;CAMIL ALIMENTOS S.A.;Liderança;11;253;57
64.904.295/0001-03;2024-02-28;5;139520;CAMIL ALIMENTOS S.A.;Não-liderança;1436;3282;818
64.904.295/0001-03;2024-02-29;2;133838;CAMIL ALIMENTOS S.A.;Liderança;11;253;57
64.904.295/0001-03;2024-02-29;2;133838;CAMIL ALIMENTOS S.A.;Não-liderança;1436;3282;818
67.010.660/0001-24;2024-12-31;4;142013;RNI NEGÓCIOS IMOBILIÁRIOS S.A.;Liderança;17;84;7
67.010.660/0001-24;2024-12-31;4;142013;RNI NEGÓCIOS IMOBILIÁRIOS S.A.;Não-liderança;175;267;38
67.571.414/0001-41;2024-12-31;6;142018;VIVER INCORPORADORA E CONSTRUTORA S.A.;Liderança;0;25;0
67.571.414/0001-41;2024-12-31;6;142018;VIVER INCORPORADORA E CONSTRUTORA S.A.;Não-liderança;19;33;4
67.620.377/0001-14;2024-12-31;2;140354;MINERVA S.A.;Liderança;199;1277;231
67.620.377/0001-14;2024-12-31;2;140354;MINERVA S.A.;Não-liderança;9233;10947;1996
68.400.225/0001-79;2024-06-30;5;139657;CLARANET TECHNOLOGY S.A.;Liderança;0;27;2
68.400.225/0001-79;2024-06-30;5;139657;CLARANET TECHNOLOGY S.A.;Não-liderança;85;95;10
71.208.516/0001-74;2024-12-31;5;141440;ALGAR TELECOM S/A;Liderança;9;221;58
71.208.516/0001-74;2024-12-31;5;141440;ALGAR TELECOM S/A;Não-liderança;829;2603;509
71.476.527/0001-35;2024-12-31;1;138501;CONSTRUTORA TENDA S.A.;Liderança;20;251;11
71.476.527/0001-35;2024-12-31;1;138501;CONSTRUTORA TENDA S.A.;Não-liderança;1127;2038;136
73.178.600/0001-18;2024-12-31;3;141700;CYRELA BRAZIL REALTY S.A.EMPREEND E PART;Liderança;36;329;23
73.178.600/0001-18;2024-12-31;3;141700;CYRELA BRAZIL REALTY S.A.EMPREEND E PART;Não-liderança;2059;3013;718
75.315.333/0001-09;2024-12-31;3;141793;ATACADÃO S.A.;Liderança;485;4399;584
75.315.333/0001-09;2024-12-31;3;141793;ATACADÃO S.A.;Não-liderança;64689;66805;13391
75.609.123/0001-23;2024-12-31;4;138498;UNIDAS LOCAÇÕES E SERVIÇOS S.A.;Liderança;3;144;19
75.609.123/0001-23;2024-12-31;4;138498;UNIDAS LOCAÇÕES E SERVIÇOS S.A.;Não-liderança;430;1345;359
76.483.817/0001-20;2024-12-31;7;142113;CIA PARANAENSE DE ENERGIA - COPEL;Liderança;1;311;88
76.483.817/0001-20;2024-12-31;7;142113;CIA PARANAENSE DE ENERGIA - COPEL;Não-liderança;13;3856;1535
76.484.013/0001-45;2024-12-31;7;142046;CIA SANEAMENTO DO PARANA - SANEPAR;Liderança;0;169;84
76.484.013/0001-45;2024-12-31;7;142046;CIA SANEAMENTO DO PARANA - SANEPAR;Não-liderança;69;2670;1731
76.535.764/0001-43;2024-12-31;9;142020;OI S.A. - EM RECUPERAÇÃO JUDICIAL;Liderança;115;914;195
76.535.764/0001-43;2024-12-31;9;142020;OI S.A. - EM RECUPERAÇÃO JUDICIAL;Não-liderança;4941;10304;2226
79.430.682/0001-22;2024-12-31;4;139377;FARMÁCIA E DROGARIA NISSEI S.A.;Liderança;116;340;21
79.430.682/0001-22;2024-12-31;4;139377;FARMÁCIA E DROGARIA NISSEI S.A.;Não-liderança;3449;2325;565
80.680.093/0001-81;2024-12-31;2;141428;SENIOR SISTEMAS S.A.;Liderança;8;195;18
80.680.093/0001-81;2024-12-31;2;141428;SENIOR SISTEMAS S.A.;Não-liderança;946;1526;117
81.243.735/0001-48;2024-12-31;11;142048;POSITIVO TECNOLOGIA S.A.;Liderança;11;193;50
81.243.735/0001-48;2024-12-31;11;142048;POSITIVO TECNOLOGIA S.A.;Não-liderança;1057;1530;159
81.616.807/0001-55;2024-12-31;1;138413;GRANJA FARIA S.A.;Liderança;22;167;7
81.616.807/0001-55;2024-12-31;1;138413;GRANJA FARIA S.A.;Não-liderança;699;1090;227
82.120.676/0001-83;2024-12-31;1;138483;ALMEIDA JUNIOR SHOPPING CENTERS S.A.;Liderança;9;74;6
82.120.676/0001-83;2024-12-31;1;138483;ALMEIDA JUNIOR SHOPPING CENTERS S.A.;Não-liderança;234;433;141
82.508.433/0001-17;2024-12-31;5;142015;CIA CATARINENSE DE AGUAS E SANEAM.-CASAN;Liderança;9;237;57
82.508.433/0001-17;2024-12-31;5;142015;CIA CATARINENSE DE AGUAS E SANEAM.-CASAN;Não-liderança;132;1543;718
82.640.558/0001-04;2024-12-31;2;138142;KARSTEN S.A.;Liderança;30;40;16
82.640.558/0001-04;2024-12-31;2;138142;KARSTEN S.A.;Não-liderança;812;1088;440
82.643.537/0001-34;2024-12-31;2;138167;ELECTRO ACO ALTONA S.A.;Liderança;7;80;5
82.643.537/0001-34;2024-12-31;2;138167;ELECTRO ACO ALTONA S.A.;Não-liderança;425;739;106
82.901.000/0001-27;2024-12-31;1;138561;INTELBRAS S.A. IND. DE TELECOMUNICAÇÃO ELETRÔNICA BRASILEIRA;Liderança;9;272;35
82.901.000/0001-27;2024-12-31;1;138561;INTELBRAS S.A. IND. DE TELECOMUNICAÇÃO ELETRÔNICA BRASILEIRA;Não-liderança;1927;2462;270
82.982.075/0001-80;2024-12-31;2;137679;TEXTIL RENAUXVIEW S.A.;Liderança;1;36;5
82.982.075/0001-80;2024-12-31;2;137679;TEXTIL RENAUXVIEW S.A.;Não-liderança;94;237;77
83.475.913/0001-91;2024-12-31;3;139857;PBG S/A;Liderança;21;212;45
83.475.913/0001-91;2024-12-31;3;139857;PBG S/A;Não-liderança;1330;2060;299
83.878.892/0001-55;2024-12-31;7;142150;CENTRAIS ELET DE SANTA CATARINA S.A.;Liderança;47;400;115
83.878.892/0001-55;2024-12-31;7;142150;CENTRAIS ELET DE SANTA CATARINA S.A.;Não-liderança;346;2082;776
84.429.695/0001-11;2024-12-31;3;141392;WEG S.A.;Liderança;42;1426;493
84.429.695/0001-11;2024-12-31;3;141392;WEG S.A.;Não-liderança;13533;20296;3715
84.683.374/0001-49;2024-12-31;5;141764;TUPY S.A.;Liderança;24;513;173
84.683.374/0001-49;2024-12-31;5;141764;TUPY S.A.;Não-liderança;5602;11054;2443
84.683.408/0001-03;2024-12-31;4;142129;DOHLER S.A.;Liderança;45;50;170
84.683.408/0001-03;2024-12-31;4;142129;DOHLER S.A.;Não-liderança;1089;1213;397
84.683.671/0001-94;2024-12-31;2;141224;WETZEL S.A.;Liderança;0;31;5
84.683.671/0001-94;2024-12-31;2;141224;WETZEL S.A.;Não-liderança;226;546;130
84.693.183/0001-68;2024-12-31;3;139230;SCHULZ S.A.;Liderança;0;92;41
84.693.183/0001-68;2024-12-31;3;139230;SCHULZ S.A.;Não-liderança;1036;1884;406
85.041.333/0001-11;2024-12-31;1;138558;PORTO PONTA DO FELIX S/A;Liderança;1;5;4
85.041.333/0001-11;2024-12-31;1;138558;PORTO PONTA DO FELIX S/A;Não-liderança;66;144;44
85.778.074/0001-06;2024-12-31;3;138108;METALURGICA RIOSULENSE S.A.;Liderança;4;38;8
85.778.074/0001-06;2024-12-31;3;138108;METALURGICA RIOSULENSE S.A.;Não-liderança;233;418;102
86.375.425/0001-09;2024-12-31;3;141384;METISA METALURGICA TIMBOENSE S.A.;Liderança;0;9;19
86.375.425/0001-09;2024-12-31;3;141384;METISA METALURGICA TIMBOENSE S.A.;Não-liderança;274;622;156
87.043.832/0001-73;2024-12-31;3;140596;SEIVA S.A. - FLORESTAS E INDÚSTRIAS;Liderança;0;0;3
87.043.832/0001-73;2024-12-31;3;140596;SEIVA S.A. - FLORESTAS E INDÚSTRIAS;Não-liderança;0;1;0
87.456.562/0001-22;2024-12-31;1;138655;JOSAPAR-JOAQUIM OLIVEIRA S.A. - PARTICIP;Liderança;0;10;13
87.456.562/0001-22;2024-12-31;1;138655;JOSAPAR-JOAQUIM OLIVEIRA S.A. - PARTICIP;Não-liderança;392;729;267
87.762.563/0001-03;2024-12-31;2;139353;CIA HABITASUL DE PARTICIPACOES;Liderança;0;22;13
87.762.563/0001-03;2024-12-31;2;139353;CIA HABITASUL DE PARTICIPACOES;Não-liderança;58;120;29
87.870.952/0001-44;2024-12-31;2;140065;BORRACHAS VIPAL S.A.;Liderança;3;89;22
87.870.952/0001-44;2024-12-31;2;140065;BORRACHAS VIPAL S.A.;Não-liderança;948;1387;191
88.610.126/0001-29;2024-12-31;5;141922;FRAS-LE S.A.;Liderança;4;131;28
88.610.126/0001-29;2024-12-31;5;141922;FRAS-LE S.A.;Não-liderança;1505;3007;500
88.610.191/0001-54;2024-12-31;2;141694;MUNDIAL S.A. - PRODUTOS DE CONSUMO;Liderança;17;61;30
88.610.191/0001-54;2024-12-31;2;141694;MUNDIAL S.A. - PRODUTOS DE CONSUMO;Não-liderança;925;841;329
88.611.835/0001-29;2024-12-31;3;141385;MARCOPOLO S.A.;Liderança;35;557;73
88.611.835/0001-29;2024-12-31;3;141385;MARCOPOLO S.A.;Não-liderança;3989;5834;1083
88.613.658/0001-10;2024-06-30;5;139863;PETTENATI S.A. INDUSTRIA TEXTIL;Liderança;4;50;24
88.613.658/0001-10;2024-06-30;5;139863;PETTENATI S.A. INDUSTRIA TEXTIL;Não-liderança;558;613;128
89.086.144/0001-16;2024-12-31;3;141604;RANDON S.A. IMPLEMENTOS E PARTICIPACOES;Liderança;36;438;79
89.086.144/0001-16;2024-12-31;3;141604;RANDON S.A. IMPLEMENTOS E PARTICIPACOES;Não-liderança;5076;8481;1347
89.096.457/0001-55;2024-12-31;4;141989;SLC AGRICOLA S.A.;Liderança;65;316;36
89.096.457/0001-55;2024-12-31;4;141989;SLC AGRICOLA S.A.;Não-liderança;2921;2062;357
89.463.822/0001-12;2024-12-31;9;141693;LUPATECH S.A;Liderança;0;27;6
89.463.822/0001-12;2024-12-31;9;141693;LUPATECH S.A;Não-liderança;65;240;83
89.637.490/0001-45;2024-12-31;4;142114;KLABIN S.A.;Liderança;99;1250;242
89.637.490/0001-45;2024-12-31;4;142114;KLABIN S.A.;Não-liderança;4665;9652;1617
89.850.341/0001-60;2024-12-31;3;141998;GRENDENE S.A.;Liderança;44;451;77
89.850.341/0001-60;2024-12-31;3;141998;GRENDENE S.A.;Não-liderança;7482;7895;1140
90.076.886/0001-40;2024-12-31;2;139398;MINUPAR PARTICIPACOES S.A.;Liderança;8;34;6
90.076.886/0001-40;2024-12-31;2;139398;MINUPAR PARTICIPACOES S.A.;Não-liderança;791;1235;553
90.400.888/0001-42;2024-12-31;6;141520;BCO SANTANDER (BRASIL) S.A.;Liderança;465;779;121
90.400.888/0001-42;2024-12-31;6;141520;BCO SANTANDER (BRASIL) S.A.;Não-liderança;18495;30947;4804
90.441.460/0001-48;2024-12-31;2;141584;UNICASA INDÚSTRIA DE MÓVEIS S.A.;Liderança;1;43;0
90.441.460/0001-48;2024-12-31;2;141584;UNICASA INDÚSTRIA DE MÓVEIS S.A.;Não-liderança;148;305;35
91.333.666/0001-17;2024-12-31;2;141243;RECRUSUL S.A.;Liderança;0;8;2
91.333.666/0001-17;2024-12-31;2;141243;RECRUSUL S.A.;Não-liderança;30;40;36
91.669.747/0001-92;2024-12-31;1;138220;DM FINANCEIRA S.A. - CRÉDITO, FINANCIAMENTO E INVESTIMENTO;Liderança;0;0;0
91.669.747/0001-92;2024-12-31;1;138220;DM FINANCEIRA S.A. - CRÉDITO, FINANCIAMENTO E INVESTIMENTO;Não-liderança;0;0;0
91.983.056/0001-69;2024-12-31;6;142078;KEPLER WEBER S.A.;Liderança;15;111;10
91.983.056/0001-69;2024-12-31;6;142078;KEPLER WEBER S.A.;Não-liderança;503;862;176
92.012.467/0001-70;2024-12-31;4;139700;GRAZZIOTIN S.A.;Liderança;165;273;0
92.012.467/0001-70;2024-12-31;4;139700;GRAZZIOTIN S.A.;Não-liderança;1492;624;175
92.660.570/0001-26;2024-12-31;2;139769;TREVISA INVESTIMENTOS S.A.;Liderança;0;26;23
92.660.570/0001-26;2024-12-31;2;139769;TREVISA INVESTIMENTOS S.A.;Não-liderança;56;151;60
92.665.611/0001-77;2024-12-31;3;141597;DIMED S.A. DISTRIBUIDORA DE MEDICAMENTOS;Liderança;136;516;30
92.665.611/0001-77;2024-12-31;3;141597;DIMED S.A. DISTRIBUIDORA DE MEDICAMENTOS;Não-liderança;4238;3473;554
92.690.783/0001-09;2024-12-31;4;142119;METALURGICA GERDAU S.A.;Liderança;374;3298;879
92.690.783/0001-09;2024-12-31;4;142119;METALURGICA GERDAU S.A.;Não-liderança;5800;16076;3749
92.693.019/0001-89;2024-12-31;2;141701;PANATLANTICA S.A.;Liderança;4;28;21
92.693.019/0001-89;2024-12-31;2;141701;PANATLANTICA S.A.;Não-liderança;133;287;85
92.702.067/0001-96;2024-12-31;8;142092;BCO ESTADO DO RIO GRANDE DO SUL S.A.;Liderança;5;769;285
92.702.067/0001-96;2024-12-31;8;142092;BCO ESTADO DO RIO GRANDE DO SUL S.A.;Não-liderança;626;5419;1985
92.715.812/0001-31;2024-12-31;5;141677;CPFL TRANSMISSÃO S.A.;Liderança;1;46;8
92.715.812/0001-31;2024-12-31;5;141677;CPFL TRANSMISSÃO S.A.;Não-liderança;27;373;94
92.721.232/0001-57;2024-12-31;3;139024;BANRISUL ARMAZENS GERAIS SA;Liderança;0;24;11
92.721.232/0001-57;2024-12-31;3;139024;BANRISUL ARMAZENS GERAIS SA;Não-liderança;0;21;11
92.749.225/0001-63;2024-12-31;1;138798;HERCULES S.A. FABRICA DE TALHERES;Liderança;0;1;7
92.749.225/0001-63;2024-12-31;1;138798;HERCULES S.A. FABRICA DE TALHERES;Não-liderança;0;0;1
92.754.738/0001-62;2024-12-31;4;142088;LOJAS RENNER S.A.;Liderança;598;2235;79
92.754.738/0001-62;2024-12-31;4;142088;LOJAS RENNER S.A.;Não-liderança;12884;7858;710
92.781.335/0001-02;2024-12-31;5;141956;TAURUS ARMAS S.A.;Liderança;19;165;12
92.781.335/0001-02;2024-12-31;5;141956;TAURUS ARMAS S.A.;Não-liderança;694;1260;262
92.791.243/0001-03;2024-12-31;2;139334;IRANI PAPEL E EMBALAGEM S.A.;Liderança;13;138;39
92.791.243/0001-03;2024-12-31;2;139334;IRANI PAPEL E EMBALAGEM S.A.;Não-liderança;763;1134;261
93.828.986/0001-73;2024-12-31;1;137868;CEMEPE INVESTIMENTOS S.A.;Liderança;0;0;2
93.828.986/0001-73;2024-12-31;1;137868;CEMEPE INVESTIMENTOS S.A.;Não-liderança;0;0;2
94.813.102/0001-70;2024-12-31;2;141339;TRÊS TENTOS AGROINDUSTRIAL S/A;Liderança;82;394;40
94.813.102/0001-70;2024-12-31;2;141339;TRÊS TENTOS AGROINDUSTRIAL S/A;Não-liderança;726;798;191
95.426.862/0001-97;2024-12-31;2;138871;EXCELSIOR ALIMENTOS S.A.;Liderança;2;20;6
95.426.862/0001-97;2024-12-31;2;138871;EXCELSIOR ALIMENTOS S.A.;Não-liderança;137;305;102
96.298.013/0001-68;2024-12-31;4;142024;PACAEMBU CONSTRUTORA S.A.;Liderança;8;103;11
96.298.013/0001-68;2024-12-31;4;142024;PACAEMBU CONSTRUTORA S.A.;Não-liderança;313;364;77
96.418.264/0218-02;2024-12-31;4;142027;LOJAS QUERO QUERO S.A.;Liderança;166;655;64
96.418.264/0218-02;2024-12-31;4;142027;LOJAS QUERO QUERO S.A.;Não-liderança;3949;3022;540
97.191.902/0001-94;2024-12-31;3;141611;CONSERVAS ODERICH S.A.;Liderança;21;73;41
97.191.902/0001-94;2024-12-31;3;141611;CONSERVAS ODERICH S.A.;Não-liderança;676;937;394
97.837.181/0001-47;2024-12-31;9;142007;DEXCO S.A.;Liderança;94;652;96
97.837.181/0001-47;2024-12-31;9;142007;DEXCO S.A.;Não-liderança;3514;6374;967
